timestamp,code,msg_type
2026-08-05T09:21:43.021,03196T,depth
2026-08-05T09:21:43.084,03197T,depth
2026-08-05T09:21:43.084,03194T,depth
2026-08-05T09:21:43.084,03195T,depth
2026-08-05T09:21:43.541,03197T,depth
2026-08-05T09:21:43.616,03195T,depth
2026-08-05T09:21:43.618,03196T,depth
2026-08-05T09:21:43.618,03194T,depth
2026-08-05T09:21:47.444,03194T,depth
2026-08-05T09:21:47.519,03195T,depth
2026-08-05T09:21:47.519,03196T,depth
2026-08-05T09:21:47.519,03197T,depth
2026-08-05T09:21:47.982,03196T,depth
2026-08-05T09:21:48.061,03194T,depth
2026-08-05T09:21:48.061,03197T,depth
2026-08-05T09:21:48.061,03195T,depth
2026-08-05T09:21:52.858,03196T,depth
2026-08-05T09:21:52.929,03197T,depth
2026-08-05T09:21:52.931,03194T,depth
2026-08-05T09:21:52.931,03195T,depth
2026-08-05T09:21:53.158,03182T,depth
2026-08-05T09:21:53.228,03077T,depth
2026-08-05T09:21:53.230,03011T,depth
2026-08-05T09:21:53.230,03046T,depth
2026-08-05T09:21:53.384,03196T,depth
2026-08-05T09:21:53.450,03197T,depth
2026-08-05T09:21:53.450,03194T,depth
2026-08-05T09:21:53.453,03195T,depth
2026-08-05T09:21:53.798,03077T,depth
2026-08-05T09:21:53.862,03046T,depth
2026-08-05T09:21:54.917,03011T,depth
2026-08-05T09:21:55.031,03182T,depth
2026-08-05T09:21:56.052,030573,depth
2026-08-05T09:21:58.032,03105T,depth
2026-08-05T09:21:58.109,03197T,depth
2026-08-05T09:21:58.109,03080T,depth
2026-08-05T09:21:58.109,03196T,depth
2026-08-05T09:21:58.109,03195T,depth
2026-08-05T09:21:58.109,03194T,depth
2026-08-05T09:21:58.557,03194T,depth
2026-08-05T09:21:58.636,03196T,depth
2026-08-05T09:21:58.636,03195T,depth
2026-08-05T09:21:58.636,03197T,depth
2026-08-05T09:21:59.692,03105T,depth
2026-08-05T09:21:59.756,03080T,depth
2026-08-05T09:22:00.171,03197T,depth
2026-08-05T09:22:00.236,03196T,depth
2026-08-05T09:22:00.236,03195T,depth
2026-08-05T09:22:00.236,03194T,depth
2026-08-05T09:22:00.685,03197T,depth
2026-08-05T09:22:00.746,03195T,depth
2026-08-05T09:22:00.749,03194T,depth
2026-08-05T09:22:00.922,03196T,depth
2026-08-05T09:22:05.980,03195T,depth
2026-08-05T09:22:06.055,03194T,depth
2026-08-05T09:22:06.055,03197T,depth
2026-08-05T09:22:06.055,03196T,depth
2026-08-05T09:22:06.058,03074T,depth
2026-08-05T09:22:06.058,03074T,depth
2026-08-05T09:22:06.488,03197T,depth
2026-08-05T09:22:06.563,03194T,depth
2026-08-05T09:22:06.563,03196T,depth
2026-08-05T09:22:06.563,03195T,depth
2026-08-05T09:22:06.674,03195T,depth
2026-08-05T09:22:06.737,03194T,depth
2026-08-05T09:22:06.739,03197T,depth
2026-08-05T09:22:06.739,03080T,depth
2026-08-05T09:22:06.739,03196T,depth
2026-08-05T09:22:06.739,03105T,depth
2026-08-05T09:22:07.229,03196T,depth
2026-08-05T09:22:07.292,03194T,depth
2026-08-05T09:22:07.292,03197T,depth
2026-08-05T09:22:07.292,03195T,depth
2026-08-05T09:22:07.292,03197T,depth
2026-08-05T09:22:07.292,03196T,depth
2026-08-05T09:22:07.292,03195T,depth
2026-08-05T09:22:07.292,03194T,depth
2026-08-05T09:22:07.830,03196T,depth
2026-08-05T09:22:07.903,03194T,depth
2026-08-05T09:22:07.903,03197T,depth
2026-08-05T09:22:07.903,03195T,depth
2026-08-05T09:22:08.350,03105T,depth
2026-08-05T09:22:08.409,03080T,depth
2026-08-05T09:22:09.399,03195T,depth
2026-08-05T09:22:09.468,03194T,depth
2026-08-05T09:22:09.468,03197T,depth
2026-08-05T09:22:09.468,03196T,depth
2026-08-05T09:22:09.468,03080T,depth
2026-08-05T09:22:09.533,03105T,depth
2026-08-05T09:22:09.933,03194T,depth
2026-08-05T09:22:10.012,03196T,depth
2026-08-05T09:22:10.012,03197T,depth
2026-08-05T09:22:10.012,03195T,depth
2026-08-05T09:22:11.132,03105T,depth
2026-08-05T09:22:11.195,03080T,depth
2026-08-05T09:22:12.675,03195T,depth
2026-08-05T09:22:12.743,03194T,depth
2026-08-05T09:22:12.743,03197T,depth
2026-08-05T09:22:12.743,03196T,depth
2026-08-05T09:22:13.201,03195T,depth
2026-08-05T09:22:13.273,03194T,depth
2026-08-05T09:22:13.273,03197T,depth
2026-08-05T09:22:13.275,03196T,depth
2026-08-05T09:22:13.833,03197T,depth
2026-08-05T09:22:13.912,03196T,depth
2026-08-05T09:22:13.912,03195T,depth
2026-08-05T09:22:13.912,03194T,depth
2026-08-05T09:22:14.362,03195T,depth
2026-08-05T09:22:14.441,03197T,depth
2026-08-05T09:22:14.570,03194T,depth
2026-08-05T09:22:14.649,03196T,depth
2026-08-05T09:22:15.371,03197T,depth
2026-08-05T09:22:15.444,03196T,depth
2026-08-05T09:22:15.444,03194T,depth
2026-08-05T09:22:15.444,03195T,depth
2026-08-05T09:22:15.930,03195T,depth
2026-08-05T09:22:16.006,03197T,depth
2026-08-05T09:22:16.006,03194T,depth
2026-08-05T09:22:16.006,03196T,depth
2026-08-05T09:22:17.833,03077T,depth
2026-08-05T09:22:17.902,03182T,depth
2026-08-05T09:22:17.902,03011T,depth
2026-08-05T09:22:17.902,03046T,depth
2026-08-05T09:22:18.350,03011T,depth
2026-08-05T09:22:18.414,03046T,depth
2026-08-05T09:22:18.414,03182T,depth
2026-08-05T09:22:18.414,03077T,depth
2026-08-05T09:22:18.720,03195T,depth
2026-08-05T09:22:18.799,03194T,depth
2026-08-05T09:22:18.801,03197T,depth
2026-08-05T09:22:18.801,03196T,depth
2026-08-05T09:22:19.247,03046T,depth
2026-08-05T09:22:19.311,03197T,depth
2026-08-05T09:22:19.311,03195T,depth
2026-08-05T09:22:19.313,03077T,depth
2026-08-05T09:22:19.313,03196T,depth
2026-08-05T09:22:19.313,03046T,depth
2026-08-05T09:22:19.313,03194T,depth
2026-08-05T09:22:19.313,03077T,depth
2026-08-05T09:22:20.413,03182T,depth
2026-08-05T09:22:20.493,03182T,depth
2026-08-05T09:22:20.495,03011T,depth
2026-08-05T09:22:20.552,03011T,depth
2026-08-05T09:22:21.804,03195T,depth
2026-08-05T09:22:21.804,03194T,depth
2026-08-05T09:22:21.811,03197T,depth
2026-08-05T09:22:21.811,03196T,depth
2026-08-05T09:22:22.301,03196T,depth
2026-08-05T09:22:22.384,03194T,depth
2026-08-05T09:22:22.386,03197T,depth
2026-08-05T09:22:22.386,03195T,depth
2026-08-05T09:22:25.144,03194T,depth
2026-08-05T09:22:25.208,03195T,depth
2026-08-05T09:22:25.208,03196T,depth
2026-08-05T09:22:25.208,03197T,depth
2026-08-05T09:22:25.556,03011T,depth
2026-08-05T09:22:25.639,03182T,depth
2026-08-05T09:22:25.639,03077T,depth
2026-08-05T09:22:25.639,03046T,depth
2026-08-05T09:22:25.704,03194T,depth
2026-08-05T09:22:25.704,03196T,depth
2026-08-05T09:22:25.767,03195T,depth
2026-08-05T09:22:25.767,03197T,depth
2026-08-05T09:22:26.681,03046T,depth
2026-08-05T09:22:26.761,03077T,depth
2026-08-05T09:22:26.761,03182T,depth
2026-08-05T09:22:26.921,03011T,depth
2026-08-05T09:22:27.732,03197T,depth
2026-08-05T09:22:27.799,03196T,depth
2026-08-05T09:22:27.801,03195T,depth
2026-08-05T09:22:27.801,03194T,depth
2026-08-05T09:22:28.249,03196T,depth
2026-08-05T09:22:28.313,03194T,depth
2026-08-05T09:22:28.313,03195T,depth
2026-08-05T09:22:28.378,03197T,depth
2026-08-05T09:22:30.953,03195T,depth
2026-08-05T09:22:31.032,03194T,depth
2026-08-05T09:22:31.032,03197T,depth
2026-08-05T09:22:31.032,03196T,depth
2026-08-05T09:22:31.525,03194T,depth
2026-08-05T09:22:31.594,03195T,depth
2026-08-05T09:22:31.594,03196T,depth
2026-08-05T09:22:31.594,03197T,depth
2026-08-05T09:22:39.037,03197T,depth
2026-08-05T09:22:39.100,03196T,depth
2026-08-05T09:22:39.100,03195T,depth
2026-08-05T09:22:39.100,03194T,depth
2026-08-05T09:22:39.583,03196T,depth
2026-08-05T09:22:39.647,03194T,depth
2026-08-05T09:22:39.647,03197T,depth
2026-08-05T09:22:39.647,03195T,depth
2026-08-05T09:22:40.873,03182T,depth
2026-08-05T09:22:40.952,03077T,depth
2026-08-05T09:22:40.952,03046T,depth
2026-08-05T09:22:40.954,03011T,depth
2026-08-05T09:22:41.521,03077T,depth
2026-08-05T09:22:41.591,03046T,depth
2026-08-05T09:22:42.617,03011T,depth
2026-08-05T09:22:42.680,03182T,depth
2026-08-05T09:22:44.787,03196T,depth
2026-08-05T09:22:44.871,03197T,depth
2026-08-05T09:22:44.873,03194T,depth
2026-08-05T09:22:44.873,03195T,depth
2026-08-05T09:22:45.128,03182T,depth
2026-08-05T09:22:45.209,03077T,depth
2026-08-05T09:22:45.209,03046T,depth
2026-08-05T09:22:45.209,03011T,depth
2026-08-05T09:22:45.322,03197T,depth
2026-08-05T09:22:45.380,03195T,depth
2026-08-05T09:22:45.380,03196T,depth
2026-08-05T09:22:45.380,03194T,depth
2026-08-05T09:22:45.781,03046T,depth
2026-08-05T09:22:45.844,03077T,depth
2026-08-05T09:22:46.836,03182T,depth
2026-08-05T09:22:46.904,03011T,depth
2026-08-05T09:22:48.289,03197T,depth
2026-08-05T09:22:48.363,03196T,depth
2026-08-05T09:22:48.363,03194T,depth
2026-08-05T09:22:48.363,03195T,depth
2026-08-05T09:22:48.817,03196T,depth
2026-08-05T09:22:48.893,03194T,depth
2026-08-05T09:22:48.895,03197T,depth
2026-08-05T09:22:48.895,03195T,depth
2026-08-05T09:22:49.032,030573,match
2026-08-05T09:22:49.096,030573,depth
2026-08-05T09:22:49.866,03046T,depth
2026-08-05T09:22:49.948,03011T,depth
2026-08-05T09:22:49.948,03182T,depth
2026-08-05T09:22:49.948,03077T,depth
2026-08-05T09:22:50.474,03046T,depth
2026-08-05T09:22:50.541,03011T,depth
2026-08-05T09:22:50.541,03077T,depth
2026-08-05T09:22:50.541,03182T,depth
2026-08-05T09:22:51.123,03046T,depth
2026-08-05T09:22:51.193,03046T,depth
2026-08-05T09:22:51.193,03077T,depth
2026-08-05T09:22:51.271,03077T,depth
2026-08-05T09:22:52.016,03011T,depth
2026-08-05T09:22:52.074,03011T,depth
2026-08-05T09:22:52.074,03182T,depth
2026-08-05T09:22:52.139,03182T,depth
2026-08-05T09:22:55.811,03163T,match
2026-08-05T09:22:55.894,03163T,depth
2026-08-05T09:22:59.301,03195T,depth
2026-08-05T09:22:59.369,03194T,depth
2026-08-05T09:22:59.369,03080T,depth
2026-08-05T09:22:59.371,03197T,depth
2026-08-05T09:22:59.371,03196T,depth
2026-08-05T09:22:59.371,03105T,depth
2026-08-05T09:22:59.834,03195T,depth
2026-08-05T09:22:59.912,03197T,depth
2026-08-05T09:22:59.912,03194T,depth
2026-08-05T09:22:59.912,03196T,depth
2026-08-05T09:23:00.060,03195T,depth
2026-08-05T09:23:00.136,03194T,depth
2026-08-05T09:23:00.138,03197T,depth
2026-08-05T09:23:00.138,03196T,depth
2026-08-05T09:23:00.242,03011T,depth
2026-08-05T09:23:00.306,03046T,depth
2026-08-05T09:23:00.306,03182T,depth
2026-08-05T09:23:00.314,03077T,depth
2026-08-05T09:23:00.577,03195T,depth
2026-08-05T09:23:00.646,03197T,depth
2026-08-05T09:23:00.646,03196T,depth
2026-08-05T09:23:00.646,03194T,depth
2026-08-05T09:23:00.979,03105T,depth
2026-08-05T09:23:01.054,03080T,depth
2026-08-05T09:23:01.683,03046T,depth
2026-08-05T09:23:01.750,03077T,depth
2026-08-05T09:23:01.809,03182T,depth
2026-08-05T09:23:01.809,03011T,depth
2026-08-05T09:23:03.044,03046T,depth
2026-08-05T09:23:03.122,03182T,depth
2026-08-05T09:23:03.124,03077T,depth
2026-08-05T09:23:03.124,03011T,depth
2026-08-05T09:23:03.835,03046T,depth
2026-08-05T09:23:04.042,03077T,depth
2026-08-05T09:23:04.898,03182T,depth
2026-08-05T09:23:04.963,03011T,depth
2026-08-05T09:23:05.111,03105T,depth
2026-08-05T09:23:05.173,03195T,depth
2026-08-05T09:23:05.173,03194T,depth
2026-08-05T09:23:05.173,03197T,depth
2026-08-05T09:23:05.173,03080T,depth
2026-08-05T09:23:05.173,03196T,depth
2026-08-05T09:23:05.615,03197T,depth
2026-08-05T09:23:05.690,03195T,depth
2026-08-05T09:23:05.698,03196T,depth
2026-08-05T09:23:05.698,03194T,depth
2026-08-05T09:23:06.214,03046T,depth
2026-08-05T09:23:06.277,03182T,depth
2026-08-05T09:23:06.277,03077T,depth
2026-08-05T09:23:06.277,03011T,depth
2026-08-05T09:23:06.770,03105T,depth
2026-08-05T09:23:06.850,03080T,depth
2026-08-05T09:23:06.979,03046T,depth
2026-08-05T09:23:07.056,03077T,depth
2026-08-05T09:23:08.094,03182T,depth
2026-08-05T09:23:08.182,03011T,depth
2026-08-05T09:23:10.809,03080T,depth
2026-08-05T09:23:10.886,03197T,depth
2026-08-05T09:23:10.888,03196T,depth
2026-08-05T09:23:10.888,03105T,depth
2026-08-05T09:23:10.888,03195T,depth
2026-08-05T09:23:10.888,03194T,depth
2026-08-05T09:23:11.345,03195T,depth
2026-08-05T09:23:11.415,03197T,depth
2026-08-05T09:23:11.415,03196T,depth
2026-08-05T09:23:11.415,03194T,depth
2026-08-05T09:23:11.978,03197T,depth
2026-08-05T09:23:12.046,03196T,depth
2026-08-05T09:23:12.047,03195T,depth
2026-08-05T09:23:12.047,03194T,depth
2026-08-05T09:23:12.467,03105T,depth
2026-08-05T09:23:12.538,03196T,depth
2026-08-05T09:23:12.538,03194T,depth
2026-08-05T09:23:12.540,03197T,depth
2026-08-05T09:23:12.540,03195T,depth
2026-08-05T09:23:12.540,03080T,depth
2026-08-05T09:23:12.951,03197T,depth
2026-08-05T09:23:13.029,03196T,depth
2026-08-05T09:23:13.029,03195T,depth
2026-08-05T09:23:13.029,03194T,depth
2026-08-05T09:23:13.485,03196T,depth
2026-08-05T09:23:13.555,03194T,depth
2026-08-05T09:23:13.555,03197T,depth
2026-08-05T09:23:13.555,03195T,depth
2026-08-05T09:23:16.001,03197T,depth
2026-08-05T09:23:16.066,03196T,depth
2026-08-05T09:23:16.066,03195T,depth
2026-08-05T09:23:16.066,03194T,depth
2026-08-05T09:23:16.497,03197T,depth
2026-08-05T09:23:16.571,03194T,depth
2026-08-05T09:23:16.576,03196T,depth
2026-08-05T09:23:16.576,03195T,depth
2026-08-05T09:23:23.546,03197T,depth
2026-08-05T09:23:23.625,03196T,depth
2026-08-05T09:23:23.627,03195T,depth
2026-08-05T09:23:23.627,03194T,depth
2026-08-05T09:23:24.074,03194T,depth
2026-08-05T09:23:24.135,03196T,depth
2026-08-05T09:23:24.135,03197T,depth
2026-08-05T09:23:24.135,03195T,depth
2026-08-05T09:23:25.720,03195T,depth
2026-08-05T09:23:25.782,03194T,depth
2026-08-05T09:23:25.784,03197T,depth
2026-08-05T09:23:25.784,03196T,depth
2026-08-05T09:23:26.227,03196T,depth
2026-08-05T09:23:26.294,03194T,depth
2026-08-05T09:23:26.294,03197T,depth
2026-08-05T09:23:26.294,03195T,depth
2026-08-05T09:23:27.208,03195T,depth
2026-08-05T09:23:27.294,03194T,depth
2026-08-05T09:23:27.294,03197T,depth
2026-08-05T09:23:27.294,03196T,depth
2026-08-05T09:23:27.452,03046T,depth
2026-08-05T09:23:27.531,03011T,depth
2026-08-05T09:23:27.533,03182T,depth
2026-08-05T09:23:27.533,03077T,depth
2026-08-05T09:23:27.740,03195T,depth
2026-08-05T09:23:27.815,03197T,depth
2026-08-05T09:23:27.822,03196T,depth
2026-08-05T09:23:27.822,03194T,depth
2026-08-05T09:23:28.180,03046T,depth
2026-08-05T09:23:28.259,03077T,depth
2026-08-05T09:23:29.022,03195T,depth
2026-08-05T09:23:29.092,03194T,depth
2026-08-05T09:23:29.092,03196T,depth
2026-08-05T09:23:29.094,03197T,depth
2026-08-05T09:23:29.327,03182T,depth
2026-08-05T09:23:29.395,03011T,depth
2026-08-05T09:23:29.568,03197T,depth
2026-08-05T09:23:29.635,03196T,depth
2026-08-05T09:23:29.635,03195T,depth
2026-08-05T09:23:29.635,03194T,depth
2026-08-05T09:23:29.701,03182T,depth
2026-08-05T09:23:29.701,03077T,depth
2026-08-05T09:23:29.701,03046T,depth
2026-08-05T09:23:29.701,03011T,depth
2026-08-05T09:23:30.424,03077T,depth
2026-08-05T09:23:30.514,03046T,depth
2026-08-05T09:23:30.882,03197T,depth
2026-08-05T09:23:30.960,03196T,depth
2026-08-05T09:23:30.960,03195T,depth
2026-08-05T09:23:30.960,03194T,depth
2026-08-05T09:23:31.023,03105T,depth
2026-08-05T09:23:31.023,03080T,depth
2026-08-05T09:23:31.407,03194T,depth
2026-08-05T09:23:31.485,03196T,depth
2026-08-05T09:23:31.488,03197T,depth
2026-08-05T09:23:31.488,03195T,depth
2026-08-05T09:23:31.490,03182T,depth
2026-08-05T09:23:31.550,03011T,depth
2026-08-05T09:23:32.361,03197T,depth
2026-08-05T09:23:32.430,03196T,depth
2026-08-05T09:23:32.432,03195T,depth
2026-08-05T09:23:32.432,03194T,depth
2026-08-05T09:23:32.634,03105T,depth
2026-08-05T09:23:32.700,03080T,depth
2026-08-05T09:23:32.899,03194T,depth
2026-08-05T09:23:32.973,03196T,depth
2026-08-05T09:23:32.973,03197T,depth
2026-08-05T09:23:32.973,03195T,depth
2026-08-05T09:23:37.524,03197T,depth
2026-08-05T09:23:37.604,03196T,depth
2026-08-05T09:23:37.604,03195T,depth
2026-08-05T09:23:37.604,03194T,depth
2026-08-05T09:23:38.035,03194T,depth
2026-08-05T09:23:38.104,03195T,depth
2026-08-05T09:23:38.106,03196T,depth
2026-08-05T09:23:38.106,03197T,depth
2026-08-05T09:23:39.270,03194T,depth
2026-08-05T09:23:39.337,03195T,depth
2026-08-05T09:23:39.339,03197T,depth
2026-08-05T09:23:39.339,03196T,depth
2026-08-05T09:23:39.835,03196T,depth
2026-08-05T09:23:39.916,03197T,depth
2026-08-05T09:23:39.916,03194T,depth
2026-08-05T09:23:39.916,03195T,depth
2026-08-05T09:23:41.111,03046T,depth
2026-08-05T09:23:41.176,03182T,depth
2026-08-05T09:23:41.176,03077T,depth
2026-08-05T09:23:41.176,03011T,depth
2026-08-05T09:23:42.024,03046T,depth
2026-08-05T09:23:42.152,03077T,depth
2026-08-05T09:23:42.578,03197T,depth
2026-08-05T09:23:42.646,03196T,depth
2026-08-05T09:23:42.648,03195T,depth
2026-08-05T09:23:42.650,03194T,depth
2026-08-05T09:23:42.817,03046T,depth
2026-08-05T09:23:42.885,03011T,depth
2026-08-05T09:23:42.885,03077T,depth
2026-08-05T09:23:42.885,03182T,depth
2026-08-05T09:23:43.089,03197T,depth
2026-08-05T09:23:43.175,03196T,depth
2026-08-05T09:23:43.175,03195T,depth
2026-08-05T09:23:43.177,03194T,depth
2026-08-05T09:23:43.790,03077T,depth
2026-08-05T09:23:43.860,03046T,depth
2026-08-05T09:23:43.922,03182T,depth
2026-08-05T09:23:43.986,03182T,depth
2026-08-05T09:23:44.128,03011T,depth
2026-08-05T09:23:44.210,03011T,depth
2026-08-05T09:23:45.185,03197T,depth
2026-08-05T09:23:45.248,03196T,depth
2026-08-05T09:23:45.251,03195T,depth
2026-08-05T09:23:45.251,03194T,depth
2026-08-05T09:23:45.741,03196T,depth
2026-08-05T09:23:45.808,03194T,depth
2026-08-05T09:23:45.873,03197T,depth
2026-08-05T09:23:45.873,03195T,depth
2026-08-05T09:23:46.026,03195T,depth
2026-08-05T09:23:46.096,03194T,depth
2026-08-05T09:23:46.096,03197T,depth
2026-08-05T09:23:46.096,03196T,depth
2026-08-05T09:23:46.595,03195T,depth
2026-08-05T09:23:46.656,03197T,depth
2026-08-05T09:23:46.656,03194T,depth
2026-08-05T09:23:46.656,03196T,depth
2026-08-05T09:23:48.466,03195T,depth
2026-08-05T09:23:48.546,03194T,depth
2026-08-05T09:23:48.546,03196T,depth
2026-08-05T09:23:48.548,03197T,depth
2026-08-05T09:23:48.660,03046T,depth
2026-08-05T09:23:48.739,03182T,depth
2026-08-05T09:23:48.739,03077T,depth
2026-08-05T09:23:48.739,03011T,depth
2026-08-05T09:23:48.979,03194T,depth
2026-08-05T09:23:49.060,03196T,depth
2026-08-05T09:23:49.062,03197T,depth
2026-08-05T09:23:49.062,03195T,depth
2026-08-05T09:23:49.365,03046T,depth
2026-08-05T09:23:49.423,03077T,depth
2026-08-05T09:23:50.495,03011T,depth
2026-08-05T09:23:50.556,03182T,depth
2026-08-05T09:23:52.459,03046T,depth
2026-08-05T09:23:52.524,03182T,depth
2026-08-05T09:23:52.524,03077T,depth
2026-08-05T09:23:52.533,03011T,depth
2026-08-05T09:23:53.591,03182T,depth
2026-08-05T09:23:53.656,03077T,depth
2026-08-05T09:23:53.656,03046T,depth
2026-08-05T09:23:53.737,03011T,depth
2026-08-05T09:23:54.200,03182T,depth
2026-08-05T09:23:54.275,03077T,depth
2026-08-05T09:23:54.275,03046T,depth
2026-08-05T09:23:54.275,03011T,depth
2026-08-05T09:23:54.373,03182T,depth
2026-08-05T09:23:54.448,03077T,depth
2026-08-05T09:23:54.448,03195T,depth
2026-08-05T09:23:54.448,03194T,depth
2026-08-05T09:23:54.448,03011T,depth
2026-08-05T09:23:54.448,03197T,depth
2026-08-05T09:23:54.448,03196T,depth
2026-08-05T09:23:54.448,03046T,depth
2026-08-05T09:23:54.894,03194T,depth
2026-08-05T09:23:54.963,03196T,depth
2026-08-05T09:23:54.963,03195T,depth
2026-08-05T09:23:54.963,03197T,depth
2026-08-05T09:23:55.679,03046T,depth
2026-08-05T09:23:55.737,03182T,depth
2026-08-05T09:23:55.737,03077T,depth
2026-08-05T09:23:55.737,03046T,depth
2026-08-05T09:23:55.746,03182T,depth
2026-08-05T09:23:55.746,03077T,depth
2026-08-05T09:23:55.806,03011T,depth
2026-08-05T09:23:55.866,03011T,depth
2026-08-05T09:23:57.308,03046T,depth
2026-08-05T09:23:57.381,03011T,depth
2026-08-05T09:23:57.381,03182T,depth
2026-08-05T09:23:57.383,03077T,depth
2026-08-05T09:23:58.903,03046T,depth
2026-08-05T09:23:58.982,03077T,depth
2026-08-05T09:23:58.982,03182T,depth
2026-08-05T09:23:58.982,03011T,depth
2026-08-05T09:24:00.055,03182T,depth
2026-08-05T09:24:00.133,03077T,depth
2026-08-05T09:24:00.133,03011T,depth
2026-08-05T09:24:00.133,03046T,depth
2026-08-05T09:24:00.227,03195T,depth
2026-08-05T09:24:00.292,03194T,depth
2026-08-05T09:24:00.292,03011T,depth
2026-08-05T09:24:00.292,03077T,depth
2026-08-05T09:24:00.292,03182T,depth
2026-08-05T09:24:00.295,03197T,depth
2026-08-05T09:24:00.295,03196T,depth
2026-08-05T09:24:00.295,03046T,depth
2026-08-05T09:24:00.750,03194T,depth
2026-08-05T09:24:00.832,03196T,depth
2026-08-05T09:24:00.910,03197T,depth
2026-08-05T09:24:00.910,03195T,depth
2026-08-05T09:24:00.971,03046T,depth
2026-08-05T09:24:01.052,03046T,depth
2026-08-05T09:24:01.052,03195T,depth
2026-08-05T09:24:01.054,03194T,depth
2026-08-05T09:24:01.055,03011T,depth
2026-08-05T09:24:01.115,03182T,depth
2026-08-05T09:24:01.115,03077T,depth
2026-08-05T09:24:01.115,03197T,depth
2026-08-05T09:24:01.115,03196T,depth
2026-08-05T09:24:01.115,03046T,depth
2026-08-05T09:24:01.115,03077T,depth
2026-08-05T09:24:01.177,03077T,depth
2026-08-05T09:24:01.240,03046T,depth
2026-08-05T09:24:01.240,03077T,depth
2026-08-05T09:24:01.587,03196T,depth
2026-08-05T09:24:01.651,03194T,depth
2026-08-05T09:24:01.651,03195T,depth
2026-08-05T09:24:01.654,03197T,depth
2026-08-05T09:24:02.030,03046T,depth
2026-08-05T09:24:02.110,03077T,depth
2026-08-05T09:24:02.110,03046T,depth
2026-08-05T09:24:02.110,03077T,depth
2026-08-05T09:24:03.124,03182T,depth
2026-08-05T09:24:03.208,03182T,depth
2026-08-05T09:24:03.208,03182T,depth
2026-08-05T09:24:03.287,03011T,depth
2026-08-05T09:24:03.352,03011T,depth
2026-08-05T09:24:03.352,03011T,depth
2026-08-05T09:24:05.018,03197T,depth
2026-08-05T09:24:05.096,03196T,depth
2026-08-05T09:24:05.096,03195T,depth
2026-08-05T09:24:05.096,03194T,depth
2026-08-05T09:24:05.523,03196T,depth
2026-08-05T09:24:05.593,03194T,depth
2026-08-05T09:24:05.593,03197T,depth
2026-08-05T09:24:05.593,03195T,depth
2026-08-05T09:24:06.120,03182T,depth
2026-08-05T09:24:06.199,03077T,depth
2026-08-05T09:24:06.199,03046T,depth
2026-08-05T09:24:06.199,03011T,depth
2026-08-05T09:24:06.322,03182T,depth
2026-08-05T09:24:06.406,03077T,depth
2026-08-05T09:24:06.406,03046T,depth
2026-08-05T09:24:06.409,03011T,depth
2026-08-05T09:24:07.461,03046T,depth
2026-08-05T09:24:07.522,03046T,depth
2026-08-05T09:24:07.666,03077T,depth
2026-08-05T09:24:07.735,03077T,depth
2026-08-05T09:24:08.387,03011T,depth
2026-08-05T09:24:08.457,03011T,depth
2026-08-05T09:24:08.520,03182T,depth
2026-08-05T09:24:08.520,03182T,depth
2026-08-05T09:24:09.257,03077T,depth
2026-08-05T09:24:09.335,03182T,depth
2026-08-05T09:24:09.335,03046T,depth
2026-08-05T09:24:09.335,03011T,depth
2026-08-05T09:24:09.640,03182T,depth
2026-08-05T09:24:09.718,03077T,depth
2026-08-05T09:24:09.718,03195T,depth
2026-08-05T09:24:09.718,03194T,depth
2026-08-05T09:24:09.718,03011T,depth
2026-08-05T09:24:09.718,03197T,depth
2026-08-05T09:24:09.718,03196T,depth
2026-08-05T09:24:09.718,03046T,depth
2026-08-05T09:24:09.718,03182T,depth
2026-08-05T09:24:09.718,03077T,depth
2026-08-05T09:24:09.718,03046T,depth
2026-08-05T09:24:09.718,03011T,depth
2026-08-05T09:24:10.192,03197T,depth
2026-08-05T09:24:10.262,03196T,depth
2026-08-05T09:24:10.262,03195T,depth
2026-08-05T09:24:10.262,03194T,depth
2026-08-05T09:24:10.567,03046T,depth
2026-08-05T09:24:10.631,03077T,depth
2026-08-05T09:24:10.631,03046T,depth
2026-08-05T09:24:10.631,03077T,depth
2026-08-05T09:24:10.695,03077T,depth
2026-08-05T09:24:11.592,03011T,depth
2026-08-05T09:24:11.670,03182T,depth
2026-08-05T09:24:11.670,03011T,depth
2026-08-05T09:24:11.672,03182T,depth
2026-08-05T09:24:11.672,03011T,depth
2026-08-05T09:24:11.672,03182T,depth
2026-08-05T09:24:21.331,03182T,depth
2026-08-05T09:24:21.408,03077T,depth
2026-08-05T09:24:21.408,03046T,depth
2026-08-05T09:24:21.408,03011T,depth
2026-08-05T09:24:22.208,03077T,depth
2026-08-05T09:24:22.283,03046T,depth
2026-08-05T09:24:23.234,03182T,depth
2026-08-05T09:24:23.296,03011T,depth
2026-08-05T09:24:23.356,03197T,depth
2026-08-05T09:24:23.363,03196T,depth
2026-08-05T09:24:23.363,03046T,depth
2026-08-05T09:24:23.365,03195T,depth
2026-08-05T09:24:23.365,03194T,depth
2026-08-05T09:24:23.365,03011T,depth
2026-08-05T09:24:23.365,03182T,depth
2026-08-05T09:24:23.367,03077T,depth
2026-08-05T09:24:23.867,03195T,depth
2026-08-05T09:24:23.936,03197T,depth
2026-08-05T09:24:23.936,03194T,depth
2026-08-05T09:24:23.936,03196T,depth
2026-08-05T09:24:24.320,03046T,depth
2026-08-05T09:24:24.385,03077T,depth
2026-08-05T09:24:24.972,03011T,depth
2026-08-05T09:24:25.157,03182T,depth
2026-08-05T09:24:27.660,03197T,depth
2026-08-05T09:24:27.727,03196T,depth
2026-08-05T09:24:27.729,03046T,depth
2026-08-05T09:24:27.729,03077T,depth
2026-08-05T09:24:27.729,03182T,depth
2026-08-05T09:24:27.729,03195T,depth
2026-08-05T09:24:27.729,03194T,depth
2026-08-05T09:24:27.729,03011T,depth
2026-08-05T09:24:28.191,03197T,depth
2026-08-05T09:24:28.257,03195T,depth
2026-08-05T09:24:28.257,03196T,depth
2026-08-05T09:24:28.257,03194T,depth
2026-08-05T09:24:28.593,03046T,depth
2026-08-05T09:24:28.719,03077T,depth
2026-08-05T09:24:29.104,03046T,depth
2026-08-05T09:24:29.179,03011T,depth
2026-08-05T09:24:29.179,03182T,depth
2026-08-05T09:24:29.179,03077T,depth
2026-08-05T09:24:30.656,03077T,depth
2026-08-05T09:24:30.733,03011T,depth
2026-08-05T09:24:30.733,03046T,depth
2026-08-05T09:24:30.733,03011T,depth
2026-08-05T09:24:30.733,03182T,depth
2026-08-05T09:24:30.733,03182T,depth
2026-08-05T09:24:36.158,030573,depth
2026-08-05T09:24:36.881,03197T,depth
2026-08-05T09:24:36.947,03196T,depth
2026-08-05T09:24:36.947,03195T,depth
2026-08-05T09:24:36.947,03194T,depth
2026-08-05T09:24:37.412,03195T,depth
2026-08-05T09:24:37.491,03197T,depth
2026-08-05T09:24:37.491,03194T,depth
2026-08-05T09:24:37.491,03196T,depth
2026-08-05T09:24:38.477,030573,depth
2026-08-05T09:24:41.243,03046T,depth
2026-08-05T09:24:41.311,03182T,depth
2026-08-05T09:24:41.311,03077T,depth
2026-08-05T09:24:41.311,03011T,depth
2026-08-05T09:24:42.302,03046T,depth
2026-08-05T09:24:42.381,03077T,depth
2026-08-05T09:24:43.356,03182T,depth
2026-08-05T09:24:43.437,03011T,depth
2026-08-05T09:24:44.094,03197T,depth
2026-08-05T09:24:44.174,03196T,depth
2026-08-05T09:24:44.176,03195T,depth
2026-08-05T09:24:44.176,03194T,depth
2026-08-05T09:24:44.654,03194T,depth
2026-08-05T09:24:44.734,03196T,depth
2026-08-05T09:24:44.734,03197T,depth
2026-08-05T09:24:44.734,03195T,depth
2026-08-05T09:24:46.124,03125T,depth
2026-08-05T09:24:46.190,03125T,depth
2026-08-05T09:24:46.535,03125T,depth
2026-08-05T09:24:46.601,03125T,depth
2026-08-05T09:24:47.814,03194T,depth
2026-08-05T09:24:47.814,03197T,depth
2026-08-05T09:24:47.814,03196T,depth
2026-08-05T09:24:48.244,03195T,depth
2026-08-05T09:24:48.313,03197T,depth
2026-08-05T09:24:48.315,03194T,depth
2026-08-05T09:24:48.378,03196T,depth
2026-08-05T09:24:53.554,03197T,depth
2026-08-05T09:24:53.617,03196T,depth
2026-08-05T09:24:53.617,03195T,depth
2026-08-05T09:24:53.617,03194T,depth
2026-08-05T09:24:54.085,03197T,depth
2026-08-05T09:24:54.146,03195T,depth
2026-08-05T09:24:54.146,03194T,depth
2026-08-05T09:24:54.146,03196T,depth
2026-08-05T09:24:58.333,03195T,depth
2026-08-05T09:24:58.417,03194T,depth
2026-08-05T09:24:58.419,03105T,depth
2026-08-05T09:24:58.419,03197T,depth
2026-08-05T09:24:58.419,03080T,depth
2026-08-05T09:24:58.429,03196T,depth
2026-08-05T09:24:58.879,03194T,depth
2026-08-05T09:24:58.950,03196T,depth
2026-08-05T09:24:58.950,03195T,depth
2026-08-05T09:24:58.950,03197T,depth
2026-08-05T09:24:59.990,03105T,depth
2026-08-05T09:25:00.067,03080T,depth
2026-08-05T09:25:03.228,03196T,depth
2026-08-05T09:25:03.291,03197T,depth
2026-08-05T09:25:03.291,03195T,depth
2026-08-05T09:25:03.291,03194T,depth
2026-08-05T09:25:03.739,03196T,depth
2026-08-05T09:25:03.817,03194T,depth
2026-08-05T09:25:03.880,03197T,depth
2026-08-05T09:25:03.882,03195T,depth
2026-08-05T09:25:04.057,03046T,depth
2026-08-05T09:25:04.116,03011T,depth
2026-08-05T09:25:04.123,03077T,depth
2026-08-05T09:25:04.123,03182T,depth
2026-08-05T09:25:04.644,03046T,depth
2026-08-05T09:25:04.714,03077T,depth
2026-08-05T09:25:04.714,03105T,depth
2026-08-05T09:25:04.776,03105T,depth
2026-08-05T09:25:05.704,03182T,depth
2026-08-05T09:25:05.800,03011T,depth
2026-08-05T09:25:06.216,03195T,depth
2026-08-05T09:25:06.279,03194T,depth
2026-08-05T09:25:06.279,03197T,depth
2026-08-05T09:25:06.279,03196T,depth
2026-08-05T09:25:06.742,03194T,depth
2026-08-05T09:25:06.818,03196T,depth
2026-08-05T09:25:06.822,03197T,depth
2026-08-05T09:25:06.822,03195T,depth
2026-08-05T09:25:09.616,03194T,depth
2026-08-05T09:25:09.700,03195T,depth
2026-08-05T09:25:09.702,03196T,depth
2026-08-05T09:25:09.702,03197T,depth
2026-08-05T09:25:10.144,03197T,depth
2026-08-05T09:25:10.213,03196T,depth
2026-08-05T09:25:10.213,03195T,depth
2026-08-05T09:25:10.213,03194T,depth
2026-08-05T09:25:10.818,03182T,depth
2026-08-05T09:25:10.886,03077T,depth
2026-08-05T09:25:10.886,03011T,depth
2026-08-05T09:25:10.886,03046T,depth
2026-08-05T09:25:12.015,03046T,depth
2026-08-05T09:25:12.082,03182T,depth
2026-08-05T09:25:12.148,03011T,depth
2026-08-05T09:25:12.148,03077T,depth
2026-08-05T09:25:15.168,03011T,depth
2026-08-05T09:25:15.232,03046T,depth
2026-08-05T09:25:15.232,03182T,depth
2026-08-05T09:25:15.232,03077T,depth
2026-08-05T09:25:16.240,03077T,depth
2026-08-05T09:25:16.310,03182T,depth
2026-08-05T09:25:16.310,03046T,depth
2026-08-05T09:25:16.368,03011T,depth
2026-08-05T09:25:21.317,03195T,depth
2026-08-05T09:25:21.385,03194T,depth
2026-08-05T09:25:21.385,03196T,depth
2026-08-05T09:25:21.385,03197T,depth
2026-08-05T09:25:21.510,03105T,depth
2026-08-05T09:25:21.578,03080T,depth
2026-08-05T09:25:21.828,03194T,depth
2026-08-05T09:25:21.896,03197T,depth
2026-08-05T09:25:21.896,03196T,depth
2026-08-05T09:25:21.896,03195T,depth
2026-08-05T09:25:23.171,03105T,depth
2026-08-05T09:25:23.236,03080T,depth
2026-08-05T09:25:25.208,03182T,depth
2026-08-05T09:25:25.282,03077T,depth
2026-08-05T09:25:25.284,03046T,depth
2026-08-05T09:25:25.284,03011T,depth
2026-08-05T09:25:25.884,03077T,depth
2026-08-05T09:25:25.953,03046T,depth
2026-08-05T09:25:26.812,03195T,depth
2026-08-05T09:25:26.879,03194T,depth
2026-08-05T09:25:26.881,03105T,depth
2026-08-05T09:25:26.881,03080T,depth
2026-08-05T09:25:26.881,03196T,depth
2026-08-05T09:25:26.881,03197T,depth
2026-08-05T09:25:26.945,03182T,depth
2026-08-05T09:25:27.008,03011T,depth
2026-08-05T09:25:27.118,03046T,depth
2026-08-05T09:25:27.198,03182T,depth
2026-08-05T09:25:27.200,03077T,depth
2026-08-05T09:25:27.200,03011T,depth
2026-08-05T09:25:27.311,03194T,depth
2026-08-05T09:25:27.391,03196T,depth
2026-08-05T09:25:27.391,03197T,depth
2026-08-05T09:25:27.391,03195T,depth
2026-08-05T09:25:27.558,03046T,depth
2026-08-05T09:25:27.630,03182T,depth
2026-08-05T09:25:27.630,03077T,depth
2026-08-05T09:25:27.630,03011T,depth
2026-08-05T09:25:28.480,03105T,depth
2026-08-05T09:25:28.976,03011T,depth
2026-08-05T09:25:29.054,03011T,depth
2026-08-05T09:25:29.118,03046T,depth
2026-08-05T09:25:29.120,03182T,depth
2026-08-05T09:25:29.120,03046T,depth
2026-08-05T09:25:29.120,03077T,depth
2026-08-05T09:25:29.183,03182T,depth
2026-08-05T09:25:29.183,03077T,depth
2026-08-05T09:25:30.535,03080T,depth
2026-08-05T09:25:31.359,03197T,depth
2026-08-05T09:25:31.421,03196T,depth
2026-08-05T09:25:31.423,03195T,depth
2026-08-05T09:25:31.423,03194T,depth
2026-08-05T09:25:31.920,03194T,depth
2026-08-05T09:25:31.998,03195T,depth
2026-08-05T09:25:31.998,03196T,depth
2026-08-05T09:25:31.998,03197T,depth
2026-08-05T09:25:32.127,03195T,depth
2026-08-05T09:25:32.204,03194T,depth
2026-08-05T09:25:32.204,03197T,depth
2026-08-05T09:25:32.204,03196T,depth
2026-08-05T09:25:32.651,03194T,depth
2026-08-05T09:25:32.715,03196T,depth
2026-08-05T09:25:32.715,03195T,depth
2026-08-05T09:25:32.715,03197T,depth
2026-08-05T09:25:35.728,03150T,depth
2026-08-05T09:25:37.215,03196T,depth
2026-08-05T09:25:37.293,03197T,depth
2026-08-05T09:25:37.295,03195T,depth
2026-08-05T09:25:37.295,03194T,depth
2026-08-05T09:25:37.752,03197T,depth
2026-08-05T09:25:37.823,03195T,depth
2026-08-05T09:25:37.823,03196T,depth
2026-08-05T09:25:37.823,03194T,depth
2026-08-05T09:25:42.908,03046T,depth
2026-08-05T09:25:42.995,03182T,depth
2026-08-05T09:25:42.995,03077T,depth
2026-08-05T09:25:42.997,03011T,depth
2026-08-05T09:25:43.714,03077T,depth
2026-08-05T09:25:43.777,03046T,depth
2026-08-05T09:25:44.751,03011T,depth
2026-08-05T09:25:44.814,03182T,depth
2026-08-05T09:25:46.395,03196T,depth
2026-08-05T09:25:46.462,03197T,depth
2026-08-05T09:25:46.462,03195T,depth
2026-08-05T09:25:46.462,03194T,depth
2026-08-05T09:25:46.942,03195T,depth
2026-08-05T09:25:47.022,03197T,depth
2026-08-05T09:25:47.022,03196T,depth
2026-08-05T09:25:47.022,03194T,depth
2026-08-05T09:25:48.674,03196T,depth
2026-08-05T09:25:48.756,03197T,depth
2026-08-05T09:25:48.756,03195T,depth
2026-08-05T09:25:48.758,03194T,depth
2026-08-05T09:25:49.205,03196T,depth
2026-08-05T09:25:49.280,03194T,depth
2026-08-05T09:25:49.280,03195T,depth
2026-08-05T09:25:49.280,03197T,depth
2026-08-05T09:25:52.856,03197T,depth
2026-08-05T09:25:52.929,03196T,depth
2026-08-05T09:25:52.931,03195T,depth
2026-08-05T09:25:52.931,03194T,depth
2026-08-05T09:25:52.931,03011T,depth
2026-08-05T09:25:52.931,03046T,depth
2026-08-05T09:25:52.931,03182T,depth
2026-08-05T09:25:52.931,03077T,depth
2026-08-05T09:25:53.395,03197T,depth
2026-08-05T09:25:53.470,03195T,depth
2026-08-05T09:25:53.475,03196T,depth
2026-08-05T09:25:53.475,03194T,depth
2026-08-05T09:25:54.310,03077T,depth
2026-08-05T09:25:54.385,03046T,depth
2026-08-05T09:25:54.461,03011T,depth
2026-08-05T09:25:54.525,03182T,depth
2026-08-05T09:25:56.978,030573,depth
2026-08-05T09:25:59.697,03196T,depth
2026-08-05T09:25:59.775,03197T,depth
2026-08-05T09:25:59.775,03194T,depth
2026-08-05T09:25:59.775,03195T,depth
2026-08-05T09:26:00.243,03195T,depth
2026-08-05T09:26:00.318,03197T,depth
2026-08-05T09:26:00.318,03196T,depth
2026-08-05T09:26:00.318,03194T,depth
2026-08-05T09:26:01.529,03195T,depth
2026-08-05T09:26:01.597,03194T,depth
2026-08-05T09:26:01.597,03105T,depth
2026-08-05T09:26:01.597,03197T,depth
2026-08-05T09:26:01.597,03080T,depth
2026-08-05T09:26:01.603,03196T,depth
2026-08-05T09:26:02.063,03197T,depth
2026-08-05T09:26:02.141,03195T,depth
2026-08-05T09:26:02.141,03194T,depth
2026-08-05T09:26:02.141,03196T,depth
2026-08-05T09:26:03.223,03105T,depth
2026-08-05T09:26:03.295,03080T,depth
2026-08-05T09:26:07.321,03197T,depth
2026-08-05T09:26:07.384,03196T,depth
2026-08-05T09:26:07.384,03195T,depth
2026-08-05T09:26:07.387,03194T,depth
2026-08-05T09:26:07.879,03196T,depth
2026-08-05T09:26:07.958,03194T,depth
2026-08-05T09:26:07.958,03197T,depth
2026-08-05T09:26:07.958,03195T,depth
2026-08-05T09:26:11.539,03080T,depth
2026-08-05T09:26:11.613,03196T,depth
2026-08-05T09:26:11.616,03197T,depth
2026-08-05T09:26:11.616,03194T,depth
2026-08-05T09:26:11.616,03195T,depth
2026-08-05T09:26:11.616,03105T,depth
2026-08-05T09:26:12.044,03196T,depth
2026-08-05T09:26:12.105,03194T,depth
2026-08-05T09:26:12.110,03197T,depth
2026-08-05T09:26:12.110,03195T,depth
2026-08-05T09:26:13.026,030573,depth
2026-08-05T09:26:13.200,03105T,depth
2026-08-05T09:26:13.360,03011T,depth
2026-08-05T09:26:13.439,03182T,depth
2026-08-05T09:26:13.439,03077T,depth
2026-08-05T09:26:13.439,03046T,depth
2026-08-05T09:26:13.506,03080T,depth
2026-08-05T09:26:14.136,030573,depth
2026-08-05T09:26:14.423,03077T,depth
2026-08-05T09:26:14.489,03046T,depth
2026-08-05T09:26:15.479,03011T,depth
2026-08-05T09:26:15.553,03182T,depth
2026-08-05T09:26:15.621,03182T,depth
2026-08-05T09:26:15.623,03077T,depth
2026-08-05T09:26:15.623,03046T,depth
2026-08-05T09:26:15.623,03011T,depth
2026-08-05T09:26:16.506,03046T,depth
2026-08-05T09:26:16.607,03077T,depth
2026-08-05T09:26:17.032,03195T,depth
2026-08-05T09:26:17.090,03194T,depth
2026-08-05T09:26:17.094,03197T,depth
2026-08-05T09:26:17.094,03196T,depth
2026-08-05T09:26:17.550,03196T,depth
2026-08-05T09:26:17.623,03194T,depth
2026-08-05T09:26:17.623,03197T,depth
2026-08-05T09:26:17.687,03195T,depth
2026-08-05T09:26:17.689,03182T,depth
2026-08-05T09:26:17.769,03011T,depth
2026-08-05T09:26:21.206,03046T,depth
2026-08-05T09:26:21.298,03182T,depth
2026-08-05T09:26:21.300,03077T,depth
2026-08-05T09:26:21.300,03011T,depth
2026-08-05T09:26:22.848,03046T,depth
2026-08-05T09:26:22.929,03011T,depth
2026-08-05T09:26:22.929,03182T,depth
2026-08-05T09:26:22.992,03077T,depth
2026-08-05T09:26:26.445,03046T,depth
2026-08-05T09:26:26.520,03011T,depth
2026-08-05T09:26:26.528,03182T,depth
2026-08-05T09:26:26.528,03077T,depth
2026-08-05T09:26:27.022,03077T,depth
2026-08-05T09:26:27.100,03046T,depth
2026-08-05T09:26:27.981,03194T,depth
2026-08-05T09:26:28.063,03195T,depth
2026-08-05T09:26:28.063,03196T,depth
2026-08-05T09:26:28.063,03197T,depth
2026-08-05T09:26:28.126,03011T,depth
2026-08-05T09:26:28.271,03182T,depth
2026-08-05T09:26:28.507,03196T,depth
2026-08-05T09:26:28.572,03197T,depth
2026-08-05T09:26:28.574,03194T,depth
2026-08-05T09:26:28.574,03195T,depth
2026-08-05T09:26:30.367,03196T,depth
2026-08-05T09:26:30.446,03197T,depth
2026-08-05T09:26:30.446,03195T,depth
2026-08-05T09:26:30.446,03194T,depth
2026-08-05T09:26:30.877,03196T,depth
2026-08-05T09:26:30.952,03194T,depth
2026-08-05T09:26:30.959,03197T,depth
2026-08-05T09:26:30.960,03195T,depth
2026-08-05T09:26:32.729,03182T,depth
2026-08-05T09:26:32.795,03077T,depth
2026-08-05T09:26:32.795,03046T,depth
2026-08-05T09:26:32.795,03011T,depth
2026-08-05T09:26:33.320,03046T,depth
2026-08-05T09:26:33.418,03077T,depth
2026-08-05T09:26:34.360,03182T,depth
2026-08-05T09:26:34.449,03011T,depth
2026-08-05T09:26:36.582,03046T,depth
2026-08-05T09:26:36.657,03182T,depth
2026-08-05T09:26:36.657,03077T,depth
2026-08-05T09:26:36.657,03011T,depth
2026-08-05T09:26:37.443,03077T,depth
2026-08-05T09:26:37.518,03182T,depth
2026-08-05T09:26:37.518,03046T,depth
2026-08-05T09:26:37.518,03011T,depth
2026-08-05T09:26:38.553,03077T,depth
2026-08-05T09:26:38.622,03046T,depth
2026-08-05T09:26:38.622,03011T,depth
2026-08-05T09:26:38.622,03077T,depth
2026-08-05T09:26:38.622,03046T,depth
2026-08-05T09:26:38.622,03011T,depth
2026-08-05T09:26:38.622,03182T,depth
2026-08-05T09:26:38.700,03182T,depth
2026-08-05T09:26:41.108,03011T,depth
2026-08-05T09:26:41.183,03182T,depth
2026-08-05T09:26:41.183,03077T,depth
2026-08-05T09:26:41.183,03046T,depth
2026-08-05T09:26:41.983,03077T,depth
2026-08-05T09:26:42.061,03046T,depth
2026-08-05T09:26:42.776,03182T,depth
2026-08-05T09:26:42.943,03011T,depth
2026-08-05T09:26:43.914,03196T,depth
2026-08-05T09:26:43.982,03197T,depth
2026-08-05T09:26:43.984,03195T,depth
2026-08-05T09:26:43.984,03194T,depth
2026-08-05T09:26:44.432,03196T,depth
2026-08-05T09:26:44.511,03194T,depth
2026-08-05T09:26:44.513,03197T,depth
2026-08-05T09:26:44.513,03195T,depth
2026-08-05T09:26:46.000,03046T,depth
2026-08-05T09:26:46.065,03182T,depth
2026-08-05T09:26:46.065,03077T,depth
2026-08-05T09:26:46.065,03011T,depth
2026-08-05T09:26:46.870,03182T,depth
2026-08-05T09:26:46.937,03077T,depth
2026-08-05T09:26:46.937,03011T,depth
2026-08-05T09:26:46.937,03046T,depth
2026-08-05T09:26:48.009,03046T,depth
2026-08-05T09:26:48.094,03011T,depth
2026-08-05T09:26:48.094,03077T,depth
2026-08-05T09:26:48.096,03046T,depth
2026-08-05T09:26:48.096,03011T,depth
2026-08-05T09:26:48.096,03077T,depth
2026-08-05T09:26:48.157,03182T,depth
2026-08-05T09:26:48.159,03182T,depth
2026-08-05T09:26:48.159,03182T,depth
2026-08-05T09:26:48.159,03077T,depth
2026-08-05T09:26:48.159,03011T,depth
2026-08-05T09:26:48.159,03046T,depth
2026-08-05T09:26:49.050,03046T,depth
2026-08-05T09:26:49.118,03077T,depth
2026-08-05T09:26:49.722,03011T,depth
2026-08-05T09:26:49.898,03182T,depth
2026-08-05T09:26:51.902,030573,match
2026-08-05T09:26:51.981,030573,depth
2026-08-05T09:26:51.981,03182T,depth
2026-08-05T09:26:51.981,03077T,depth
2026-08-05T09:26:51.981,03195T,depth
2026-08-05T09:26:51.981,03194T,depth
2026-08-05T09:26:51.981,03011T,depth
2026-08-05T09:26:51.981,03196T,depth
2026-08-05T09:26:51.981,03197T,depth
2026-08-05T09:26:51.981,03046T,depth
2026-08-05T09:26:52.441,03195T,depth
2026-08-05T09:26:52.509,03197T,depth
2026-08-05T09:26:52.512,03194T,depth
2026-08-05T09:26:52.512,03196T,depth
2026-08-05T09:26:53.273,03046T,depth
2026-08-05T09:26:53.354,03011T,depth
2026-08-05T09:26:53.354,03182T,depth
2026-08-05T09:26:53.354,03077T,depth
2026-08-05T09:27:02.577,030573,depth
2026-08-05T09:27:04.000,03195T,depth
2026-08-05T09:27:04.065,03194T,depth
2026-08-05T09:27:04.065,03197T,depth
2026-08-05T09:27:04.065,03196T,depth
2026-08-05T09:27:04.544,03196T,depth
2026-08-05T09:27:04.609,03194T,depth
2026-08-05T09:27:04.609,03197T,depth
2026-08-05T09:27:04.612,03195T,depth
2026-08-05T09:27:04.979,03197T,depth
2026-08-05T09:27:05.042,03196T,depth
2026-08-05T09:27:05.042,03195T,depth
2026-08-05T09:27:05.042,03194T,depth
2026-08-05T09:27:05.484,03195T,depth
2026-08-05T09:27:05.554,03194T,depth
2026-08-05T09:27:05.557,03196T,depth
2026-08-05T09:27:05.557,03197T,depth
2026-08-05T09:27:08.158,03077T,depth
2026-08-05T09:27:08.238,03182T,depth
2026-08-05T09:27:08.238,03046T,depth
2026-08-05T09:27:08.238,03011T,depth
2026-08-05T09:27:09.021,03077T,depth
2026-08-05T09:27:09.089,03046T,depth
2026-08-05T09:27:10.096,03182T,depth
2026-08-05T09:27:10.267,03011T,depth
2026-08-05T09:27:10.737,03105T,depth
2026-08-05T09:27:10.814,03195T,depth
2026-08-05T09:27:10.814,03194T,depth
2026-08-05T09:27:10.814,03196T,depth
2026-08-05T09:27:10.814,03197T,depth
2026-08-05T09:27:10.814,03080T,depth
2026-08-05T09:27:11.264,03197T,depth
2026-08-05T09:27:11.322,03195T,depth
2026-08-05T09:27:11.329,03196T,depth
2026-08-05T09:27:11.331,03194T,depth
2026-08-05T09:27:12.397,03105T,depth
2026-08-05T09:27:12.460,03080T,depth
2026-08-05T09:27:12.539,03046T,depth
2026-08-05T09:27:12.604,03011T,depth
2026-08-05T09:27:12.604,03182T,depth
2026-08-05T09:27:12.604,03077T,depth
2026-08-05T09:27:13.247,03046T,depth
2026-08-05T09:27:13.324,03077T,depth
2026-08-05T09:27:14.331,03011T,depth
2026-08-05T09:27:14.408,03182T,depth
2026-08-05T09:27:17.687,03195T,depth
2026-08-05T09:27:17.772,03194T,depth
2026-08-05T09:27:17.772,03197T,depth
2026-08-05T09:27:17.774,03196T,depth
2026-08-05T09:27:18.219,03197T,depth
2026-08-05T09:27:18.283,03195T,depth
2026-08-05T09:27:18.283,03196T,depth
2026-08-05T09:27:18.283,03194T,depth
2026-08-05T09:27:20.996,03197T,depth
2026-08-05T09:27:21.071,03196T,depth
2026-08-05T09:27:21.071,03195T,depth
2026-08-05T09:27:21.071,03194T,depth
2026-08-05T09:27:21.519,03196T,depth
2026-08-05T09:27:21.583,03194T,depth
2026-08-05T09:27:21.583,03195T,depth
2026-08-05T09:27:21.586,03197T,depth
2026-08-05T09:27:23.071,03196T,depth
2026-08-05T09:27:23.145,03197T,depth
2026-08-05T09:27:23.145,03195T,depth
2026-08-05T09:27:23.145,03194T,depth
2026-08-05T09:27:23.626,03194T,depth
2026-08-05T09:27:23.696,03195T,depth
2026-08-05T09:27:23.696,03196T,depth
2026-08-05T09:27:23.696,03197T,depth
2026-08-05T09:27:27.114,03011T,depth
2026-08-05T09:27:27.171,03182T,depth
2026-08-05T09:27:27.179,03077T,depth
2026-08-05T09:27:27.179,03046T,depth
2026-08-05T09:27:28.005,03046T,depth
2026-08-05T09:27:28.065,03077T,depth
2026-08-05T09:27:29.064,03182T,depth
2026-08-05T09:27:29.139,03011T,depth
2026-08-05T09:27:30.818,03046T,depth
2026-08-05T09:27:30.908,03182T,depth
2026-08-05T09:27:30.909,03077T,depth
2026-08-05T09:27:30.909,03011T,depth
2026-08-05T09:27:31.647,03196T,depth
2026-08-05T09:27:31.713,03197T,depth
2026-08-05T09:27:31.713,03194T,depth
2026-08-05T09:27:31.715,03195T,depth
2026-08-05T09:27:32.194,03194T,depth
2026-08-05T09:27:32.293,03196T,depth
2026-08-05T09:27:32.293,03197T,depth
2026-08-05T09:27:32.293,03195T,depth
2026-08-05T09:27:32.293,03011T,depth
2026-08-05T09:27:32.303,03046T,depth
2026-08-05T09:27:32.372,03182T,depth
2026-08-05T09:27:32.372,03077T,depth
2026-08-05T09:27:32.850,03195T,depth
2026-08-05T09:27:32.925,03194T,depth
2026-08-05T09:27:32.925,03197T,depth
2026-08-05T09:27:32.925,03080T,depth
2026-08-05T09:27:32.925,03196T,depth
2026-08-05T09:27:32.925,03105T,depth
2026-08-05T09:27:33.427,03194T,depth
2026-08-05T09:27:33.505,03195T,depth
2026-08-05T09:27:33.505,03196T,depth
2026-08-05T09:27:33.507,03197T,depth
2026-08-05T09:27:34.558,03105T,depth
2026-08-05T09:27:34.627,03080T,depth
2026-08-05T09:27:37.623,03197T,depth
2026-08-05T09:27:37.683,03196T,depth
2026-08-05T09:27:37.685,03195T,depth
2026-08-05T09:27:37.685,03194T,depth
2026-08-05T09:27:37.925,03182T,depth
2026-08-05T09:27:37.989,03077T,depth
2026-08-05T09:27:37.989,03011T,depth
2026-08-05T09:27:37.991,03046T,depth
2026-08-05T09:27:38.125,03195T,depth
2026-08-05T09:27:38.196,03194T,depth
2026-08-05T09:27:38.196,03197T,depth
2026-08-05T09:27:38.196,03196T,depth
2026-08-05T09:27:38.611,03077T,depth
2026-08-05T09:27:38.668,03046T,depth
2026-08-05T09:27:39.682,03011T,depth
2026-08-05T09:27:39.745,03182T,depth
2026-08-05T09:27:40.974,03197T,depth
2026-08-05T09:27:41.043,03196T,depth
2026-08-05T09:27:41.045,03195T,depth
2026-08-05T09:27:41.045,03194T,depth
2026-08-05T09:27:41.283,03182T,depth
2026-08-05T09:27:41.362,03077T,depth
2026-08-05T09:27:41.362,03046T,depth
2026-08-05T09:27:41.362,03011T,depth
2026-08-05T09:27:41.508,03197T,depth
2026-08-05T09:27:41.586,03195T,depth
2026-08-05T09:27:41.588,03194T,depth
2026-08-05T09:27:41.588,03196T,depth
2026-08-05T09:27:42.845,03182T,depth
2026-08-05T09:27:42.921,03046T,depth
2026-08-05T09:27:42.923,03011T,depth
2026-08-05T09:27:43.019,03077T,depth
2026-08-05T09:27:44.341,03011T,depth
2026-08-05T09:27:44.410,03182T,depth
2026-08-05T09:27:44.413,03077T,depth
2026-08-05T09:27:44.413,03046T,depth
2026-08-05T09:27:44.969,03046T,depth
2026-08-05T09:27:45.051,03077T,depth
2026-08-05T09:27:46.009,03182T,depth
2026-08-05T09:27:46.118,03011T,depth
2026-08-05T09:28:02.200,03046T,depth
2026-08-05T09:28:02.286,03182T,depth
2026-08-05T09:28:02.286,03077T,depth
2026-08-05T09:28:02.286,03011T,depth
2026-08-05T09:28:02.908,03077T,depth
2026-08-05T09:28:02.975,03046T,depth
2026-08-05T09:28:04.090,03182T,depth
2026-08-05T09:28:04.180,03011T,depth
2026-08-05T09:28:06.103,03125T,depth
2026-08-05T09:28:06.183,03125T,depth
2026-08-05T09:28:06.536,03125T,depth
2026-08-05T09:28:06.611,03125T,depth
2026-08-05T09:28:09.115,03046T,depth
2026-08-05T09:28:09.193,03182T,depth
2026-08-05T09:28:09.195,03077T,depth
2026-08-05T09:28:09.195,03011T,depth
2026-08-05T09:28:10.441,03182T,depth
2026-08-05T09:28:10.519,03046T,depth
2026-08-05T09:28:10.585,03077T,depth
2026-08-05T09:28:10.585,03011T,depth
2026-08-05T09:28:10.936,03196T,depth
2026-08-05T09:28:11.000,03197T,depth
2026-08-05T09:28:11.002,03195T,depth
2026-08-05T09:28:11.002,03194T,depth
2026-08-05T09:28:11.002,03046T,depth
2026-08-05T09:28:11.002,03011T,depth
2026-08-05T09:28:11.002,03182T,depth
2026-08-05T09:28:11.002,03077T,depth
2026-08-05T09:28:11.479,03196T,depth
2026-08-05T09:28:11.552,03197T,depth
2026-08-05T09:28:11.552,03194T,depth
2026-08-05T09:28:11.561,03195T,depth
2026-08-05T09:28:12.563,03046T,depth
2026-08-05T09:28:12.641,03182T,depth
2026-08-05T09:28:12.644,03077T,depth
2026-08-05T09:28:12.644,03011T,depth
2026-08-05T09:28:13.122,03182T,depth
2026-08-05T09:28:13.203,03077T,depth
2026-08-05T09:28:13.204,03011T,depth
2026-08-05T09:28:13.204,03046T,depth
2026-08-05T09:28:13.584,03077T,depth
2026-08-05T09:28:13.665,03182T,depth
2026-08-05T09:28:13.665,03046T,depth
2026-08-05T09:28:13.665,03011T,depth
2026-08-05T09:28:14.005,03182T,depth
2026-08-05T09:28:14.082,03077T,depth
2026-08-05T09:28:14.082,03011T,depth
2026-08-05T09:28:14.082,03046T,depth
2026-08-05T09:28:14.731,03077T,depth
2026-08-05T09:28:14.800,03046T,depth
2026-08-05T09:28:14.800,03077T,depth
2026-08-05T09:28:14.800,03046T,depth
2026-08-05T09:28:14.800,03077T,depth
2026-08-05T09:28:15.799,03011T,depth
2026-08-05T09:28:15.871,03182T,depth
2026-08-05T09:28:15.871,03011T,depth
2026-08-05T09:28:15.874,03182T,depth
2026-08-05T09:28:15.874,03011T,depth
2026-08-05T09:28:15.935,03182T,depth
2026-08-05T09:28:16.323,03195T,depth
2026-08-05T09:28:16.386,03194T,depth
2026-08-05T09:28:16.386,03011T,depth
2026-08-05T09:28:16.386,03197T,depth
2026-08-05T09:28:16.386,03196T,depth
2026-08-05T09:28:16.386,03046T,depth
2026-08-05T09:28:16.386,03182T,depth
2026-08-05T09:28:16.386,03077T,depth
2026-08-05T09:28:16.670,03011T,depth
2026-08-05T09:28:16.738,03046T,depth
2026-08-05T09:28:16.740,03182T,depth
2026-08-05T09:28:16.749,03077T,depth
2026-08-05T09:28:16.829,03194T,depth
2026-08-05T09:28:16.893,03196T,depth
2026-08-05T09:28:16.893,03195T,depth
2026-08-05T09:28:16.893,03197T,depth
2026-08-05T09:28:17.813,03182T,depth
2026-08-05T09:28:17.890,03046T,depth
2026-08-05T09:28:17.890,03046T,depth
2026-08-05T09:28:17.890,03182T,depth
2026-08-05T09:28:17.954,03011T,depth
2026-08-05T09:28:17.956,03077T,depth
2026-08-05T09:28:17.956,03077T,depth
2026-08-05T09:28:17.956,03011T,depth
2026-08-05T09:28:20.211,03046T,depth
2026-08-05T09:28:20.276,03011T,depth
2026-08-05T09:28:20.276,03182T,depth
2026-08-05T09:28:20.276,03077T,depth
2026-08-05T09:28:20.560,03195T,depth
2026-08-05T09:28:20.624,03194T,depth
2026-08-05T09:28:20.624,03011T,depth
2026-08-05T09:28:20.633,03197T,depth
2026-08-05T09:28:20.633,03196T,depth
2026-08-05T09:28:20.633,03046T,depth
2026-08-05T09:28:20.635,03182T,depth
2026-08-05T09:28:20.635,03077T,depth
2026-08-05T09:28:21.117,03197T,depth
2026-08-05T09:28:21.191,03195T,depth
2026-08-05T09:28:21.191,03196T,depth
2026-08-05T09:28:21.191,03194T,depth
2026-08-05T09:28:22.131,03011T,depth
2026-08-05T09:28:22.216,03011T,depth
2026-08-05T09:28:22.216,03046T,depth
2026-08-05T09:28:22.216,03077T,depth
2026-08-05T09:28:22.216,03182T,depth
2026-08-05T09:28:22.216,03046T,depth
2026-08-05T09:28:22.279,03077T,depth
2026-08-05T09:28:22.279,03182T,depth
2026-08-05T09:28:24.789,03046T,depth
2026-08-05T09:28:29.552,03195T,depth
2026-08-05T09:28:29.617,03194T,depth
2026-08-05T09:28:29.619,03197T,depth
2026-08-05T09:28:29.619,03196T,depth
2026-08-05T09:28:30.098,03194T,depth
2026-08-05T09:28:30.172,03195T,depth
2026-08-05T09:28:30.178,03196T,depth
2026-08-05T09:28:30.178,03197T,depth
2026-08-05T09:28:30.252,03195T,depth
2026-08-05T09:28:30.320,03194T,depth
2026-08-05T09:28:30.320,03196T,depth
2026-08-05T09:28:30.320,03197T,depth
2026-08-05T09:28:30.779,03195T,depth
2026-08-05T09:28:30.847,03194T,depth
2026-08-05T09:28:30.850,03197T,depth
2026-08-05T09:28:30.850,03196T,depth
2026-08-05T09:28:31.421,03011T,depth
2026-08-05T09:28:31.497,03046T,depth
2026-08-05T09:28:31.499,03182T,depth
2026-08-05T09:28:31.500,03077T,depth
2026-08-05T09:28:31.782,03195T,depth
2026-08-05T09:28:31.846,03194T,depth
2026-08-05T09:28:31.848,03197T,depth
2026-08-05T09:28:31.848,03196T,depth
2026-08-05T09:28:32.334,03196T,depth
2026-08-05T09:28:32.400,03194T,depth
2026-08-05T09:28:32.401,03197T,depth
2026-08-05T09:28:32.401,03195T,depth
2026-08-05T09:28:32.672,03077T,depth
2026-08-05T09:28:32.745,03182T,depth
2026-08-05T09:28:32.809,03046T,depth
2026-08-05T09:28:32.872,03011T,depth
2026-08-05T09:28:34.530,03046T,depth
2026-08-05T09:28:38.619,03077T,depth
2026-08-05T09:28:38.679,03182T,depth
2026-08-05T09:28:38.679,03046T,depth
2026-08-05T09:28:38.679,03011T,depth
2026-08-05T09:28:38.988,03182T,depth
2026-08-05T09:28:39.050,03077T,depth
2026-08-05T09:28:39.050,03011T,depth
2026-08-05T09:28:39.050,03046T,depth
2026-08-05T09:28:40.099,03077T,depth
2026-08-05T09:28:40.174,03011T,depth
2026-08-05T09:28:40.176,03077T,depth
2026-08-05T09:28:40.176,03046T,depth
2026-08-05T09:28:40.176,03011T,depth
2026-08-05T09:28:40.176,03046T,depth
2026-08-05T09:28:40.239,03182T,depth
2026-08-05T09:28:40.303,03182T,depth
2026-08-05T09:28:45.516,03011T,depth
2026-08-05T09:28:45.601,03182T,depth
2026-08-05T09:28:45.601,03077T,depth
2026-08-05T09:28:45.601,03046T,depth
2026-08-05T09:28:46.411,03046T,depth
2026-08-05T09:28:46.481,03077T,depth
2026-08-05T09:28:47.471,03011T,depth
2026-08-05T09:28:47.548,03182T,depth
2026-08-05T09:28:48.230,03182T,depth
2026-08-05T09:28:48.298,03077T,depth
2026-08-05T09:28:48.301,03011T,depth
2026-08-05T09:28:48.301,03046T,depth
2026-08-05T09:28:49.547,03046T,depth
2026-08-05T09:28:49.616,03011T,depth
2026-08-05T09:28:49.696,03077T,depth
2026-08-05T09:28:49.696,03182T,depth
2026-08-05T09:28:49.791,03196T,depth
2026-08-05T09:28:49.857,03197T,depth
2026-08-05T09:28:49.858,03046T,depth
2026-08-05T09:28:49.858,03195T,depth
2026-08-05T09:28:49.858,03194T,depth
2026-08-05T09:28:49.858,03011T,depth
2026-08-05T09:28:49.858,03182T,depth
2026-08-05T09:28:49.867,03077T,depth
2026-08-05T09:28:50.331,03195T,depth
2026-08-05T09:28:50.400,03194T,depth
2026-08-05T09:28:50.400,03196T,depth
2026-08-05T09:28:50.400,03197T,depth
2026-08-05T09:28:50.612,03046T,depth
2026-08-05T09:28:50.691,03077T,depth
2026-08-05T09:28:51.620,03182T,depth
2026-08-05T09:28:51.700,03011T,depth
2026-08-05T09:28:53.106,03182T,depth
2026-08-05T09:28:53.191,03077T,depth
2026-08-05T09:28:53.191,03011T,depth
2026-08-05T09:28:53.191,03046T,depth
2026-08-05T09:28:53.735,03046T,depth
2026-08-05T09:28:53.864,03077T,depth
2026-08-05T09:28:53.943,03195T,depth
2026-08-05T09:28:53.943,03194T,depth
2026-08-05T09:28:53.943,03011T,depth
2026-08-05T09:28:53.943,03077T,depth
2026-08-05T09:28:53.943,03182T,depth
2026-08-05T09:28:53.943,03197T,depth
2026-08-05T09:28:53.943,03196T,depth
2026-08-05T09:28:53.943,03046T,depth
2026-08-05T09:28:54.390,03197T,depth
2026-08-05T09:28:54.469,03195T,depth
2026-08-05T09:28:54.469,03196T,depth
2026-08-05T09:28:54.469,03194T,depth
2026-08-05T09:28:54.825,03077T,depth
2026-08-05T09:28:54.902,03046T,depth
2026-08-05T09:28:55.297,03182T,depth
2026-08-05T09:28:55.384,03077T,depth
2026-08-05T09:28:55.384,03046T,depth
2026-08-05T09:28:55.384,03011T,depth
2026-08-05T09:28:55.927,03046T,depth
2026-08-05T09:28:56.021,03077T,depth
2026-08-05T09:28:56.950,03011T,depth
2026-08-05T09:28:57.029,03011T,depth
2026-08-05T09:28:57.029,03011T,depth
2026-08-05T09:28:57.095,03182T,depth
2026-08-05T09:28:57.095,03182T,depth
2026-08-05T09:28:57.155,03182T,depth
2026-08-05T09:28:59.230,03046T,depth
2026-08-05T09:28:59.313,03182T,depth
2026-08-05T09:28:59.313,03077T,depth
2026-08-05T09:28:59.313,03011T,depth
2026-08-05T09:29:00.149,03077T,depth
2026-08-05T09:29:00.276,03046T,depth
2026-08-05T09:29:01.267,03011T,depth
2026-08-05T09:29:01.341,03182T,depth
2026-08-05T09:29:01.517,03197T,depth
2026-08-05T09:29:01.587,03196T,depth
2026-08-05T09:29:01.587,03046T,depth
2026-08-05T09:29:01.587,03195T,depth
2026-08-05T09:29:01.587,03194T,depth
2026-08-05T09:29:01.587,03011T,depth
2026-08-05T09:29:01.587,03077T,depth
2026-08-05T09:29:01.587,03182T,depth
2026-08-05T09:29:02.066,03194T,depth
2026-08-05T09:29:02.131,03196T,depth
2026-08-05T09:29:02.131,03195T,depth
2026-08-05T09:29:02.133,03197T,depth
2026-08-05T09:29:02.402,03046T,depth
2026-08-05T09:29:02.574,03077T,depth
2026-08-05T09:29:03.300,03197T,depth
2026-08-05T09:29:03.379,03196T,depth
2026-08-05T09:29:03.379,03046T,depth
2026-08-05T09:29:03.379,03195T,depth
2026-08-05T09:29:03.379,03194T,depth
2026-08-05T09:29:03.379,03011T,depth
2026-08-05T09:29:03.379,03182T,depth
2026-08-05T09:29:03.379,03077T,depth
2026-08-05T09:29:03.828,03195T,depth
2026-08-05T09:29:03.906,03197T,depth
2026-08-05T09:29:03.971,03194T,depth
2026-08-05T09:29:03.971,03196T,depth
2026-08-05T09:29:04.163,03046T,depth
2026-08-05T09:29:04.243,03077T,depth
2026-08-05T09:29:04.515,03182T,depth
2026-08-05T09:29:04.594,03011T,depth
2026-08-05T09:29:04.594,03182T,depth
2026-08-05T09:29:04.594,03011T,depth
2026-08-05T09:29:14.038,03182T,depth
2026-08-05T09:29:14.117,03077T,depth
2026-08-05T09:29:14.117,03046T,depth
2026-08-05T09:29:14.118,03011T,depth
2026-08-05T09:29:14.974,03046T,depth
2026-08-05T09:29:15.024,03077T,depth
2026-08-05T09:29:15.116,03182T,depth
2026-08-05T09:29:15.194,03077T,depth
2026-08-05T09:29:15.194,03046T,depth
2026-08-05T09:29:15.194,03011T,depth
2026-08-05T09:29:16.008,03046T,depth
2026-08-05T09:29:16.088,03077T,depth
2026-08-05T09:29:16.984,03011T,depth
2026-08-05T09:29:17.047,03046T,depth
2026-08-05T09:29:17.047,03182T,depth
2026-08-05T09:29:17.047,03077T,depth
2026-08-05T09:29:17.848,03077T,depth
2026-08-05T09:29:17.913,03046T,depth
2026-08-05T09:29:18.149,03182T,depth
2026-08-05T09:29:18.217,03182T,depth
2026-08-05T09:29:18.280,03182T,depth
2026-08-05T09:29:18.280,03182T,depth
2026-08-05T09:29:18.280,03077T,depth
2026-08-05T09:29:18.291,03196T,depth
2026-08-05T09:29:18.291,03197T,depth
2026-08-05T09:29:18.294,03046T,depth
2026-08-05T09:29:18.294,03195T,depth
2026-08-05T09:29:18.296,03194T,depth
2026-08-05T09:29:18.296,03011T,depth
2026-08-05T09:29:18.425,03011T,depth
2026-08-05T09:29:18.425,03011T,depth
2026-08-05T09:29:18.840,03195T,depth
2026-08-05T09:29:18.905,03197T,depth
2026-08-05T09:29:18.905,03196T,depth
2026-08-05T09:29:18.915,03194T,depth
2026-08-05T09:29:19.203,03105T,depth
2026-08-05T09:29:19.299,03080T,depth
2026-08-05T09:29:19.299,03196T,depth
2026-08-05T09:29:19.303,03197T,depth
2026-08-05T09:29:19.303,03077T,depth
2026-08-05T09:29:19.305,03195T,depth
2026-08-05T09:29:19.305,03194T,depth
2026-08-05T09:29:19.305,03046T,depth
2026-08-05T09:29:19.305,03077T,depth
2026-08-05T09:29:19.305,03046T,depth
2026-08-05T09:29:19.305,03077T,depth
2026-08-05T09:29:19.698,03194T,depth
2026-08-05T09:29:19.768,03196T,depth
2026-08-05T09:29:19.768,03197T,depth
2026-08-05T09:29:19.768,03195T,depth
2026-08-05T09:29:20.177,03194T,depth
2026-08-05T09:29:20.248,03195T,depth
2026-08-05T09:29:20.248,03197T,depth
2026-08-05T09:29:20.248,03080T,depth
2026-08-05T09:29:20.248,03196T,depth
2026-08-05T09:29:20.248,03182T,depth
2026-08-05T09:29:20.713,03195T,depth
2026-08-05T09:29:20.792,03197T,depth
2026-08-05T09:29:20.792,03194T,depth
2026-08-05T09:29:20.794,03196T,depth
2026-08-05T09:29:20.857,03105T,depth
2026-08-05T09:29:20.915,03080T,depth
2026-08-05T09:29:20.915,03080T,depth
2026-08-05T09:29:21.558,03182T,depth
2026-08-05T09:29:21.624,03077T,depth
2026-08-05T09:29:21.624,03011T,depth
2026-08-05T09:29:21.624,03046T,depth
2026-08-05T09:29:22.331,03046T,depth
2026-08-05T09:29:22.410,03011T,depth
2026-08-05T09:29:22.410,03182T,depth
2026-08-05T09:29:22.410,03077T,depth
2026-08-05T09:29:22.410,03046T,depth
2026-08-05T09:29:22.514,03077T,depth
2026-08-05T09:29:22.584,03046T,depth
2026-08-05T09:29:22.584,03077T,depth
2026-08-05T09:29:22.584,03182T,depth
2026-08-05T09:29:22.584,03011T,depth
2026-08-05T09:29:22.647,03046T,depth
2026-08-05T09:29:22.649,03077T,depth
2026-08-05T09:29:23.682,03046T,depth
2026-08-05T09:29:23.751,03077T,depth
2026-08-05T09:29:23.751,03046T,depth
2026-08-05T09:29:23.751,03077T,depth
2026-08-05T09:29:23.751,03046T,depth
2026-08-05T09:29:23.751,03077T,depth
2026-08-05T09:29:23.751,03046T,depth
2026-08-05T09:29:23.817,03046T,depth
2026-08-05T09:29:23.817,03077T,depth
2026-08-05T09:29:23.817,03077T,depth
2026-08-05T09:29:23.817,03074T,depth
2026-08-05T09:29:23.817,03074T,depth
2026-08-05T09:29:23.817,03074T,depth
2026-08-05T09:29:23.878,03074T,depth
2026-08-05T09:29:23.878,03074T,depth
2026-08-05T09:29:23.878,03077T,depth
2026-08-05T09:29:23.878,03046T,depth
2026-08-05T09:29:24.487,03182T,depth
2026-08-05T09:29:24.565,03182T,depth
2026-08-05T09:29:24.565,03182T,depth
2026-08-05T09:29:24.629,03011T,depth
2026-08-05T09:29:24.631,03046T,depth
2026-08-05T09:29:24.695,03011T,depth
2026-08-05T09:29:24.697,03077T,depth
2026-08-05T09:29:24.697,03046T,depth
2026-08-05T09:29:24.705,03011T,depth
2026-08-05T09:29:24.717,03077T,depth
2026-08-05T09:29:24.717,03077T,depth
2026-08-05T09:29:26.325,03011T,depth
2026-08-05T09:29:26.403,03046T,depth
2026-08-05T09:29:26.403,03182T,depth
2026-08-05T09:29:26.403,03077T,depth
2026-08-05T09:29:26.729,03182T,depth
2026-08-05T09:29:26.803,03077T,depth
2026-08-05T09:29:26.803,03011T,depth
2026-08-05T09:29:26.803,03046T,depth
2026-08-05T09:29:26.803,03046T,depth
2026-08-05T09:29:26.837,03182T,depth
2026-08-05T09:29:26.837,03077T,depth
2026-08-05T09:29:26.837,03011T,depth
2026-08-05T09:29:27.620,03046T,depth
2026-08-05T09:29:27.696,03077T,depth
2026-08-05T09:29:27.698,03046T,depth
2026-08-05T09:29:27.698,03077T,depth
2026-08-05T09:29:27.760,03077T,depth
2026-08-05T09:29:28.272,03195T,depth
2026-08-05T09:29:28.336,03194T,depth
2026-08-05T09:29:28.336,03077T,depth
2026-08-05T09:29:28.336,03197T,depth
2026-08-05T09:29:28.336,03196T,depth
2026-08-05T09:29:28.336,03046T,depth
2026-08-05T09:29:28.673,03077T,depth
2026-08-05T09:29:28.738,03046T,depth
2026-08-05T09:29:28.796,03011T,depth
2026-08-05T09:29:28.796,03195T,depth
2026-08-05T09:29:28.796,03011T,depth
2026-08-05T09:29:28.865,03074T,depth
2026-08-05T09:29:28.865,03197T,depth
2026-08-05T09:29:28.865,03074T,depth
2026-08-05T09:29:28.865,03074T,depth
2026-08-05T09:29:28.865,03182T,depth
2026-08-05T09:29:28.865,03074T,depth
2026-08-05T09:29:28.865,03074T,depth
2026-08-05T09:29:28.865,03194T,depth
2026-08-05T09:29:28.865,03196T,depth
2026-08-05T09:29:28.865,03011T,depth
2026-08-05T09:29:28.928,03182T,depth
2026-08-05T09:29:28.931,03182T,depth
2026-08-05T09:29:29.005,03182T,depth
2026-08-05T09:29:29.073,03077T,depth
2026-08-05T09:29:29.075,03046T,depth
2026-08-05T09:29:29.075,03011T,depth
2026-08-05T09:29:29.360,03011T,depth
2026-08-05T09:29:29.440,03182T,depth
2026-08-05T09:29:29.804,03046T,depth
2026-08-05T09:29:29.873,03046T,depth
2026-08-05T09:29:29.873,03077T,depth
2026-08-05T09:29:29.933,03077T,depth
2026-08-05T09:29:29.935,03077T,depth
2026-08-05T09:29:30.125,03046T,depth
2026-08-05T09:29:30.189,03182T,depth
2026-08-05T09:29:30.191,03077T,depth
2026-08-05T09:29:30.191,03011T,depth
2026-08-05T09:29:30.679,03046T,depth
2026-08-05T09:29:30.747,03077T,depth
2026-08-05T09:29:31.528,03046T,depth
2026-08-05T09:29:31.598,03077T,depth
2026-08-05T09:29:31.902,03074T,depth
2026-08-05T09:29:31.964,03074T,depth
2026-08-05T09:29:31.964,03074T,depth
2026-08-05T09:29:31.964,03182T,depth
2026-08-05T09:29:31.964,03182T,depth
2026-08-05T09:29:31.964,03011T,depth
2026-08-05T09:29:31.964,03011T,depth
2026-08-05T09:29:31.964,03074T,depth
2026-08-05T09:29:31.964,03074T,depth
2026-08-05T09:29:31.964,03182T,depth
2026-08-05T09:29:31.964,03182T,depth
2026-08-05T09:29:31.964,03011T,depth
2026-08-05T09:29:32.028,03182T,depth
2026-08-05T09:29:32.028,03182T,depth
2026-08-05T09:29:32.028,03011T,depth
2026-08-05T09:29:32.028,03011T,depth
2026-08-05T09:29:32.105,03011T,depth
2026-08-05T09:29:32.271,03105T,depth
2026-08-05T09:29:32.326,03150T,depth
2026-08-05T09:29:32.326,03150T,depth
2026-08-05T09:29:32.328,03198T,depth
2026-08-05T09:29:32.328,03198T,depth
2026-08-05T09:29:32.328,03198T,depth
2026-08-05T09:29:32.330,031678,depth
2026-08-05T09:29:32.330,031678,depth
2026-08-05T09:29:32.330,03195T,depth
2026-08-05T09:29:32.330,03195T,depth
2026-08-05T09:29:32.330,03195T,depth
2026-08-05T09:29:32.330,03194T,depth
2026-08-05T09:29:32.330,03194T,depth
2026-08-05T09:29:32.330,03194T,depth
2026-08-05T09:29:32.330,030573,depth
2026-08-05T09:29:32.330,03197T,depth
2026-08-05T09:29:32.330,03002T,depth
2026-08-05T09:29:32.330,03197T,depth
2026-08-05T09:29:32.330,03196T,depth
2026-08-05T09:29:32.330,03196T,depth
2026-08-05T09:29:32.330,03080T,depth
2026-08-05T09:29:32.330,03197T,depth
2026-08-05T09:29:32.330,03069T,depth
2026-08-05T09:29:32.330,03196T,depth
2026-08-05T09:29:32.714,03125T,depth
2026-08-05T09:29:32.792,03125T,depth
2026-08-05T09:29:32.792,03080T,depth
2026-08-05T09:29:32.792,03080T,depth
2026-08-05T09:29:32.870,03105T,depth
2026-08-05T09:29:32.870,03125T,depth
2026-08-05T09:29:32.870,03125T,depth
2026-08-05T09:29:33.080,03046T,depth
2026-08-05T09:29:33.161,03046T,depth
2026-08-05T09:29:33.223,03046T,depth
2026-08-05T09:29:33.287,03046T,depth
2026-08-05T09:29:33.448,03046T,depth
2026-08-05T09:29:33.526,03182T,depth
2026-08-05T09:29:33.526,03183T,depth
2026-08-05T09:29:33.526,03183T,depth
2026-08-05T09:29:33.526,03183T,depth
2026-08-05T09:29:33.591,031645,depth
2026-08-05T09:29:33.591,031645,depth
2026-08-05T09:29:33.591,03183T,depth
2026-08-05T09:29:33.655,03077T,depth
2026-08-05T09:29:33.719,03077T,depth
2026-08-05T09:29:33.719,03077T,depth
2026-08-05T09:29:33.796,03077T,depth
2026-08-05T09:29:34.215,03046T,depth
2026-08-05T09:29:34.296,03046T,depth
2026-08-05T09:29:34.296,03011T,depth
2026-08-05T09:29:34.296,03011T,depth
2026-08-05T09:29:34.296,03182T,depth
2026-08-05T09:29:34.359,03182T,depth
2026-08-05T09:29:34.361,03011T,depth
2026-08-05T09:29:34.361,03182T,depth
2026-08-05T09:29:34.423,03182T,depth
2026-08-05T09:29:34.486,031678,depth
2026-08-05T09:29:34.486,03105T,depth
2026-08-05T09:29:34.489,03105T,depth
2026-08-05T09:29:34.551,03080T,depth
2026-08-05T09:29:34.551,03080T,depth
2026-08-05T09:29:34.553,03046T,depth
2026-08-05T09:29:34.553,03182T,depth
2026-08-05T09:29:34.553,03077T,depth
2026-08-05T09:29:34.555,03011T,depth
2026-08-05T09:29:34.677,03069T,depth
2026-08-05T09:29:34.775,03002T,depth
2026-08-05T09:29:34.995,03150T,depth
2026-08-05T09:29:35.194,03046T,depth
2026-08-05T09:29:35.258,03077T,depth
2026-08-05T09:29:35.258,03077T,depth
2026-08-05T09:29:35.320,03196T,depth
2026-08-05T09:29:35.320,03196T,depth
2026-08-05T09:29:35.320,03196T,depth
2026-08-05T09:29:35.320,03194T,depth
2026-08-05T09:29:35.320,03194T,depth
2026-08-05T09:29:35.320,03194T,depth
2026-08-05T09:29:35.320,03198T,depth
2026-08-05T09:29:35.320,03198T,depth
2026-08-05T09:29:35.320,03198T,depth
2026-08-05T09:29:35.320,031678,depth
2026-08-05T09:29:35.320,031678,depth
2026-08-05T09:29:35.382,03197T,depth
2026-08-05T09:29:35.384,03197T,depth
2026-08-05T09:29:35.384,03197T,depth
2026-08-05T09:29:35.384,03195T,depth
2026-08-05T09:29:35.384,03195T,depth
2026-08-05T09:29:35.384,03195T,depth
2026-08-05T09:29:35.447,03046T,depth
2026-08-05T09:29:35.447,03182T,depth
2026-08-05T09:29:35.451,03077T,depth
2026-08-05T09:29:35.451,03011T,depth
2026-08-05T09:29:35.451,03197T,depth
2026-08-05T09:29:35.451,03196T,depth
2026-08-05T09:29:35.451,03046T,depth
2026-08-05T09:29:35.451,03195T,depth
2026-08-05T09:29:35.451,03194T,depth
2026-08-05T09:29:35.451,03011T,depth
2026-08-05T09:29:35.451,03182T,depth
2026-08-05T09:29:35.451,03077T,depth
2026-08-05T09:29:35.577,03077T,depth
2026-08-05T09:29:35.656,03046T,depth
2026-08-05T09:29:35.971,03196T,depth
2026-08-05T09:29:36.040,03194T,depth
2026-08-05T09:29:36.040,03197T,depth
2026-08-05T09:29:36.040,03195T,depth
2026-08-05T09:29:36.313,03046T,depth
2026-08-05T09:29:36.375,03077T,depth
2026-08-05T09:29:36.377,03046T,depth
2026-08-05T09:29:36.377,03077T,depth
2026-08-05T09:29:36.441,03077T,depth
2026-08-05T09:29:37.048,03074T,depth
2026-08-05T09:29:37.127,03074T,depth
2026-08-05T09:29:37.127,03074T,depth
2026-08-05T09:29:37.127,03074T,depth
2026-08-05T09:29:37.127,03074T,depth
2026-08-05T09:29:37.330,03046T,depth
2026-08-05T09:29:37.399,03077T,depth
2026-08-05T09:29:37.399,03197T,depth
2026-08-05T09:29:37.399,03194T,depth
2026-08-05T09:29:37.399,03195T,depth
2026-08-05T09:29:37.399,03080T,depth
2026-08-05T09:29:37.399,03196T,depth
2026-08-05T09:29:37.399,03046T,depth
2026-08-05T09:29:37.399,03105T,depth
2026-08-05T09:29:37.399,03077T,depth
2026-08-05T09:29:37.477,03182T,depth
2026-08-05T09:29:37.542,03182T,depth
2026-08-05T09:29:37.542,03182T,depth
2026-08-05T09:29:37.602,03011T,depth
2026-08-05T09:29:37.666,03011T,depth
2026-08-05T09:29:37.673,03011T,depth
2026-08-05T09:29:37.896,03195T,depth
2026-08-05T09:29:37.976,03197T,depth
2026-08-05T09:29:37.976,03194T,depth
2026-08-05T09:29:37.976,03196T,depth
2026-08-05T09:29:38.059,03011T,depth
2026-08-05T09:29:38.135,03046T,depth
2026-08-05T09:29:38.135,03182T,depth
2026-08-05T09:29:38.135,03077T,depth
2026-08-05T09:29:38.216,03195T,depth
2026-08-05T09:29:38.216,03194T,depth
2026-08-05T09:29:38.216,03011T,depth
2026-08-05T09:29:38.216,03197T,depth
2026-08-05T09:29:38.218,03196T,depth
2026-08-05T09:29:38.218,03182T,depth
2026-08-05T09:29:38.279,03182T,depth
2026-08-05T09:29:38.279,03011T,depth
2026-08-05T09:29:38.696,03197T,depth
2026-08-05T09:29:38.774,03196T,depth
2026-08-05T09:29:38.776,03195T,depth
2026-08-05T09:29:38.776,03194T,depth
2026-08-05T09:29:39.040,03105T,depth
2026-08-05T09:29:39.107,03080T,depth
2026-08-05T09:29:39.269,03196T,depth
2026-08-05T09:29:39.346,03197T,depth
2026-08-05T09:29:39.346,03195T,depth
2026-08-05T09:29:39.346,03194T,depth
2026-08-05T09:29:39.503,03046T,depth
2026-08-05T09:29:39.586,03077T,depth
2026-08-05T09:29:39.586,03046T,depth
2026-08-05T09:29:39.588,03077T,depth
2026-08-05T09:29:39.588,03182T,depth
2026-08-05T09:29:39.588,03077T,depth
2026-08-05T09:29:39.659,03182T,depth
2026-08-05T09:29:39.659,03182T,depth
2026-08-05T09:29:39.725,03011T,depth
2026-08-05T09:29:39.725,03011T,depth
2026-08-05T09:29:39.790,03011T,depth
2026-08-05T09:29:39.851,03196T,depth
2026-08-05T09:29:39.851,03197T,depth
2026-08-05T09:29:39.851,03194T,depth
2026-08-05T09:29:39.851,03195T,depth
2026-08-05T09:29:40.624,03011T,depth
2026-08-05T09:29:40.699,03046T,depth
2026-08-05T09:29:40.699,03182T,depth
2026-08-05T09:29:40.701,03077T,depth
2026-08-05T09:29:40.988,03046T,depth
2026-08-05T09:29:41.066,03077T,depth
2026-08-05T09:29:41.066,03182T,depth
2026-08-05T09:29:41.066,03011T,depth
2026-08-05T09:29:41.066,03197T,depth
2026-08-05T09:29:41.066,03196T,depth
2026-08-05T09:29:41.066,03046T,depth
2026-08-05T09:29:41.066,03182T,depth
2026-08-05T09:29:41.066,03077T,depth
2026-08-05T09:29:41.066,03195T,depth
2026-08-05T09:29:41.066,03194T,depth
2026-08-05T09:29:41.066,03011T,depth
2026-08-05T09:29:41.498,03197T,depth
2026-08-05T09:29:41.573,03196T,depth
2026-08-05T09:29:41.580,03195T,depth
2026-08-05T09:29:41.580,03194T,depth
2026-08-05T09:29:41.641,03077T,depth
2026-08-05T09:29:41.643,03046T,depth
2026-08-05T09:29:41.706,03046T,depth
2026-08-05T09:29:41.706,03077T,depth
2026-08-05T09:29:41.706,03077T,depth
2026-08-05T09:29:42.749,03011T,depth
2026-08-05T09:29:42.812,03011T,depth
2026-08-05T09:29:42.812,03182T,depth
2026-08-05T09:29:42.876,03011T,depth
2026-08-05T09:29:42.876,03182T,depth
2026-08-05T09:29:42.876,03182T,depth
2026-08-05T09:29:43.212,03011T,depth
2026-08-05T09:29:43.290,03046T,depth
2026-08-05T09:29:43.290,03182T,depth
2026-08-05T09:29:43.290,03077T,depth
2026-08-05T09:29:43.419,03011T,depth
2026-08-05T09:29:43.497,03046T,depth
2026-08-05T09:29:43.499,03182T,depth
2026-08-05T09:29:43.499,03077T,depth
2026-08-05T09:29:43.561,03195T,depth
2026-08-05T09:29:43.561,03194T,depth
2026-08-05T09:29:43.561,03011T,depth
2026-08-05T09:29:43.561,03197T,depth
2026-08-05T09:29:43.561,03196T,depth
2026-08-05T09:29:43.561,03046T,depth
2026-08-05T09:29:43.561,03182T,depth
2026-08-05T09:29:43.561,03077T,depth
2026-08-05T09:29:44.038,03195T,depth
2026-08-05T09:29:44.101,03194T,depth
2026-08-05T09:29:44.108,03197T,depth
2026-08-05T09:29:44.108,03196T,depth
2026-08-05T09:29:44.442,031678,depth
2026-08-05T09:29:44.570,03195T,depth
2026-08-05T09:29:44.649,03194T,depth
2026-08-05T09:29:44.649,03197T,depth
2026-08-05T09:29:44.649,03196T,depth
2026-08-05T09:29:44.795,03182T,depth
2026-08-05T09:29:44.860,03077T,depth
2026-08-05T09:29:44.860,03182T,depth
2026-08-05T09:29:44.860,03046T,depth
2026-08-05T09:29:44.860,03077T,depth
2026-08-05T09:29:44.860,03011T,depth
2026-08-05T09:29:44.921,03182T,depth
2026-08-05T09:29:44.921,03077T,depth
2026-08-05T09:29:44.921,03011T,depth
2026-08-05T09:29:44.921,03046T,depth
2026-08-05T09:29:44.921,03011T,depth
2026-08-05T09:29:45.077,03194T,depth
2026-08-05T09:29:45.146,03196T,depth
2026-08-05T09:29:45.146,03197T,depth
2026-08-05T09:29:45.148,03195T,depth
2026-08-05T09:29:45.368,03046T,depth
2026-08-05T09:29:45.433,03011T,depth
2026-08-05T09:29:45.433,03182T,depth
2026-08-05T09:29:45.433,03077T,depth
2026-08-05T09:29:45.499,03197T,depth
2026-08-05T09:29:45.577,03196T,depth
2026-08-05T09:29:45.577,03046T,depth
2026-08-05T09:29:45.580,03195T,depth
2026-08-05T09:29:45.580,03194T,depth
2026-08-05T09:29:45.580,03011T,depth
2026-08-05T09:29:45.580,03182T,depth
2026-08-05T09:29:45.583,03077T,depth
2026-08-05T09:29:45.994,03046T,depth
2026-08-05T09:29:46.056,03011T,depth
2026-08-05T09:29:46.056,03182T,depth
2026-08-05T09:29:46.056,03077T,depth
2026-08-05T09:29:46.056,03197T,depth
2026-08-05T09:29:46.056,03195T,depth
2026-08-05T09:29:46.056,03196T,depth
2026-08-05T09:29:46.056,03194T,depth
2026-08-05T09:29:47.032,03046T,depth
2026-08-05T09:29:47.099,03046T,depth
2026-08-05T09:29:47.099,03077T,depth
2026-08-05T09:29:47.164,03077T,depth
2026-08-05T09:29:47.164,03077T,depth
2026-08-05T09:29:47.692,03195T,depth
2026-08-05T09:29:47.770,03194T,depth
2026-08-05T09:29:47.770,03077T,depth
2026-08-05T09:29:47.770,03196T,depth
2026-08-05T09:29:47.770,03197T,depth
2026-08-05T09:29:47.770,03046T,depth
2026-08-05T09:29:47.963,03182T,depth
2026-08-05T09:29:48.028,03182T,depth
2026-08-05T09:29:48.091,03182T,depth
2026-08-05T09:29:48.091,03011T,depth
2026-08-05T09:29:48.155,03011T,depth
2026-08-05T09:29:48.157,03011T,depth
2026-08-05T09:29:48.246,03197T,depth
2026-08-05T09:29:48.315,03195T,depth
2026-08-05T09:29:48.315,03194T,depth
2026-08-05T09:29:48.317,03196T,depth
2026-08-05T09:29:48.390,03197T,depth
2026-08-05T09:29:48.460,03196T,depth
2026-08-05T09:29:48.460,03046T,depth
2026-08-05T09:29:48.460,03182T,depth
2026-08-05T09:29:48.460,03077T,depth
2026-08-05T09:29:48.460,03195T,depth
2026-08-05T09:29:48.460,03194T,depth
2026-08-05T09:29:48.460,03011T,depth
2026-08-05T09:29:48.827,03046T,depth
2026-08-05T09:29:48.906,03182T,depth
2026-08-05T09:29:48.906,03077T,depth
2026-08-05T09:29:48.908,03011T,depth
2026-08-05T09:29:48.908,03196T,depth
2026-08-05T09:29:48.910,03194T,depth
2026-08-05T09:29:48.984,03197T,depth
2026-08-05T09:29:48.984,03195T,depth
2026-08-05T09:29:49.047,03011T,depth
2026-08-05T09:29:49.047,03182T,depth
2026-08-05T09:29:49.333,03195T,depth
2026-08-05T09:29:49.397,03194T,depth
2026-08-05T09:29:49.397,03197T,depth
2026-08-05T09:29:49.397,03196T,depth
2026-08-05T09:29:49.900,03197T,depth
2026-08-05T09:29:49.964,03195T,depth
2026-08-05T09:29:49.964,03194T,depth
2026-08-05T09:29:49.964,03196T,depth
2026-08-05T09:29:50.124,03077T,depth
2026-08-05T09:29:50.188,03077T,depth
2026-08-05T09:29:50.251,03077T,depth
2026-08-05T09:29:50.251,03046T,depth
2026-08-05T09:29:50.254,03077T,depth
2026-08-05T09:29:50.254,03046T,depth
2026-08-05T09:29:50.254,03046T,depth
2026-08-05T09:29:50.310,03046T,depth
2026-08-05T09:29:50.821,03046T,depth
2026-08-05T09:29:50.906,03077T,depth
2026-08-05T09:29:51.144,03182T,depth
2026-08-05T09:29:51.225,03011T,depth
2026-08-05T09:29:51.225,03182T,depth
2026-08-05T09:29:51.225,03011T,depth
2026-08-05T09:29:51.285,03182T,depth
2026-08-05T09:29:51.285,03011T,depth
2026-08-05T09:29:51.285,03080T,depth
2026-08-05T09:29:52.155,03046T,depth
2026-08-05T09:29:52.224,03077T,depth
2026-08-05T09:29:52.224,03046T,depth
2026-08-05T09:29:52.224,03077T,depth
2026-08-05T09:29:52.327,03011T,depth
2026-08-05T09:29:52.398,03182T,depth
2026-08-05T09:29:52.398,03077T,depth
2026-08-05T09:29:52.398,03046T,depth
2026-08-05T09:29:52.949,03080T,depth
2026-08-05T09:29:53.016,03080T,depth
2026-08-05T09:29:53.349,03046T,depth
2026-08-05T09:29:53.416,03077T,depth
2026-08-05T09:29:53.722,03182T,depth
2026-08-05T09:29:53.801,03077T,depth
2026-08-05T09:29:53.801,03046T,depth
2026-08-05T09:29:53.801,03011T,depth
2026-08-05T09:29:53.926,03077T,depth
2026-08-05T09:29:53.992,03182T,depth
2026-08-05T09:29:53.992,03046T,depth
2026-08-05T09:29:53.992,03011T,depth
2026-08-05T09:29:54.950,03077T,depth
2026-08-05T09:29:55.030,03046T,depth
2026-08-05T09:29:55.347,03011T,depth
2026-08-05T09:29:55.411,03182T,depth
2026-08-05T09:29:55.413,03011T,depth
2026-08-05T09:29:55.413,03182T,depth
2026-08-05T09:29:55.474,03011T,depth
2026-08-05T09:29:55.476,03182T,depth
2026-08-05T09:29:55.839,03046T,depth
2026-08-05T09:29:55.909,03077T,depth
2026-08-05T09:29:55.909,03046T,depth
2026-08-05T09:29:55.911,03077T,depth
2026-08-05T09:29:55.911,03077T,depth
2026-08-05T09:29:56.468,03046T,depth
2026-08-05T09:29:56.548,03182T,depth
2026-08-05T09:29:56.548,03077T,depth
2026-08-05T09:29:56.548,03011T,depth
2026-08-05T09:29:57.512,03046T,depth
2026-08-05T09:29:57.589,03077T,depth
2026-08-05T09:29:58.086,03080T,depth
2026-08-05T09:29:58.148,03197T,depth
2026-08-05T09:29:58.148,03196T,depth
2026-08-05T09:29:58.148,03046T,depth
2026-08-05T09:29:58.148,03105T,depth
2026-08-05T09:29:58.148,03182T,depth
2026-08-05T09:29:58.148,03077T,depth
2026-08-05T09:29:58.148,03194T,depth
2026-08-05T09:29:58.148,03195T,depth
2026-08-05T09:29:58.148,03011T,depth
2026-08-05T09:29:58.613,03197T,depth
2026-08-05T09:29:58.677,03196T,depth
2026-08-05T09:29:58.677,03195T,depth
2026-08-05T09:29:58.677,03194T,depth
2026-08-05T09:29:59.283,03182T,depth
2026-08-05T09:29:59.347,03077T,depth
2026-08-05T09:29:59.347,03011T,depth
2026-08-05T09:29:59.349,03046T,depth
2026-08-05T09:29:59.411,03197T,depth
2026-08-05T09:29:59.411,03196T,depth
2026-08-05T09:29:59.414,03046T,depth
2026-08-05T09:29:59.414,03077T,depth
2026-08-05T09:29:59.414,03195T,depth
2026-08-05T09:29:59.414,03194T,depth
2026-08-05T09:29:59.740,03105T,depth
2026-08-05T09:29:59.810,03080T,depth
2026-08-05T09:29:59.872,03195T,depth
2026-08-05T09:29:59.874,03196T,depth
2026-08-05T09:29:59.874,03194T,depth
2026-08-05T09:29:59.954,03197T,depth
2026-08-05T09:30:00.647,03182T,depth
2026-08-05T09:30:00.719,03182T,depth
2026-08-05T09:30:00.719,03182T,depth
2026-08-05T09:30:00.719,03011T,depth
2026-08-05T09:30:00.719,03046T,depth
2026-08-05T09:30:00.797,03011T,depth
2026-08-05T09:30:00.799,03046T,depth
2026-08-05T09:30:00.799,03011T,depth
2026-08-05T09:30:00.863,03077T,depth
2026-08-05T09:30:00.865,03046T,depth
2026-08-05T09:30:00.865,03011T,depth
2026-08-05T09:30:00.865,03077T,depth
2026-08-05T09:30:00.865,03182T,depth
2026-08-05T09:30:00.865,03077T,depth
2026-08-05T09:30:00.927,03077T,depth
2026-08-05T09:30:01.111,03011T,depth
2026-08-05T09:30:01.180,03077T,depth
2026-08-05T09:30:01.180,03182T,depth
2026-08-05T09:30:01.182,03046T,depth
2026-08-05T09:30:01.669,03077T,depth
2026-08-05T09:30:01.733,03077T,depth
2026-08-05T09:30:01.857,03046T,depth
2026-08-05T09:30:01.923,03046T,depth
2026-08-05T09:30:02.417,03182T,depth
2026-08-05T09:30:02.495,03077T,depth
2026-08-05T09:30:02.495,03046T,depth
2026-08-05T09:30:02.495,03011T,depth
2026-08-05T09:30:02.738,030573,depth
2026-08-05T09:30:03.803,03046T,depth
2026-08-05T09:30:03.871,03182T,depth
2026-08-05T09:30:03.871,03011T,depth
2026-08-05T09:30:03.871,03077T,depth
2026-08-05T09:30:03.871,03182T,depth
2026-08-05T09:30:03.871,03011T,depth
2026-08-05T09:30:03.871,03182T,depth
2026-08-05T09:30:03.953,03011T,depth
2026-08-05T09:30:05.275,03195T,depth
2026-08-05T09:30:05.345,03194T,depth
2026-08-05T09:30:05.345,03011T,depth
2026-08-05T09:30:05.345,03197T,depth
2026-08-05T09:30:05.345,03196T,depth
2026-08-05T09:30:05.345,03046T,depth
2026-08-05T09:30:05.345,03182T,depth
2026-08-05T09:30:05.345,03077T,depth
2026-08-05T09:30:05.546,03011T,depth
2026-08-05T09:30:05.614,03046T,depth
2026-08-05T09:30:05.614,03077T,depth
2026-08-05T09:30:05.614,03182T,depth
2026-08-05T09:30:05.745,03182T,depth
2026-08-05T09:30:05.824,03077T,depth
2026-08-05T09:30:05.824,03011T,depth
2026-08-05T09:30:05.824,03046T,depth
2026-08-05T09:30:05.824,03194T,depth
2026-08-05T09:30:05.824,03196T,depth
2026-08-05T09:30:05.888,03197T,depth
2026-08-05T09:30:05.888,03195T,depth
2026-08-05T09:30:07.069,03182T,depth
2026-08-05T09:30:07.135,03011T,depth
2026-08-05T09:30:07.135,03182T,depth
2026-08-05T09:30:07.135,03011T,depth
2026-08-05T09:30:07.135,03182T,depth
2026-08-05T09:30:07.135,03046T,depth
2026-08-05T09:30:07.135,03011T,depth
2026-08-05T09:30:07.213,03046T,depth
2026-08-05T09:30:07.213,03077T,depth
2026-08-05T09:30:07.272,03077T,depth
2026-08-05T09:30:07.280,03077T,depth
2026-08-05T09:30:07.693,03011T,depth
2026-08-05T09:30:07.771,03077T,depth
2026-08-05T09:30:07.771,03182T,depth
2026-08-05T09:30:07.771,03046T,depth
2026-08-05T09:30:07.771,03074T,depth
2026-08-05T09:30:08.057,03011T,depth
2026-08-05T09:30:08.120,03182T,depth
2026-08-05T09:30:08.120,03077T,depth
2026-08-05T09:30:08.120,03046T,depth
2026-08-05T09:30:08.449,03074T,depth
2026-08-05T09:30:08.514,03074T,depth
2026-08-05T09:30:08.964,03077T,depth
2026-08-05T09:30:09.035,03182T,depth
2026-08-05T09:30:09.035,03046T,depth
2026-08-05T09:30:09.035,03011T,depth
2026-08-05T09:30:09.098,03074T,depth
2026-08-05T09:30:09.162,03074T,depth
2026-08-05T09:30:09.381,03196T,depth
2026-08-05T09:30:09.445,03197T,depth
2026-08-05T09:30:09.445,03194T,depth
2026-08-05T09:30:09.452,03195T,depth
2026-08-05T09:30:09.631,03074T,depth
2026-08-05T09:30:09.705,03074T,depth
2026-08-05T09:30:09.956,03196T,depth
2026-08-05T09:30:10.026,03197T,depth
2026-08-05T09:30:10.026,03194T,depth
2026-08-05T09:30:10.026,03195T,depth
2026-08-05T09:30:10.150,03074T,depth
2026-08-05T09:30:10.212,03074T,depth
2026-08-05T09:30:10.212,03046T,depth
2026-08-05T09:30:10.281,03011T,depth
2026-08-05T09:30:10.284,03046T,depth
2026-08-05T09:30:10.284,03182T,depth
2026-08-05T09:30:10.284,03011T,depth
2026-08-05T09:30:10.293,03077T,depth
2026-08-05T09:30:10.293,03011T,depth
2026-08-05T09:30:10.306,03182T,depth
2026-08-05T09:30:10.306,03077T,depth
2026-08-05T09:30:10.345,03182T,depth
2026-08-05T09:30:10.345,03077T,depth
2026-08-05T09:30:10.700,03074T,depth
2026-08-05T09:30:10.779,03074T,depth
2026-08-05T09:30:11.484,03074T,depth
2026-08-05T09:30:12.119,03182T,depth
2026-08-05T09:30:12.188,03077T,depth
2026-08-05T09:30:12.188,03046T,depth
2026-08-05T09:30:12.188,03011T,depth
2026-08-05T09:30:13.360,03077T,depth
2026-08-05T09:30:13.438,03182T,depth
2026-08-05T09:30:13.438,03011T,depth
2026-08-05T09:30:13.502,03046T,depth
2026-08-05T09:30:15.306,03046T,depth
2026-08-05T09:30:15.369,03011T,depth
2026-08-05T09:30:15.371,03077T,depth
2026-08-05T09:30:15.371,03182T,depth
2026-08-05T09:30:16.373,03011T,depth
2026-08-05T09:30:16.456,03077T,depth
2026-08-05T09:30:16.522,03046T,depth
2026-08-05T09:30:16.643,03182T,depth
2026-08-05T09:30:17.545,03182T,depth
2026-08-05T09:30:17.626,03077T,depth
2026-08-05T09:30:17.626,03046T,depth
2026-08-05T09:30:17.626,03011T,depth
2026-08-05T09:30:18.617,03182T,depth
2026-08-05T09:30:18.697,03046T,depth
2026-08-05T09:30:18.697,03077T,depth
2026-08-05T09:30:18.697,03011T,depth
2026-08-05T09:30:19.966,03195T,depth
2026-08-05T09:30:20.037,03194T,depth
2026-08-05T09:30:20.037,03011T,depth
2026-08-05T09:30:20.037,03196T,depth
2026-08-05T09:30:20.037,03197T,depth
2026-08-05T09:30:20.037,03046T,depth
2026-08-05T09:30:20.037,03077T,depth
2026-08-05T09:30:20.037,03182T,depth
2026-08-05T09:30:20.391,03011T,depth
2026-08-05T09:30:20.470,03077T,depth
2026-08-05T09:30:20.470,03182T,depth
2026-08-05T09:30:20.470,03046T,depth
2026-08-05T09:30:20.532,03197T,depth
2026-08-05T09:30:20.534,03195T,depth
2026-08-05T09:30:20.536,03194T,depth
2026-08-05T09:30:20.536,03196T,depth
2026-08-05T09:30:20.612,03046T,depth
2026-08-05T09:30:20.691,03011T,depth
2026-08-05T09:30:20.691,03182T,depth
2026-08-05T09:30:20.691,03077T,depth
2026-08-05T09:30:21.723,03080T,depth
2026-08-05T09:30:21.808,03197T,depth
2026-08-05T09:30:21.810,03196T,depth
2026-08-05T09:30:21.810,03105T,depth
2026-08-05T09:30:21.810,03195T,depth
2026-08-05T09:30:21.810,03194T,depth
2026-08-05T09:30:21.872,03182T,depth
2026-08-05T09:30:21.872,03046T,depth
2026-08-05T09:30:21.872,03011T,depth
2026-08-05T09:30:21.872,03077T,depth
2026-08-05T09:30:21.872,03182T,depth
2026-08-05T09:30:21.872,03046T,depth
2026-08-05T09:30:21.935,03011T,depth
2026-08-05T09:30:21.937,03182T,depth
2026-08-05T09:30:21.939,03077T,depth
2026-08-05T09:30:21.939,03011T,depth
2026-08-05T09:30:21.939,03077T,depth
2026-08-05T09:30:22.127,03011T,depth
2026-08-05T09:30:22.190,03046T,depth
2026-08-05T09:30:22.192,03182T,depth
2026-08-05T09:30:22.192,03077T,depth
2026-08-05T09:30:22.255,03197T,depth
2026-08-05T09:30:22.335,03195T,depth
2026-08-05T09:30:22.335,03194T,depth
2026-08-05T09:30:22.335,03196T,depth
2026-08-05T09:30:22.335,03011T,depth
2026-08-05T09:30:22.335,03046T,depth
2026-08-05T09:30:22.335,03182T,depth
2026-08-05T09:30:22.335,03077T,depth
2026-08-05T09:30:23.416,03105T,depth
2026-08-05T09:30:23.499,03080T,depth
2026-08-05T09:30:23.933,03182T,depth
2026-08-05T09:30:24.015,03182T,depth
2026-08-05T09:30:24.077,03011T,depth
2026-08-05T09:30:24.077,03077T,depth
2026-08-05T09:30:24.141,03077T,depth
2026-08-05T09:30:24.141,03011T,depth
2026-08-05T09:30:24.141,03046T,depth
2026-08-05T09:30:24.205,03046T,depth
2026-08-05T09:30:24.602,03182T,depth
2026-08-05T09:30:24.666,03077T,depth
2026-08-05T09:30:24.666,03046T,depth
2026-08-05T09:30:24.666,03011T,depth
2026-08-05T09:30:26.052,03011T,depth
2026-08-05T09:30:26.128,03046T,depth
2026-08-05T09:30:26.196,03077T,depth
2026-08-05T09:30:26.262,03182T,depth
2026-08-05T09:30:28.746,03011T,depth
2026-08-05T09:30:28.823,03046T,depth
2026-08-05T09:30:28.823,03077T,depth
2026-08-05T09:30:28.823,03182T,depth
2026-08-05T09:30:29.665,030573,depth
2026-08-05T09:30:29.827,030573,match
2026-08-05T09:30:29.892,030573,depth
2026-08-05T09:30:30.053,03011T,depth
2026-08-05T09:30:30.132,03182T,depth
2026-08-05T09:30:30.132,03077T,depth
2026-08-05T09:30:30.136,03046T,depth
2026-08-05T09:30:30.412,03195T,depth
2026-08-05T09:30:30.480,03194T,depth
2026-08-05T09:30:30.480,03197T,depth
2026-08-05T09:30:30.480,03196T,depth
2026-08-05T09:30:30.921,03105T,depth
2026-08-05T09:30:30.985,03080T,depth
2026-08-05T09:30:30.985,03197T,depth
2026-08-05T09:30:30.985,03195T,depth
2026-08-05T09:30:30.985,03194T,depth
2026-08-05T09:30:30.985,03196T,depth
2026-08-05T09:30:31.302,03011T,depth
2026-08-05T09:30:31.368,03046T,depth
2026-08-05T09:30:31.368,03182T,depth
2026-08-05T09:30:31.368,03046T,depth
2026-08-05T09:30:31.368,03011T,depth
2026-08-05T09:30:31.372,03182T,depth
2026-08-05T09:30:31.433,03077T,depth
2026-08-05T09:30:31.496,03077T,depth
2026-08-05T09:30:32.583,03105T,depth
2026-08-05T09:30:32.662,03080T,depth
2026-08-05T09:30:39.067,03011T,depth
2026-08-05T09:30:39.136,03182T,depth
2026-08-05T09:30:39.136,03077T,depth
2026-08-05T09:30:39.136,03046T,depth
2026-08-05T09:30:39.409,03182T,depth
2026-08-05T09:30:39.490,03077T,depth
2026-08-05T09:30:39.494,03011T,depth
2026-08-05T09:30:39.494,03046T,depth
2026-08-05T09:30:39.594,03195T,depth
2026-08-05T09:30:39.665,03194T,depth
2026-08-05T09:30:39.667,03196T,depth
2026-08-05T09:30:39.667,03197T,depth
2026-08-05T09:30:40.139,03194T,depth
2026-08-05T09:30:40.208,03195T,depth
2026-08-05T09:30:40.208,03196T,depth
2026-08-05T09:30:40.208,03197T,depth
2026-08-05T09:30:40.571,03182T,depth
2026-08-05T09:30:40.640,03077T,depth
2026-08-05T09:30:40.640,03011T,depth
2026-08-05T09:30:40.642,03046T,depth
2026-08-05T09:30:41.450,03196T,depth
2026-08-05T09:30:41.509,03197T,depth
2026-08-05T09:30:41.509,03194T,depth
2026-08-05T09:30:41.518,03195T,depth
2026-08-05T09:30:41.801,03182T,depth
2026-08-05T09:30:41.866,03046T,depth
2026-08-05T09:30:41.868,03011T,depth
2026-08-05T09:30:41.868,03182T,depth
2026-08-05T09:30:41.868,03046T,depth
2026-08-05T09:30:41.868,03011T,depth
2026-08-05T09:30:41.932,03011T,depth
2026-08-05T09:30:41.932,03182T,depth
2026-08-05T09:30:41.993,03077T,depth
2026-08-05T09:30:41.995,03077T,depth
2026-08-05T09:30:41.995,03077T,depth
2026-08-05T09:30:41.995,03196T,depth
2026-08-05T09:30:42.058,03194T,depth
2026-08-05T09:30:42.058,03197T,depth
2026-08-05T09:30:42.058,03195T,depth
2026-08-05T09:30:42.356,03197T,depth
2026-08-05T09:30:42.420,03196T,depth
2026-08-05T09:30:42.420,03195T,depth
2026-08-05T09:30:42.420,03194T,depth
2026-08-05T09:30:42.904,03194T,depth
2026-08-05T09:30:42.981,03196T,depth
2026-08-05T09:30:42.981,03195T,depth
2026-08-05T09:30:42.981,03197T,depth
2026-08-05T09:30:43.638,03182T,depth
2026-08-05T09:30:43.705,03077T,depth
2026-08-05T09:30:43.705,03046T,depth
2026-08-05T09:30:43.705,03011T,depth
2026-08-05T09:30:44.531,03077T,depth
2026-08-05T09:30:44.602,03046T,depth
2026-08-05T09:30:45.073,03182T,depth
2026-08-05T09:30:45.155,03011T,depth
2026-08-05T09:30:45.155,030573,depth
2026-08-05T09:30:51.254,03195T,depth
2026-08-05T09:30:51.328,03194T,depth
2026-08-05T09:30:51.335,03080T,depth
2026-08-05T09:30:51.337,03197T,depth
2026-08-05T09:30:51.337,03196T,depth
2026-08-05T09:30:51.337,03105T,depth
2026-08-05T09:30:51.478,03080T,depth
2026-08-05T09:30:51.685,03046T,depth
2026-08-05T09:30:51.766,03077T,depth
2026-08-05T09:30:51.766,03182T,depth
2026-08-05T09:30:51.768,03011T,depth
2026-08-05T09:30:51.768,03195T,depth
2026-08-05T09:30:51.768,03194T,depth
2026-08-05T09:30:51.830,03196T,depth
2026-08-05T09:30:51.830,03197T,depth
2026-08-05T09:30:52.159,03011T,depth
2026-08-05T09:30:52.227,03046T,depth
2026-08-05T09:30:52.229,03077T,depth
2026-08-05T09:30:52.229,03182T,depth
2026-08-05T09:30:52.773,03046T,depth
2026-08-05T09:30:52.837,03046T,depth
2026-08-05T09:30:52.837,03182T,depth
2026-08-05T09:30:52.837,03077T,depth
2026-08-05T09:30:52.837,03011T,depth
2026-08-05T09:30:52.837,03046T,depth
2026-08-05T09:30:52.900,03077T,depth
2026-08-05T09:30:52.900,03077T,depth
2026-08-05T09:30:52.964,03105T,depth
2026-08-05T09:30:52.966,03046T,depth
2026-08-05T09:30:52.966,03077T,depth
2026-08-05T09:30:52.966,03080T,depth
2026-08-05T09:30:52.966,03080T,depth
2026-08-05T09:30:53.875,03182T,depth
2026-08-05T09:30:53.941,03077T,depth
2026-08-05T09:30:53.943,03011T,depth
2026-08-05T09:30:53.943,03046T,depth
2026-08-05T09:30:53.943,03077T,depth
2026-08-05T09:30:53.945,03182T,depth
2026-08-05T09:30:53.945,03011T,depth
2026-08-05T09:30:53.945,03046T,depth
2026-08-05T09:30:53.945,03182T,depth
2026-08-05T09:30:54.004,03011T,depth
2026-08-05T09:30:54.641,03011T,depth
2026-08-05T09:30:54.711,03182T,depth
2026-08-05T09:30:54.711,03077T,depth
2026-08-05T09:30:54.711,03046T,depth
2026-08-05T09:30:54.711,03182T,depth
2026-08-05T09:30:54.711,03077T,depth
2026-08-05T09:30:54.711,03046T,depth
2026-08-05T09:30:54.711,03011T,depth
2026-08-05T09:30:55.188,03125T,depth
2026-08-05T09:30:55.496,03182T,depth
2026-08-05T09:30:55.570,03077T,depth
2026-08-05T09:30:55.570,03046T,depth
2026-08-05T09:30:55.570,03011T,depth
2026-08-05T09:30:55.570,03077T,depth
2026-08-05T09:30:55.570,03077T,depth
2026-08-05T09:30:55.634,03046T,depth
2026-08-05T09:30:55.634,03046T,depth
2026-08-05T09:30:55.710,03077T,depth
2026-08-05T09:30:55.778,03046T,depth
2026-08-05T09:30:56.639,03046T,depth
2026-08-05T09:30:56.704,03077T,depth
2026-08-05T09:30:56.704,03077T,depth
2026-08-05T09:30:56.704,03011T,depth
2026-08-05T09:30:56.769,03011T,depth
2026-08-05T09:30:56.769,03182T,depth
2026-08-05T09:30:56.769,03011T,depth
2026-08-05T09:30:56.769,03182T,depth
2026-08-05T09:30:56.827,03182T,depth
2026-08-05T09:30:56.898,03011T,depth
2026-08-05T09:30:56.898,03077T,depth
2026-08-05T09:30:56.898,03182T,depth
2026-08-05T09:30:56.898,03046T,depth
2026-08-05T09:30:57.578,03011T,depth
2026-08-05T09:30:57.646,03077T,depth
2026-08-05T09:30:57.646,03182T,depth
2026-08-05T09:30:57.646,03046T,depth
2026-08-05T09:30:57.710,03077T,depth
2026-08-05T09:30:57.712,03182T,depth
2026-08-05T09:30:57.712,03011T,depth
2026-08-05T09:30:57.712,03046T,depth
2026-08-05T09:30:58.307,03077T,depth
2026-08-05T09:30:58.387,03077T,depth
2026-08-05T09:30:58.387,03077T,depth
2026-08-05T09:30:58.450,03046T,depth
2026-08-05T09:30:58.529,03046T,depth
2026-08-05T09:30:58.831,03011T,depth
2026-08-05T09:30:58.899,03182T,depth
2026-08-05T09:30:58.899,03011T,depth
2026-08-05T09:30:58.901,03182T,depth
2026-08-05T09:30:58.901,03077T,depth
2026-08-05T09:30:58.901,03194T,depth
2026-08-05T09:30:58.901,03195T,depth
2026-08-05T09:30:58.901,03011T,depth
2026-08-05T09:30:58.901,03182T,depth
2026-08-05T09:30:58.901,03197T,depth
2026-08-05T09:30:58.901,03196T,depth
2026-08-05T09:30:58.901,03046T,depth
2026-08-05T09:30:58.961,03011T,depth
2026-08-05T09:30:58.963,03182T,depth
2026-08-05T09:30:58.963,03077T,depth
2026-08-05T09:30:58.963,03182T,depth
2026-08-05T09:30:58.963,03046T,depth
2026-08-05T09:30:58.963,03011T,depth
2026-08-05T09:30:59.026,03182T,depth
2026-08-05T09:30:59.090,03077T,depth
2026-08-05T09:30:59.092,03011T,depth
2026-08-05T09:30:59.092,03046T,depth
2026-08-05T09:30:59.396,03195T,depth
2026-08-05T09:30:59.474,03194T,depth
2026-08-05T09:30:59.474,03197T,depth
2026-08-05T09:30:59.474,03196T,depth
2026-08-05T09:30:59.965,03077T,depth
2026-08-05T09:31:00.033,03077T,depth
2026-08-05T09:31:00.033,03046T,depth
2026-08-05T09:31:00.033,03077T,depth
2026-08-05T09:31:00.096,03046T,depth
2026-08-05T09:31:00.510,03011T,depth
2026-08-05T09:31:00.574,03011T,depth
2026-08-05T09:31:00.574,03182T,depth
2026-08-05T09:31:00.574,03011T,depth
2026-08-05T09:31:00.638,03182T,depth
2026-08-05T09:31:00.702,03182T,depth
2026-08-05T09:31:01.496,03196T,depth
2026-08-05T09:31:01.565,03197T,depth
2026-08-05T09:31:01.565,03182T,depth
2026-08-05T09:31:01.565,03077T,depth
2026-08-05T09:31:01.565,03195T,depth
2026-08-05T09:31:01.565,03194T,depth
2026-08-05T09:31:01.565,03011T,depth
2026-08-05T09:31:01.565,03046T,depth
2026-08-05T09:31:01.849,03011T,depth
2026-08-05T09:31:01.917,03182T,depth
2026-08-05T09:31:01.917,03077T,depth
2026-08-05T09:31:01.920,03046T,depth
2026-08-05T09:31:02.015,03196T,depth
2026-08-05T09:31:02.094,03194T,depth
2026-08-05T09:31:02.096,03197T,depth
2026-08-05T09:31:02.096,03195T,depth
2026-08-05T09:31:02.696,03046T,depth
2026-08-05T09:31:02.764,03077T,depth
2026-08-05T09:31:02.764,03046T,depth
2026-08-05T09:31:02.764,03077T,depth
2026-08-05T09:31:03.241,03182T,depth
2026-08-05T09:31:03.320,03182T,depth
2026-08-05T09:31:03.320,03011T,depth
2026-08-05T09:31:03.383,03011T,depth
2026-08-05T09:31:04.068,03011T,depth
2026-08-05T09:31:04.146,03046T,depth
2026-08-05T09:31:04.146,03182T,depth
2026-08-05T09:31:04.146,03077T,depth
2026-08-05T09:31:04.884,03077T,depth
2026-08-05T09:31:05.046,03046T,depth
2026-08-05T09:31:05.115,03046T,depth
2026-08-05T09:31:05.117,03011T,depth
2026-08-05T09:31:05.117,03182T,depth
2026-08-05T09:31:05.117,03077T,depth
2026-08-05T09:31:05.724,03182T,depth
2026-08-05T09:31:05.805,03077T,depth
2026-08-05T09:31:05.805,03046T,depth
2026-08-05T09:31:05.805,03011T,depth
2026-08-05T09:31:05.869,03077T,depth
2026-08-05T09:31:05.932,03046T,depth
2026-08-05T09:31:06.542,03046T,depth
2026-08-05T09:31:06.618,03046T,depth
2026-08-05T09:31:06.618,03077T,depth
2026-08-05T09:31:06.681,03077T,depth
2026-08-05T09:31:06.681,03077T,depth
2026-08-05T09:31:07.114,03182T,depth
2026-08-05T09:31:07.196,03182T,depth
2026-08-05T09:31:07.196,03182T,depth
2026-08-05T09:31:07.254,03011T,depth
2026-08-05T09:31:07.254,03011T,depth
2026-08-05T09:31:07.323,03011T,depth
2026-08-05T09:31:08.315,03011T,depth
2026-08-05T09:31:08.390,03182T,depth
2026-08-05T09:31:08.390,03077T,depth
2026-08-05T09:31:08.390,03046T,depth
2026-08-05T09:31:09.353,03046T,depth
2026-08-05T09:31:09.417,03077T,depth
2026-08-05T09:31:09.847,03182T,depth
2026-08-05T09:31:09.916,03182T,depth
2026-08-05T09:31:09.916,03077T,depth
2026-08-05T09:31:09.916,03046T,depth
2026-08-05T09:31:09.975,03011T,depth
2026-08-05T09:31:10.942,03077T,depth
2026-08-05T09:31:11.021,03046T,depth
2026-08-05T09:31:11.583,03182T,depth
2026-08-05T09:31:12.526,03196T,depth
2026-08-05T09:31:12.589,03197T,depth
2026-08-05T09:31:12.591,03046T,depth
2026-08-05T09:31:12.591,03077T,depth
2026-08-05T09:31:12.591,03182T,depth
2026-08-05T09:31:12.591,03195T,depth
2026-08-05T09:31:12.591,03194T,depth
2026-08-05T09:31:12.591,03011T,depth
2026-08-05T09:31:13.060,03197T,depth
2026-08-05T09:31:13.133,03196T,depth
2026-08-05T09:31:13.136,03195T,depth
2026-08-05T09:31:13.136,03194T,depth
2026-08-05T09:31:13.312,03077T,depth
2026-08-05T09:31:13.390,03046T,depth
2026-08-05T09:31:13.453,03046T,depth
2026-08-05T09:31:13.453,03011T,depth
2026-08-05T09:31:13.453,03182T,depth
2026-08-05T09:31:13.453,03077T,depth
2026-08-05T09:31:14.310,03046T,depth
2026-08-05T09:31:14.380,03077T,depth
2026-08-05T09:31:14.936,03182T,depth
2026-08-05T09:31:15.018,03011T,depth
2026-08-05T09:31:15.020,03182T,depth
2026-08-05T09:31:15.020,03011T,depth
2026-08-05T09:31:15.130,03182T,depth
2026-08-05T09:31:15.202,03077T,depth
2026-08-05T09:31:15.202,03011T,depth
2026-08-05T09:31:15.202,03046T,depth
2026-08-05T09:31:15.964,03077T,depth
2026-08-05T09:31:16.026,03046T,depth
2026-08-05T09:31:16.531,03182T,depth
2026-08-05T09:31:16.601,03011T,depth
2026-08-05T09:31:16.977,03182T,depth
2026-08-05T09:31:17.061,03077T,depth
2026-08-05T09:31:17.061,03046T,depth
2026-08-05T09:31:17.061,03011T,depth
2026-08-05T09:31:17.606,03046T,depth
2026-08-05T09:31:17.668,03077T,depth
2026-08-05T09:31:18.191,03011T,depth
2026-08-05T09:31:18.260,03182T,depth
2026-08-05T09:31:21.127,03046T,depth
2026-08-05T09:31:21.193,03011T,depth
2026-08-05T09:31:21.193,03182T,depth
2026-08-05T09:31:21.193,03077T,depth
2026-08-05T09:31:21.795,03046T,depth
2026-08-05T09:31:21.863,03182T,depth
2026-08-05T09:31:21.863,03077T,depth
2026-08-05T09:31:21.863,03011T,depth
2026-08-05T09:31:21.993,03182T,depth
2026-08-05T09:31:22.072,03077T,depth
2026-08-05T09:31:22.072,03011T,depth
2026-08-05T09:31:22.072,03046T,depth
2026-08-05T09:31:22.529,03195T,depth
2026-08-05T09:31:22.614,03194T,depth
2026-08-05T09:31:22.614,03197T,depth
2026-08-05T09:31:22.614,03196T,depth
2026-08-05T09:31:22.614,03046T,depth
2026-08-05T09:31:22.614,03046T,depth
2026-08-05T09:31:22.695,03077T,depth
2026-08-05T09:31:22.774,03077T,depth
2026-08-05T09:31:22.774,03077T,depth
2026-08-05T09:31:23.083,03197T,depth
2026-08-05T09:31:23.157,03195T,depth
2026-08-05T09:31:23.157,03182T,depth
2026-08-05T09:31:23.157,03011T,depth
2026-08-05T09:31:23.157,03196T,depth
2026-08-05T09:31:23.157,03194T,depth
2026-08-05T09:31:23.157,03182T,depth
2026-08-05T09:31:23.222,03011T,depth
2026-08-05T09:31:23.222,03182T,depth
2026-08-05T09:31:23.233,03011T,depth
2026-08-05T09:31:24.099,03011T,depth
2026-08-05T09:31:24.185,03182T,depth
2026-08-05T09:31:24.185,03077T,depth
2026-08-05T09:31:24.185,03046T,depth
2026-08-05T09:31:24.771,03077T,depth
2026-08-05T09:31:24.839,03046T,depth
2026-08-05T09:31:24.903,03182T,depth
2026-08-05T09:31:24.903,03077T,depth
2026-08-05T09:31:24.903,03011T,depth
2026-08-05T09:31:24.966,03046T,depth
2026-08-05T09:31:25.308,03182T,depth
2026-08-05T09:31:25.385,03077T,depth
2026-08-05T09:31:25.385,03046T,depth
2026-08-05T09:31:25.388,03011T,depth
2026-08-05T09:31:25.923,03046T,depth
2026-08-05T09:31:26.007,03046T,depth
2026-08-05T09:31:26.404,03182T,depth
2026-08-05T09:31:26.473,03077T,depth
2026-08-05T09:31:26.473,03011T,depth
2026-08-05T09:31:26.473,03011T,depth
2026-08-05T09:31:26.473,03182T,depth
2026-08-05T09:31:26.473,03077T,depth
2026-08-05T09:31:26.473,03011T,depth
2026-08-05T09:31:26.473,03182T,depth
2026-08-05T09:31:27.843,03011T,depth
2026-08-05T09:31:27.912,03046T,depth
2026-08-05T09:31:27.912,03182T,depth
2026-08-05T09:31:27.916,03077T,depth
2026-08-05T09:31:28.435,03046T,depth
2026-08-05T09:31:28.503,03011T,depth
2026-08-05T09:31:28.503,03182T,depth
2026-08-05T09:31:28.503,03077T,depth
2026-08-05T09:31:29.141,03046T,depth
2026-08-05T09:31:29.209,03046T,depth
2026-08-05T09:31:29.273,03077T,depth
2026-08-05T09:31:29.273,03077T,depth
2026-08-05T09:31:29.512,03046T,depth
2026-08-05T09:31:29.578,03011T,depth
2026-08-05T09:31:29.580,03182T,depth
2026-08-05T09:31:29.580,03077T,depth
2026-08-05T09:31:30.005,03046T,depth
2026-08-05T09:31:30.073,03077T,depth
2026-08-05T09:31:30.582,03046T,depth
2026-08-05T09:31:30.666,03077T,depth
2026-08-05T09:31:30.799,03011T,depth
2026-08-05T09:31:30.861,03011T,depth
2026-08-05T09:31:30.861,03182T,depth
2026-08-05T09:31:30.923,03011T,depth
2026-08-05T09:31:30.923,03182T,depth
2026-08-05T09:31:30.923,03182T,depth
2026-08-05T09:31:31.034,03011T,depth
2026-08-05T09:31:31.116,03182T,depth
2026-08-05T09:31:31.403,03077T,depth
2026-08-05T09:31:31.482,03046T,depth
2026-08-05T09:31:31.485,03077T,depth
2026-08-05T09:31:31.485,03046T,depth
2026-08-05T09:31:31.485,03077T,depth
2026-08-05T09:31:32.442,03011T,depth
2026-08-05T09:31:32.520,03182T,depth
2026-08-05T09:31:32.703,03046T,depth
2026-08-05T09:31:32.774,03011T,depth
2026-08-05T09:31:32.774,03182T,depth
2026-08-05T09:31:32.774,03077T,depth
2026-08-05T09:31:32.982,03046T,depth
2026-08-05T09:31:33.063,03182T,depth
2026-08-05T09:31:33.063,03077T,depth
2026-08-05T09:31:33.065,03011T,depth
2026-08-05T09:31:33.592,03195T,depth
2026-08-05T09:31:33.672,03194T,depth
2026-08-05T09:31:33.672,03011T,depth
2026-08-05T09:31:33.672,03197T,depth
2026-08-05T09:31:33.672,03196T,depth
2026-08-05T09:31:33.672,03046T,depth
2026-08-05T09:31:33.672,03077T,depth
2026-08-05T09:31:33.672,03182T,depth
2026-08-05T09:31:34.117,03195T,depth
2026-08-05T09:31:34.199,03194T,depth
2026-08-05T09:31:34.199,03197T,depth
2026-08-05T09:31:34.199,03196T,depth
2026-08-05T09:31:34.646,03077T,depth
2026-08-05T09:31:34.727,03046T,depth
2026-08-05T09:31:34.729,03077T,depth
2026-08-05T09:31:34.729,03046T,depth
2026-08-05T09:31:34.729,03077T,depth
2026-08-05T09:31:35.178,03011T,depth
2026-08-05T09:31:35.255,03182T,depth
2026-08-05T09:31:35.255,03011T,depth
2026-08-05T09:31:35.257,03182T,depth
2026-08-05T09:31:35.257,03011T,depth
2026-08-05T09:31:35.319,03182T,depth
2026-08-05T09:31:35.319,03182T,depth
2026-08-05T09:31:35.319,03077T,depth
2026-08-05T09:31:35.321,03046T,depth
2026-08-05T09:31:35.321,03011T,depth
2026-08-05T09:31:36.259,03077T,depth
2026-08-05T09:31:36.327,03046T,depth
2026-08-05T09:31:36.811,03182T,depth
2026-08-05T09:31:36.910,03011T,depth
2026-08-05T09:31:37.195,03182T,depth
2026-08-05T09:31:37.270,03077T,depth
2026-08-05T09:31:37.270,03011T,depth
2026-08-05T09:31:37.278,03046T,depth
2026-08-05T09:31:37.334,03182T,depth
2026-08-05T09:31:37.334,03077T,depth
2026-08-05T09:31:37.334,03011T,depth
2026-08-05T09:31:37.334,03046T,depth
2026-08-05T09:31:37.899,03046T,depth
2026-08-05T09:31:37.979,03077T,depth
2026-08-05T09:31:37.979,03046T,depth
2026-08-05T09:31:37.979,03077T,depth
2026-08-05T09:31:38.044,03011T,depth
2026-08-05T09:31:38.044,03077T,depth
2026-08-05T09:31:38.044,03182T,depth
2026-08-05T09:31:38.044,03046T,depth
2026-08-05T09:31:38.997,03077T,depth
2026-08-05T09:31:39.065,03046T,depth
2026-08-05T09:31:39.164,03011T,depth
2026-08-05T09:31:39.225,03011T,depth
2026-08-05T09:31:39.291,03011T,depth
2026-08-05T09:31:39.372,03182T,depth
2026-08-05T09:31:39.372,03182T,depth
2026-08-05T09:31:39.435,03182T,depth
2026-08-05T09:31:39.499,03080T,depth
2026-08-05T09:31:40.298,03195T,depth
2026-08-05T09:31:40.362,03194T,depth
2026-08-05T09:31:40.364,03011T,depth
2026-08-05T09:31:40.364,03182T,depth
2026-08-05T09:31:40.364,03077T,depth
2026-08-05T09:31:40.364,03197T,depth
2026-08-05T09:31:40.364,03196T,depth
2026-08-05T09:31:40.364,03046T,depth
2026-08-05T09:31:40.544,03011T,depth
2026-08-05T09:31:40.616,03046T,depth
2026-08-05T09:31:40.619,03182T,depth
2026-08-05T09:31:40.619,03077T,depth
2026-08-05T09:31:40.619,03105T,depth
2026-08-05T09:31:40.845,03197T,depth
2026-08-05T09:31:40.920,03195T,depth
2026-08-05T09:31:40.923,03196T,depth
2026-08-05T09:31:40.923,03194T,depth
2026-08-05T09:31:40.925,03080T,depth
2026-08-05T09:31:41.161,03080T,depth
2026-08-05T09:31:41.240,03080T,depth
2026-08-05T09:31:41.240,03077T,depth
2026-08-05T09:31:41.240,03046T,depth
2026-08-05T09:31:41.240,03077T,depth
2026-08-05T09:31:41.240,03046T,depth
2026-08-05T09:31:41.712,03182T,depth
2026-08-05T09:31:41.790,03011T,depth
2026-08-05T09:31:41.792,03182T,depth
2026-08-05T09:31:41.792,03011T,depth
2026-08-05T09:31:41.917,03011T,depth
2026-08-05T09:31:41.998,03182T,depth
2026-08-05T09:31:42.000,03077T,depth
2026-08-05T09:31:42.000,03046T,depth
2026-08-05T09:31:42.481,03105T,depth
2026-08-05T09:31:42.785,03077T,depth
2026-08-05T09:31:42.865,03046T,depth
2026-08-05T09:31:43.332,03182T,depth
2026-08-05T09:31:43.392,03011T,depth
2026-08-05T09:31:43.600,03197T,depth
2026-08-05T09:31:43.683,03196T,depth
2026-08-05T09:31:43.683,03046T,depth
2026-08-05T09:31:43.712,03182T,depth
2026-08-05T09:31:43.712,03077T,depth
2026-08-05T09:31:43.714,03195T,depth
2026-08-05T09:31:43.714,03194T,depth
2026-08-05T09:31:43.714,03011T,depth
2026-08-05T09:31:43.714,03182T,depth
2026-08-05T09:31:43.714,03077T,depth
2026-08-05T09:31:43.714,03046T,depth
2026-08-05T09:31:43.717,03011T,depth
2026-08-05T09:31:43.907,03182T,depth
2026-08-05T09:31:43.984,03077T,depth
2026-08-05T09:31:43.984,03011T,depth
2026-08-05T09:31:43.984,03046T,depth
2026-08-05T09:31:44.163,03197T,depth
2026-08-05T09:31:44.240,03195T,depth
2026-08-05T09:31:44.242,03194T,depth
2026-08-05T09:31:44.242,03196T,depth
2026-08-05T09:31:44.983,03182T,depth
2026-08-05T09:31:45.055,03182T,depth
2026-08-05T09:31:45.055,03046T,depth
2026-08-05T09:31:45.055,03011T,depth
2026-08-05T09:31:45.055,03182T,depth
2026-08-05T09:31:45.113,03011T,depth
2026-08-05T09:31:45.118,03077T,depth
2026-08-05T09:31:45.118,03046T,depth
2026-08-05T09:31:45.118,03011T,depth
2026-08-05T09:31:45.120,03077T,depth
2026-08-05T09:31:45.183,03077T,depth
2026-08-05T09:31:45.545,03046T,depth
2026-08-05T09:31:45.615,03011T,depth
2026-08-05T09:31:45.615,03182T,depth
2026-08-05T09:31:45.615,03077T,depth
2026-08-05T09:31:46.160,03077T,depth
2026-08-05T09:31:46.219,03046T,depth
2026-08-05T09:31:46.315,03182T,depth
2026-08-05T09:31:46.383,03077T,depth
2026-08-05T09:31:46.385,03046T,depth
2026-08-05T09:31:46.386,03011T,depth
2026-08-05T09:31:46.449,03077T,depth
2026-08-05T09:31:46.529,03182T,depth
2026-08-05T09:31:46.529,03046T,depth
2026-08-05T09:31:46.529,03011T,depth
2026-08-05T09:31:46.705,03080T,depth
2026-08-05T09:31:46.768,03080T,depth
2026-08-05T09:31:46.770,03080T,depth
2026-08-05T09:31:46.770,03080T,depth
2026-08-05T09:31:46.880,03077T,depth
2026-08-05T09:31:46.960,03046T,depth
2026-08-05T09:31:47.804,03182T,depth
2026-08-05T09:31:47.868,03077T,depth
2026-08-05T09:31:47.868,03011T,depth
2026-08-05T09:31:47.868,03046T,depth
2026-08-05T09:31:47.868,03182T,depth
2026-08-05T09:31:47.868,03077T,depth
2026-08-05T09:31:47.868,03011T,depth
2026-08-05T09:31:47.868,03046T,depth
2026-08-05T09:31:47.931,03011T,depth
2026-08-05T09:31:47.933,03182T,depth
2026-08-05T09:31:47.933,03077T,depth
2026-08-05T09:31:47.933,03011T,depth
2026-08-05T09:31:47.933,03182T,depth
2026-08-05T09:31:47.933,03077T,depth
2026-08-05T09:31:47.933,03046T,depth
2026-08-05T09:31:48.432,03080T,depth
2026-08-05T09:31:48.509,03080T,depth
2026-08-05T09:31:48.509,03080T,depth
2026-08-05T09:31:48.509,03080T,depth
2026-08-05T09:31:48.893,03077T,depth
2026-08-05T09:31:48.957,03046T,depth
2026-08-05T09:31:49.020,03046T,depth
2026-08-05T09:31:49.020,03011T,depth
2026-08-05T09:31:49.084,03182T,depth
2026-08-05T09:31:49.084,03077T,depth
2026-08-05T09:31:49.405,03182T,depth
2026-08-05T09:31:49.485,03077T,depth
2026-08-05T09:31:49.485,03011T,depth
2026-08-05T09:31:49.485,03046T,depth
2026-08-05T09:31:49.615,03046T,depth
2026-08-05T09:31:49.694,03077T,depth
2026-08-05T09:31:50.541,03046T,depth
2026-08-05T09:31:50.620,03182T,depth
2026-08-05T09:31:50.620,03011T,depth
2026-08-05T09:31:50.620,03046T,depth
2026-08-05T09:31:50.620,03077T,depth
2026-08-05T09:31:50.620,03182T,depth
2026-08-05T09:31:50.620,03011T,depth
2026-08-05T09:31:50.620,03077T,depth
2026-08-05T09:31:50.620,03182T,depth
2026-08-05T09:31:50.685,03011T,depth
2026-08-05T09:31:50.685,03077T,depth
2026-08-05T09:31:53.630,03197T,depth
2026-08-05T09:31:53.705,03196T,depth
2026-08-05T09:31:53.705,03046T,depth
2026-08-05T09:31:53.705,03195T,depth
2026-08-05T09:31:53.705,03194T,depth
2026-08-05T09:31:53.705,03011T,depth
2026-08-05T09:31:53.705,03182T,depth
2026-08-05T09:31:53.705,03077T,depth
2026-08-05T09:31:54.135,03195T,depth
2026-08-05T09:31:54.201,03011T,depth
2026-08-05T09:31:54.201,03182T,depth
2026-08-05T09:31:54.201,03077T,depth
2026-08-05T09:31:54.201,03046T,depth
2026-08-05T09:31:54.265,03194T,depth
2026-08-05T09:31:54.265,03196T,depth
2026-08-05T09:31:54.393,03197T,depth
2026-08-05T09:31:54.889,03046T,depth
2026-08-05T09:31:54.968,03046T,depth
2026-08-05T09:31:55.049,03077T,depth
2026-08-05T09:31:55.113,03077T,depth
2026-08-05T09:31:55.255,03196T,depth
2026-08-05T09:31:55.320,03197T,depth
2026-08-05T09:31:55.320,03195T,depth
2026-08-05T09:31:55.320,03194T,depth
2026-08-05T09:31:55.320,03011T,depth
2026-08-05T09:31:55.320,03182T,depth
2026-08-05T09:31:55.320,03077T,depth
2026-08-05T09:31:55.320,03046T,depth
2026-08-05T09:31:55.781,03194T,depth
2026-08-05T09:31:55.845,03195T,depth
2026-08-05T09:31:55.845,03196T,depth
2026-08-05T09:31:55.845,03197T,depth
2026-08-05T09:31:55.998,03077T,depth
2026-08-05T09:31:56.069,03046T,depth
2026-08-05T09:31:56.332,03046T,depth
2026-08-05T09:31:56.399,03077T,depth
2026-08-05T09:31:56.531,03011T,depth
2026-08-05T09:31:56.604,03011T,depth
2026-08-05T09:31:56.605,03011T,depth
2026-08-05T09:31:56.669,03182T,depth
2026-08-05T09:31:56.669,03182T,depth
2026-08-05T09:31:56.730,03182T,depth
2026-08-05T09:31:57.083,03077T,depth
2026-08-05T09:31:57.162,03046T,depth
2026-08-05T09:32:00.327,03182T,depth
2026-08-05T09:32:00.406,03077T,depth
2026-08-05T09:32:00.406,03011T,depth
2026-08-05T09:32:00.406,03046T,depth
2026-08-05T09:32:00.406,03182T,depth
2026-08-05T09:32:00.406,03077T,depth
2026-08-05T09:32:00.406,03195T,depth
2026-08-05T09:32:00.406,03194T,depth
2026-08-05T09:32:00.406,03011T,depth
2026-08-05T09:32:00.406,03197T,depth
2026-08-05T09:32:00.406,03196T,depth
2026-08-05T09:32:00.415,03046T,depth
2026-08-05T09:32:00.502,03182T,depth
2026-08-05T09:32:00.580,03077T,depth
2026-08-05T09:32:00.580,03011T,depth
2026-08-05T09:32:00.580,03046T,depth
2026-08-05T09:32:00.852,03196T,depth
2026-08-05T09:32:00.932,03195T,depth
2026-08-05T09:32:00.932,03197T,depth
2026-08-05T09:32:00.932,03194T,depth
2026-08-05T09:32:01.473,03077T,depth
2026-08-05T09:32:01.542,03046T,depth
2026-08-05T09:32:01.542,03077T,depth
2026-08-05T09:32:01.542,03046T,depth
2026-08-05T09:32:01.542,03077T,depth
2026-08-05T09:32:02.052,03046T,depth
2026-08-05T09:32:02.118,03077T,depth
2026-08-05T09:32:02.118,03182T,depth
2026-08-05T09:32:02.118,03182T,depth
2026-08-05T09:32:02.118,03182T,depth
2026-08-05T09:32:02.118,03011T,depth
2026-08-05T09:32:02.182,03011T,depth
2026-08-05T09:32:02.182,03011T,depth
2026-08-05T09:32:02.470,03046T,depth
2026-08-05T09:32:02.549,03011T,depth
2026-08-05T09:32:02.549,03077T,depth
2026-08-05T09:32:02.549,03182T,depth
2026-08-05T09:32:03.030,03011T,depth
2026-08-05T09:32:03.105,03182T,depth
2026-08-05T09:32:03.107,03077T,depth
2026-08-05T09:32:03.107,03046T,depth
2026-08-05T09:32:03.266,03011T,depth
2026-08-05T09:32:03.331,03182T,depth
2026-08-05T09:32:03.492,03074T,depth
2026-08-05T09:32:03.555,03074T,depth
2026-08-05T09:32:03.555,03074T,depth
2026-08-05T09:32:03.614,03074T,depth
2026-08-05T09:32:03.683,03077T,depth
2026-08-05T09:32:03.683,03077T,depth
2026-08-05T09:32:03.683,03046T,depth
2026-08-05T09:32:03.748,03046T,depth
2026-08-05T09:32:03.748,03046T,depth
2026-08-05T09:32:03.748,03046T,depth
2026-08-05T09:32:03.748,03077T,depth
2026-08-05T09:32:03.748,03077T,depth
2026-08-05T09:32:03.748,03046T,depth
2026-08-05T09:32:03.748,03077T,depth
2026-08-05T09:32:03.812,03046T,depth
2026-08-05T09:32:03.814,03077T,depth
2026-08-05T09:32:03.893,03105T,depth
2026-08-05T09:32:03.942,03105T,depth
2026-08-05T09:32:03.942,03196T,depth
2026-08-05T09:32:03.942,03069T,depth
2026-08-05T09:32:03.942,03196T,depth
2026-08-05T09:32:03.942,03080T,depth
2026-08-05T09:32:03.942,03197T,depth
2026-08-05T09:32:03.942,03197T,depth
2026-08-05T09:32:03.942,03195T,depth
2026-08-05T09:32:03.942,03195T,depth
2026-08-05T09:32:03.942,03199T,depth
2026-08-05T09:32:03.942,03199T,depth
2026-08-05T09:32:03.952,03199T,depth
2026-08-05T09:32:03.952,03150T,depth
2026-08-05T09:32:03.952,03068T,depth
2026-08-05T09:32:03.952,03195T,depth
2026-08-05T09:32:03.952,030573,depth
2026-08-05T09:32:03.955,031678,depth
2026-08-05T09:32:03.955,031678,depth
2026-08-05T09:32:03.955,03074T,depth
2026-08-05T09:32:04.006,03197T,depth
2026-08-05T09:32:04.006,03196T,depth
2026-08-05T09:32:04.246,03077T,depth
2026-08-05T09:32:04.310,03035T,depth
2026-08-05T09:32:04.310,03035T,depth
2026-08-05T09:32:04.310,03182T,depth
2026-08-05T09:32:04.373,03035T,depth
2026-08-05T09:32:04.375,03035T,depth
2026-08-05T09:32:04.437,03080T,depth
2026-08-05T09:32:04.437,03080T,depth
2026-08-05T09:32:04.437,03125T,depth
2026-08-05T09:32:04.437,03125T,depth
2026-08-05T09:32:04.501,03057T,depth
2026-08-05T09:32:04.503,03057T,depth
2026-08-05T09:32:04.503,03057T,depth
2026-08-05T09:32:04.503,03194T,depth
2026-08-05T09:32:04.564,03057T,depth
2026-08-05T09:32:04.564,03125T,depth
2026-08-05T09:32:04.564,03125T,depth
2026-08-05T09:32:04.564,03057T,depth
2026-08-05T09:32:04.627,031645,depth
2026-08-05T09:32:04.691,031645,depth
2026-08-05T09:32:04.756,03077T,depth
2026-08-05T09:32:04.837,03182T,depth
2026-08-05T09:32:04.837,03046T,depth
2026-08-05T09:32:04.837,03077T,depth
2026-08-05T09:32:04.837,03182T,depth
2026-08-05T09:32:04.837,03046T,depth
2026-08-05T09:32:04.837,03077T,depth
2026-08-05T09:32:04.837,03011T,depth
2026-08-05T09:32:04.837,03182T,depth
2026-08-05T09:32:04.901,03077T,depth
2026-08-05T09:32:04.901,03182T,depth
2026-08-05T09:32:04.901,03011T,depth
2026-08-05T09:32:04.964,03011T,depth
2026-08-05T09:32:04.964,03197T,depth
2026-08-05T09:32:04.964,03197T,depth
2026-08-05T09:32:04.964,03197T,depth
2026-08-05T09:32:04.964,03196T,depth
2026-08-05T09:32:04.964,03196T,depth
2026-08-05T09:32:04.964,03196T,depth
2026-08-05T09:32:04.964,031678,depth
2026-08-05T09:32:04.974,031678,depth
2026-08-05T09:32:04.974,03195T,depth
2026-08-05T09:32:04.974,03195T,depth
2026-08-05T09:32:04.974,03195T,depth
2026-08-05T09:32:04.974,03199T,depth
2026-08-05T09:32:04.974,03199T,depth
2026-08-05T09:32:04.977,03199T,depth
2026-08-05T09:32:05.058,03194T,depth
2026-08-05T09:32:05.186,03105T,depth
2026-08-05T09:32:05.377,03057T,depth
2026-08-05T09:32:05.458,03068T,depth
2026-08-05T09:32:05.532,03069T,depth
2026-08-05T09:32:05.601,03105T,depth
2026-08-05T09:32:05.601,03105T,depth
2026-08-05T09:32:05.603,03105T,depth
2026-08-05T09:32:05.603,03080T,depth
2026-08-05T09:32:05.664,03080T,depth
2026-08-05T09:32:05.729,03150T,depth
2026-08-05T09:32:05.792,03046T,depth
2026-08-05T09:32:05.792,03011T,depth
2026-08-05T09:32:05.792,03182T,depth
2026-08-05T09:32:05.792,03077T,depth
2026-08-05T09:32:05.962,03197T,depth
2026-08-05T09:32:06.031,03196T,depth
2026-08-05T09:32:06.033,03046T,depth
2026-08-05T09:32:06.033,03195T,depth
2026-08-05T09:32:06.033,03194T,depth
2026-08-05T09:32:06.033,03011T,depth
2026-08-05T09:32:06.033,03182T,depth
2026-08-05T09:32:06.033,03077T,depth
2026-08-05T09:32:06.094,03105T,depth
2026-08-05T09:32:06.094,03182T,depth
2026-08-05T09:32:06.094,03077T,depth
2026-08-05T09:32:06.094,03011T,depth
2026-08-05T09:32:06.094,03080T,depth
2026-08-05T09:32:06.094,03046T,depth
2026-08-05T09:32:06.490,03196T,depth
2026-08-05T09:32:06.558,03194T,depth
2026-08-05T09:32:06.560,03197T,depth
2026-08-05T09:32:06.560,03195T,depth
2026-08-05T09:32:07.055,03046T,depth
2026-08-05T09:32:07.134,03077T,depth
2026-08-05T09:32:07.134,03046T,depth
2026-08-05T09:32:07.134,03077T,depth
2026-08-05T09:32:07.199,03077T,depth
2026-08-05T09:32:07.571,03011T,depth
2026-08-05T09:32:07.645,03182T,depth
2026-08-05T09:32:07.647,03182T,depth
2026-08-05T09:32:07.647,03011T,depth
2026-08-05T09:32:07.647,03182T,depth
2026-08-05T09:32:07.647,03011T,depth
2026-08-05T09:32:07.742,03105T,depth
2026-08-05T09:32:07.805,03080T,depth
2026-08-05T09:32:08.234,03046T,depth
2026-08-05T09:32:08.301,03011T,depth
2026-08-05T09:32:08.301,03182T,depth
2026-08-05T09:32:08.301,03077T,depth
2026-08-05T09:32:08.669,03074T,depth
2026-08-05T09:32:08.730,03074T,depth
2026-08-05T09:32:08.730,03074T,depth
2026-08-05T09:32:08.730,03074T,depth
2026-08-05T09:32:08.730,03074T,depth
2026-08-05T09:32:09.096,03046T,depth
2026-08-05T09:32:09.176,03011T,depth
2026-08-05T09:32:09.176,03182T,depth
2026-08-05T09:32:09.178,03077T,depth
2026-08-05T09:32:09.403,03046T,depth
2026-08-05T09:32:09.476,03182T,depth
2026-08-05T09:32:09.476,03077T,depth
2026-08-05T09:32:09.478,03011T,depth
2026-08-05T09:32:10.266,03046T,depth
2026-08-05T09:32:10.331,03046T,depth
2026-08-05T09:32:10.331,03077T,depth
2026-08-05T09:32:10.396,03077T,depth
2026-08-05T09:32:10.407,03077T,depth
2026-08-05T09:32:10.462,03046T,depth
2026-08-05T09:32:10.462,03077T,depth
2026-08-05T09:32:10.894,03182T,depth
2026-08-05T09:32:10.970,03182T,depth
2026-08-05T09:32:10.970,03011T,depth
2026-08-05T09:32:10.970,03046T,depth
2026-08-05T09:32:10.970,03011T,depth
2026-08-05T09:32:10.970,03182T,depth
2026-08-05T09:32:10.970,03077T,depth
2026-08-05T09:32:10.970,03182T,depth
2026-08-05T09:32:10.970,03011T,depth
2026-08-05T09:32:11.038,03011T,depth
2026-08-05T09:32:11.101,03011T,depth
2026-08-05T09:32:11.101,03182T,depth
2026-08-05T09:32:11.101,03077T,depth
2026-08-05T09:32:11.101,03046T,depth
2026-08-05T09:32:11.387,03011T,depth
2026-08-05T09:32:11.454,03182T,depth
2026-08-05T09:32:11.983,03046T,depth
2026-08-05T09:32:12.062,03077T,depth
2026-08-05T09:32:12.062,03046T,depth
2026-08-05T09:32:12.068,03077T,depth
2026-08-05T09:32:12.126,03077T,depth
2026-08-05T09:32:12.475,03046T,depth
2026-08-05T09:32:12.560,03077T,depth
2026-08-05T09:32:12.560,03011T,depth
2026-08-05T09:32:12.626,03011T,depth
2026-08-05T09:32:12.626,03011T,depth
2026-08-05T09:32:12.686,03182T,depth
2026-08-05T09:32:12.688,03182T,depth
2026-08-05T09:32:12.752,03182T,depth
2026-08-05T09:32:12.880,03011T,depth
2026-08-05T09:32:12.958,03182T,depth
2026-08-05T09:32:12.960,03077T,depth
2026-08-05T09:32:12.960,03046T,depth
2026-08-05T09:32:13.471,03011T,depth
2026-08-05T09:32:13.531,03182T,depth
2026-08-05T09:32:13.531,03077T,depth
2026-08-05T09:32:13.531,03046T,depth
2026-08-05T09:32:14.177,03046T,depth
2026-08-05T09:32:14.258,03077T,depth
2026-08-05T09:32:14.258,03077T,depth
2026-08-05T09:32:14.258,03046T,depth
2026-08-05T09:32:14.258,03077T,depth
2026-08-05T09:32:14.672,03195T,depth
2026-08-05T09:32:14.737,03194T,depth
2026-08-05T09:32:14.737,03011T,depth
2026-08-05T09:32:14.737,03197T,depth
2026-08-05T09:32:14.737,03196T,depth
2026-08-05T09:32:14.737,03046T,depth
2026-08-05T09:32:14.737,03182T,depth
2026-08-05T09:32:14.737,03077T,depth
2026-08-05T09:32:14.737,03182T,depth
2026-08-05T09:32:14.802,03182T,depth
2026-08-05T09:32:14.802,03011T,depth
2026-08-05T09:32:14.802,03011T,depth
2026-08-05T09:32:14.802,03182T,depth
2026-08-05T09:32:14.805,03077T,depth
2026-08-05T09:32:14.805,03046T,depth
2026-08-05T09:32:14.805,03011T,depth
2026-08-05T09:32:15.195,03197T,depth
2026-08-05T09:32:15.259,03194T,depth
2026-08-05T09:32:15.259,03196T,depth
2026-08-05T09:32:15.261,03195T,depth
2026-08-05T09:32:15.816,03077T,depth
2026-08-05T09:32:15.882,03046T,depth
2026-08-05T09:32:15.882,03077T,depth
2026-08-05T09:32:15.882,03046T,depth
2026-08-05T09:32:15.979,03011T,depth
2026-08-05T09:32:16.041,03182T,depth
2026-08-05T09:32:16.043,03077T,depth
2026-08-05T09:32:16.043,03046T,depth
2026-08-05T09:32:16.394,03077T,depth
2026-08-05T09:32:16.453,03046T,depth
2026-08-05T09:32:16.453,03077T,depth
2026-08-05T09:32:16.461,03046T,depth
2026-08-05T09:32:17.437,03077T,depth
2026-08-05T09:32:17.501,03011T,depth
2026-08-05T09:32:17.501,03046T,depth
2026-08-05T09:32:17.503,03182T,depth
2026-08-05T09:32:17.504,03077T,depth
2026-08-05T09:32:17.504,03011T,depth
2026-08-05T09:32:17.504,03046T,depth
2026-08-05T09:32:17.504,03182T,depth
2026-08-05T09:32:17.564,03077T,depth
2026-08-05T09:32:17.566,03011T,depth
2026-08-05T09:32:17.566,03182T,depth
2026-08-05T09:32:18.608,03011T,depth
2026-08-05T09:32:18.686,03182T,depth
2026-08-05T09:32:18.686,03077T,depth
2026-08-05T09:32:18.686,03046T,depth
2026-08-05T09:32:18.781,03046T,depth
2026-08-05T09:32:18.783,03011T,depth
2026-08-05T09:32:18.783,03077T,depth
2026-08-05T09:32:18.783,03182T,depth
2026-08-05T09:32:19.617,03046T,depth
2026-08-05T09:32:19.698,03077T,depth
2026-08-05T09:32:19.698,03077T,depth
2026-08-05T09:32:19.698,03046T,depth
2026-08-05T09:32:20.036,03011T,depth
2026-08-05T09:32:20.113,03046T,depth
2026-08-05T09:32:20.113,03182T,depth
2026-08-05T09:32:20.113,03077T,depth
2026-08-05T09:32:20.113,03195T,depth
2026-08-05T09:32:20.115,03194T,depth
2026-08-05T09:32:20.115,03197T,depth
2026-08-05T09:32:20.115,03196T,depth
2026-08-05T09:32:20.115,03046T,depth
2026-08-05T09:32:20.115,03077T,depth
2026-08-05T09:32:20.419,03046T,depth
2026-08-05T09:32:20.498,03077T,depth
2026-08-05T09:32:20.622,03197T,depth
2026-08-05T09:32:20.691,03195T,depth
2026-08-05T09:32:20.691,03196T,depth
2026-08-05T09:32:20.691,03194T,depth
2026-08-05T09:32:21.262,03046T,depth
2026-08-05T09:32:21.331,03077T,depth
2026-08-05T09:32:21.331,03182T,depth
2026-08-05T09:32:21.331,03046T,depth
2026-08-05T09:32:21.331,03077T,depth
2026-08-05T09:32:21.331,03182T,depth
2026-08-05T09:32:21.331,03077T,depth
2026-08-05T09:32:21.331,03011T,depth
2026-08-05T09:32:21.331,03182T,depth
2026-08-05T09:32:21.391,03011T,depth
2026-08-05T09:32:21.391,03011T,depth
2026-08-05T09:32:22.706,03011T,depth
2026-08-05T09:32:22.775,03046T,depth
2026-08-05T09:32:22.775,03182T,depth
2026-08-05T09:32:22.777,03077T,depth
2026-08-05T09:32:22.777,03182T,depth
2026-08-05T09:32:22.779,03077T,depth
2026-08-05T09:32:22.779,03011T,depth
2026-08-05T09:32:22.779,03046T,depth
2026-08-05T09:32:22.838,03182T,depth
2026-08-05T09:32:22.840,03077T,depth
2026-08-05T09:32:22.840,03011T,depth
2026-08-05T09:32:22.840,03046T,depth
2026-08-05T09:32:23.301,03080T,depth
2026-08-05T09:32:23.455,03046T,depth
2026-08-05T09:32:23.524,03077T,depth
2026-08-05T09:32:23.524,03046T,depth
2026-08-05T09:32:23.524,03077T,depth
2026-08-05T09:32:23.524,03077T,depth
2026-08-05T09:32:23.840,03046T,depth
2026-08-05T09:32:23.919,03077T,depth
2026-08-05T09:32:24.005,03011T,depth
2026-08-05T09:32:24.068,03011T,depth
2026-08-05T09:32:24.068,03182T,depth
2026-08-05T09:32:24.070,03182T,depth
2026-08-05T09:32:24.132,03011T,depth
2026-08-05T09:32:24.132,03182T,depth
2026-08-05T09:32:24.401,03196T,depth
2026-08-05T09:32:24.468,03197T,depth
2026-08-05T09:32:24.468,03046T,depth
2026-08-05T09:32:24.468,03194T,depth
2026-08-05T09:32:24.468,03195T,depth
2026-08-05T09:32:24.468,03011T,depth
2026-08-05T09:32:24.468,03182T,depth
2026-08-05T09:32:24.468,03077T,depth
2026-08-05T09:32:24.578,03046T,depth
2026-08-05T09:32:24.643,03011T,depth
2026-08-05T09:32:24.643,03182T,depth
2026-08-05T09:32:24.645,03077T,depth
2026-08-05T09:32:24.950,03194T,depth
2026-08-05T09:32:25.007,03195T,depth
2026-08-05T09:32:25.007,03196T,depth
2026-08-05T09:32:25.007,03197T,depth
2026-08-05T09:32:25.007,03080T,depth
2026-08-05T09:32:25.007,03080T,depth
2026-08-05T09:32:25.572,03182T,depth
2026-08-05T09:32:25.649,03011T,depth
2026-08-05T09:32:25.649,03046T,depth
2026-08-05T09:32:25.649,03077T,depth
2026-08-05T09:32:25.713,03077T,depth
2026-08-05T09:32:25.713,03046T,depth
2026-08-05T09:32:25.715,03196T,depth
2026-08-05T09:32:25.715,03197T,depth
2026-08-05T09:32:25.715,03046T,depth
2026-08-05T09:32:25.715,03077T,depth
2026-08-05T09:32:25.715,03195T,depth
2026-08-05T09:32:25.715,03194T,depth
2026-08-05T09:32:25.715,03046T,depth
2026-08-05T09:32:25.715,03077T,depth
2026-08-05T09:32:26.218,03196T,depth
2026-08-05T09:32:26.287,03194T,depth
2026-08-05T09:32:26.367,03197T,depth
2026-08-05T09:32:26.430,03195T,depth
2026-08-05T09:32:26.743,03046T,depth
2026-08-05T09:32:26.812,03182T,depth
2026-08-05T09:32:26.812,03077T,depth
2026-08-05T09:32:26.812,03182T,depth
2026-08-05T09:32:26.812,03011T,depth
2026-08-05T09:32:26.812,03046T,depth
2026-08-05T09:32:26.812,03182T,depth
2026-08-05T09:32:26.812,03011T,depth
2026-08-05T09:32:26.876,03011T,depth
2026-08-05T09:32:26.972,03011T,depth
2026-08-05T09:32:27.051,03046T,depth
2026-08-05T09:32:27.051,03182T,depth
2026-08-05T09:32:27.051,03077T,depth
2026-08-05T09:32:27.849,03077T,depth
2026-08-05T09:32:27.917,03046T,depth
2026-08-05T09:32:27.917,03046T,depth
2026-08-05T09:32:28.348,03046T,depth
2026-08-05T09:32:28.413,03011T,depth
2026-08-05T09:32:28.413,03182T,depth
2026-08-05T09:32:28.413,03077T,depth
2026-08-05T09:32:28.968,03182T,depth
2026-08-05T09:32:29.036,03077T,depth
2026-08-05T09:32:29.036,03011T,depth
2026-08-05T09:32:29.038,03046T,depth
2026-08-05T09:32:30.063,03182T,depth
2026-08-05T09:32:30.142,03011T,depth
2026-08-05T09:32:30.142,03182T,depth
2026-08-05T09:32:30.205,03182T,depth
2026-08-05T09:32:30.205,03011T,depth
2026-08-05T09:32:30.205,03011T,depth
2026-08-05T09:32:30.764,03046T,depth
2026-08-05T09:32:30.844,03011T,depth
2026-08-05T09:32:30.844,03182T,depth
2026-08-05T09:32:30.844,03077T,depth
2026-08-05T09:32:31.830,03046T,depth
2026-08-05T09:32:31.899,03077T,depth
2026-08-05T09:32:31.899,03182T,depth
2026-08-05T09:32:31.899,03011T,depth
2026-08-05T09:32:31.964,03011T,depth
2026-08-05T09:32:32.029,03182T,depth
2026-08-05T09:32:32.029,03077T,depth
2026-08-05T09:32:32.029,03046T,depth
2026-08-05T09:32:32.106,03011T,depth
2026-08-05T09:32:32.108,03046T,depth
2026-08-05T09:32:32.108,03182T,depth
2026-08-05T09:32:32.108,03077T,depth
2026-08-05T09:32:32.906,03046T,depth
2026-08-05T09:32:32.987,03077T,depth
2026-08-05T09:32:32.987,03046T,depth
2026-08-05T09:32:32.987,03077T,depth
2026-08-05T09:32:33.453,03182T,depth
2026-08-05T09:32:33.531,03182T,depth
2026-08-05T09:32:33.531,03046T,depth
2026-08-05T09:32:33.533,03011T,depth
2026-08-05T09:32:33.533,03182T,depth
2026-08-05T09:32:33.533,03077T,depth
2026-08-05T09:32:33.653,03069T,depth
2026-08-05T09:32:33.733,03011T,depth
2026-08-05T09:32:33.801,03011T,depth
2026-08-05T09:32:34.276,030573,depth
2026-08-05T09:32:34.420,03046T,depth
2026-08-05T09:32:34.490,03077T,depth
2026-08-05T09:32:34.490,03182T,depth
2026-08-05T09:32:34.495,03011T,depth
2026-08-05T09:32:34.495,03046T,depth
2026-08-05T09:32:34.495,03182T,depth
2026-08-05T09:32:34.495,03077T,depth
2026-08-05T09:32:34.495,03011T,depth
2026-08-05T09:32:35.134,03046T,depth
2026-08-05T09:32:35.212,03077T,depth
2026-08-05T09:32:35.212,03046T,depth
2026-08-05T09:32:35.276,03077T,depth
2026-08-05T09:32:35.276,03077T,depth
2026-08-05T09:32:35.722,03011T,depth
2026-08-05T09:32:35.790,03182T,depth
2026-08-05T09:32:35.790,03011T,depth
2026-08-05T09:32:35.790,03011T,depth
2026-08-05T09:32:35.790,03182T,depth
2026-08-05T09:32:35.855,03182T,depth
2026-08-05T09:32:38.636,03046T,depth
2026-08-05T09:32:38.715,03182T,depth
2026-08-05T09:32:38.715,03077T,depth
2026-08-05T09:32:38.715,03011T,depth
2026-08-05T09:32:39.513,03046T,depth
2026-08-05T09:32:39.580,03046T,depth
2026-08-05T09:32:39.582,03182T,depth
2026-08-05T09:32:39.582,03077T,depth
2026-08-05T09:32:39.582,03011T,depth
2026-08-05T09:32:39.645,03077T,depth
2026-08-05T09:32:40.063,03046T,depth
2026-08-05T09:32:40.136,03077T,depth
2026-08-05T09:32:40.142,03182T,depth
2026-08-05T09:32:40.144,03011T,depth
2026-08-05T09:32:40.300,03077T,depth
2026-08-05T09:32:40.381,03046T,depth
2026-08-05T09:32:41.134,03011T,depth
2026-08-05T09:32:41.198,03046T,depth
2026-08-05T09:32:41.198,03182T,depth
2026-08-05T09:32:41.198,03077T,depth
2026-08-05T09:32:41.198,03011T,depth
2026-08-05T09:32:41.198,03182T,depth
2026-08-05T09:32:41.198,03011T,depth
2026-08-05T09:32:41.198,03077T,depth
2026-08-05T09:32:41.259,03046T,depth
2026-08-05T09:32:41.261,03182T,depth
2026-08-05T09:32:41.261,03077T,depth
2026-08-05T09:32:42.007,03046T,depth
2026-08-05T09:32:42.076,03182T,depth
2026-08-05T09:32:42.078,03077T,depth
2026-08-05T09:32:42.078,03011T,depth
2026-08-05T09:32:42.078,03046T,depth
2026-08-05T09:32:42.078,03011T,depth
2026-08-05T09:32:42.078,03077T,depth
2026-08-05T09:32:42.078,03182T,depth
2026-08-05T09:32:42.269,03011T,depth
2026-08-05T09:32:42.348,03182T,depth
2026-08-05T09:32:42.348,03077T,depth
2026-08-05T09:32:42.348,03046T,depth
2026-08-05T09:32:43.311,03196T,depth
2026-08-05T09:32:43.384,03195T,depth
2026-08-05T09:32:43.384,03194T,depth
2026-08-05T09:32:43.386,03197T,depth
2026-08-05T09:32:43.386,03046T,depth
2026-08-05T09:32:43.388,03077T,depth
2026-08-05T09:32:43.388,03182T,depth
2026-08-05T09:32:43.458,03077T,depth
2026-08-05T09:32:43.460,03182T,depth
2026-08-05T09:32:43.462,03046T,depth
2026-08-05T09:32:43.462,03077T,depth
2026-08-05T09:32:43.464,03182T,depth
2026-08-05T09:32:43.464,03011T,depth
2026-08-05T09:32:43.522,03011T,depth
2026-08-05T09:32:43.524,03011T,depth
2026-08-05T09:32:43.839,03194T,depth
2026-08-05T09:32:43.901,03195T,depth
2026-08-05T09:32:43.901,03196T,depth
2026-08-05T09:32:43.901,03197T,depth
2026-08-05T09:32:44.360,03011T,depth
2026-08-05T09:32:44.425,03182T,depth
2026-08-05T09:32:44.425,03077T,depth
2026-08-05T09:32:44.428,03046T,depth
2026-08-05T09:32:44.984,03077T,depth
2026-08-05T09:32:45.059,03046T,depth
2026-08-05T09:32:45.440,03011T,depth
2026-08-05T09:32:45.505,03046T,depth
2026-08-05T09:32:45.505,03182T,depth
2026-08-05T09:32:45.508,03077T,depth
2026-08-05T09:32:46.109,03046T,depth
2026-08-05T09:32:46.188,03077T,depth
2026-08-05T09:32:46.188,03011T,depth
2026-08-05T09:32:46.188,03182T,depth
2026-08-05T09:32:46.188,03077T,depth
2026-08-05T09:32:46.188,03046T,depth
2026-08-05T09:32:46.874,03046T,depth
2026-08-05T09:32:46.909,03077T,depth
2026-08-05T09:32:47.311,03077T,depth
2026-08-05T09:32:47.375,03046T,depth
2026-08-05T09:32:47.741,03011T,depth
2026-08-05T09:32:47.807,03011T,depth
2026-08-05T09:32:47.807,03011T,depth
2026-08-05T09:32:47.870,03182T,depth
2026-08-05T09:32:47.872,03182T,depth
2026-08-05T09:32:47.872,03011T,depth
2026-08-05T09:32:47.874,03182T,depth
2026-08-05T09:32:47.875,03074T,depth
2026-08-05T09:32:47.875,03074T,depth
2026-08-05T09:32:47.933,03182T,depth
2026-08-05T09:32:48.276,03077T,depth
2026-08-05T09:32:48.351,03046T,depth
2026-08-05T09:32:48.353,03077T,depth
2026-08-05T09:32:48.353,03046T,depth
2026-08-05T09:32:48.418,03077T,depth
2026-08-05T09:32:49.371,03182T,depth
2026-08-05T09:32:49.435,03011T,depth
2026-08-05T09:32:49.551,03011T,depth
2026-08-05T09:32:49.615,03046T,depth
2026-08-05T09:32:49.615,03182T,depth
2026-08-05T09:32:49.615,03077T,depth
2026-08-05T09:32:49.758,03011T,depth
2026-08-05T09:32:49.824,03046T,depth
2026-08-05T09:32:49.826,03182T,depth
2026-08-05T09:32:49.826,03077T,depth
2026-08-05T09:32:49.887,03182T,depth
2026-08-05T09:32:49.887,03077T,depth
2026-08-05T09:32:49.887,03011T,depth
2026-08-05T09:32:49.887,03046T,depth
2026-08-05T09:32:50.480,03046T,depth
2026-08-05T09:32:50.544,03077T,depth
2026-08-05T09:32:50.544,03046T,depth
2026-08-05T09:32:50.544,03077T,depth
2026-08-05T09:32:50.607,03077T,depth
2026-08-05T09:32:51.005,03011T,depth
2026-08-05T09:32:51.071,03182T,depth
2026-08-05T09:32:51.071,03182T,depth
2026-08-05T09:32:51.071,03011T,depth
2026-08-05T09:32:51.135,03182T,depth
2026-08-05T09:32:51.135,03011T,depth
2026-08-05T09:32:51.135,03011T,depth
2026-08-05T09:32:51.135,03046T,depth
2026-08-05T09:32:51.135,03182T,depth
2026-08-05T09:32:51.135,03077T,depth
2026-08-05T09:32:51.726,03046T,depth
2026-08-05T09:32:51.821,03011T,depth
2026-08-05T09:32:51.883,03046T,depth
2026-08-05T09:32:51.883,03077T,depth
2026-08-05T09:32:51.883,03182T,depth
2026-08-05T09:32:51.883,030573,depth
2026-08-05T09:32:51.947,03077T,depth
2026-08-05T09:32:52.123,03011T,depth
2026-08-05T09:32:52.203,03182T,depth
2026-08-05T09:32:52.203,03077T,depth
2026-08-05T09:32:52.206,03046T,depth
2026-08-05T09:32:52.459,03046T,depth
2026-08-05T09:32:52.522,03077T,depth
2026-08-05T09:32:53.225,03011T,depth
2026-08-05T09:32:53.289,03077T,depth
2026-08-05T09:32:53.289,03011T,depth
2026-08-05T09:32:53.289,03046T,depth
2026-08-05T09:32:53.291,03182T,depth
2026-08-05T09:32:53.291,03077T,depth
2026-08-05T09:32:53.354,03011T,depth
2026-08-05T09:32:53.354,03046T,depth
2026-08-05T09:32:53.354,03182T,depth
2026-08-05T09:32:53.354,03077T,depth
2026-08-05T09:32:53.354,03182T,depth
2026-08-05T09:32:53.765,03046T,depth
2026-08-05T09:32:53.835,03046T,depth
2026-08-05T09:32:53.835,03182T,depth
2026-08-05T09:32:53.835,03077T,depth
2026-08-05T09:32:53.835,03011T,depth
2026-08-05T09:32:53.835,03077T,depth
2026-08-05T09:32:53.835,03182T,depth
2026-08-05T09:32:53.835,03011T,depth
2026-08-05T09:32:53.916,03046T,depth
2026-08-05T09:32:53.991,03011T,depth
2026-08-05T09:32:53.991,03182T,depth
2026-08-05T09:32:53.991,03077T,depth
2026-08-05T09:32:54.857,03046T,depth
2026-08-05T09:32:54.936,03046T,depth
2026-08-05T09:32:54.936,03077T,depth
2026-08-05T09:32:55.001,03077T,depth
2026-08-05T09:32:55.001,03077T,depth
2026-08-05T09:32:55.145,03046T,depth
2026-08-05T09:32:55.208,03077T,depth
2026-08-05T09:32:55.402,03182T,depth
2026-08-05T09:32:55.481,03011T,depth
2026-08-05T09:32:55.481,03182T,depth
2026-08-05T09:32:55.481,03182T,depth
2026-08-05T09:32:55.481,03011T,depth
2026-08-05T09:32:55.564,03011T,depth
2026-08-05T09:32:56.056,03046T,depth
2026-08-05T09:32:56.132,03046T,depth
2026-08-05T09:32:56.201,03011T,depth
2026-08-05T09:32:56.201,03182T,depth
2026-08-05T09:32:56.201,03077T,depth
2026-08-05T09:32:56.201,03077T,depth
2026-08-05T09:32:56.515,03011T,depth
2026-08-05T09:32:56.584,03182T,depth
2026-08-05T09:32:56.584,03077T,depth
2026-08-05T09:32:56.584,03046T,depth
2026-08-05T09:32:56.664,03046T,depth
2026-08-05T09:32:56.728,03182T,depth
2026-08-05T09:32:56.728,03077T,depth
2026-08-05T09:32:56.728,03011T,depth
2026-08-05T09:32:57.696,03077T,depth
2026-08-05T09:32:57.767,03046T,depth
2026-08-05T09:32:57.767,03077T,depth
2026-08-05T09:32:57.767,03046T,depth
2026-08-05T09:32:57.767,03077T,depth
2026-08-05T09:32:57.954,03077T,depth
2026-08-05T09:32:58.025,03046T,depth
2026-08-05T09:32:58.231,03011T,depth
2026-08-05T09:32:58.311,03182T,depth
2026-08-05T09:32:58.313,03011T,depth
2026-08-05T09:32:58.313,03182T,depth
2026-08-05T09:32:58.313,03077T,depth
2026-08-05T09:32:58.313,03182T,depth
2026-08-05T09:32:58.313,03011T,depth
2026-08-05T09:32:58.313,03011T,depth
2026-08-05T09:32:58.313,03046T,depth
2026-08-05T09:32:58.377,03182T,depth
2026-08-05T09:32:58.615,03011T,depth
2026-08-05T09:32:58.691,03046T,depth
2026-08-05T09:32:58.691,03182T,depth
2026-08-05T09:32:58.691,03077T,depth
2026-08-05T09:32:58.698,03011T,depth
2026-08-05T09:32:58.699,03182T,depth
2026-08-05T09:32:58.905,03195T,depth
2026-08-05T09:32:58.979,03194T,depth
2026-08-05T09:32:58.986,03197T,depth
2026-08-05T09:32:58.986,03196T,depth
2026-08-05T09:32:59.394,03077T,depth
2026-08-05T09:32:59.462,03077T,depth
2026-08-05T09:32:59.528,03046T,depth
2026-08-05T09:32:59.528,03194T,depth
2026-08-05T09:32:59.528,03195T,depth
2026-08-05T09:32:59.528,03077T,depth
2026-08-05T09:32:59.528,03196T,depth
2026-08-05T09:32:59.528,03197T,depth
2026-08-05T09:32:59.528,03046T,depth
2026-08-05T09:32:59.592,03077T,depth
2026-08-05T09:32:59.671,03046T,depth
2026-08-05T09:32:59.735,03046T,depth
2026-08-05T09:32:59.735,03077T,depth
2026-08-05T09:32:59.799,03077T,depth
2026-08-05T09:32:59.799,03046T,depth
2026-08-05T09:32:59.893,03182T,depth
2026-08-05T09:32:59.960,03182T,depth
2026-08-05T09:32:59.960,03011T,depth
2026-08-05T09:33:00.023,03182T,depth
2026-08-05T09:33:00.088,03011T,depth
2026-08-05T09:33:00.088,03011T,depth
2026-08-05T09:33:00.321,03182T,depth
2026-08-05T09:33:00.387,03011T,depth
2026-08-05T09:33:00.452,03046T,depth
2026-08-05T09:33:00.452,03046T,depth
2026-08-05T09:33:00.452,03011T,depth
2026-08-05T09:33:00.515,03182T,depth
2026-08-05T09:33:00.515,03046T,depth
2026-08-05T09:33:00.517,03046T,depth
2026-08-05T09:33:00.619,03046T,depth
2026-08-05T09:33:00.689,03182T,depth
2026-08-05T09:33:00.689,03011T,depth
2026-08-05T09:33:00.750,03077T,depth
2026-08-05T09:33:00.752,03046T,depth
2026-08-05T09:33:00.752,03077T,depth
2026-08-05T09:33:00.752,03077T,depth
2026-08-05T09:33:00.816,03077T,depth
2026-08-05T09:33:00.985,03077T,depth
2026-08-05T09:33:01.053,03077T,depth
2026-08-05T09:33:01.720,03011T,depth
2026-08-05T09:33:01.793,03046T,depth
2026-08-05T09:33:01.793,03182T,depth
2026-08-05T09:33:01.793,03011T,depth
2026-08-05T09:33:01.793,03046T,depth
2026-08-05T09:33:01.793,03011T,depth
2026-08-05T09:33:01.793,03182T,depth
2026-08-05T09:33:01.862,03182T,depth
2026-08-05T09:33:01.862,03077T,depth
2026-08-05T09:33:01.925,03077T,depth
2026-08-05T09:33:01.986,03077T,depth
2026-08-05T09:33:02.055,03046T,depth
2026-08-05T09:33:02.055,03011T,depth
2026-08-05T09:33:02.055,03182T,depth
2026-08-05T09:33:02.055,03077T,depth
2026-08-05T09:33:02.145,03046T,depth
2026-08-05T09:33:02.214,03011T,depth
2026-08-05T09:33:02.214,03182T,depth
2026-08-05T09:33:02.216,03077T,depth
2026-08-05T09:33:02.216,03046T,depth
2026-08-05T09:33:02.216,03011T,depth
2026-08-05T09:33:02.216,03182T,depth
2026-08-05T09:33:02.216,03077T,depth
2026-08-05T09:33:02.881,03077T,depth
2026-08-05T09:33:02.963,03046T,depth
2026-08-05T09:33:02.965,03077T,depth
2026-08-05T09:33:02.965,03046T,depth
2026-08-05T09:33:03.029,03077T,depth
2026-08-05T09:33:03.094,03046T,depth
2026-08-05T09:33:03.094,03077T,depth
2026-08-05T09:33:03.156,03046T,depth
2026-08-05T09:33:03.156,03077T,depth
2026-08-05T09:33:03.423,03046T,depth
2026-08-05T09:33:03.492,03077T,depth
2026-08-05T09:33:03.492,03182T,depth
2026-08-05T09:33:03.555,03182T,depth
2026-08-05T09:33:03.557,03182T,depth
2026-08-05T09:33:03.557,03011T,depth
2026-08-05T09:33:03.620,03011T,depth
2026-08-05T09:33:03.620,03011T,depth
2026-08-05T09:33:04.006,03046T,depth
2026-08-05T09:33:04.085,03046T,depth
2026-08-05T09:33:04.183,03077T,depth
2026-08-05T09:33:04.261,03046T,depth
2026-08-05T09:33:04.263,03077T,depth
2026-08-05T09:33:04.263,03077T,depth
2026-08-05T09:33:04.263,03182T,depth
2026-08-05T09:33:04.263,03011T,depth
2026-08-05T09:33:04.263,03077T,depth
2026-08-05T09:33:04.327,03196T,depth
2026-08-05T09:33:04.327,03197T,depth
2026-08-05T09:33:04.329,03046T,depth
2026-08-05T09:33:04.329,03195T,depth
2026-08-05T09:33:04.329,03194T,depth
2026-08-05T09:33:04.331,03011T,depth
2026-08-05T09:33:04.331,03077T,depth
2026-08-05T09:33:04.331,03182T,depth
2026-08-05T09:33:04.480,03046T,depth
2026-08-05T09:33:04.550,03182T,depth
2026-08-05T09:33:04.550,03077T,depth
2026-08-05T09:33:04.550,03011T,depth
2026-08-05T09:33:04.820,03197T,depth
2026-08-05T09:33:04.900,03195T,depth
2026-08-05T09:33:04.900,03196T,depth
2026-08-05T09:33:04.900,03194T,depth
2026-08-05T09:33:05.138,03046T,depth
2026-08-05T09:33:05.218,03046T,depth
2026-08-05T09:33:05.220,03077T,depth
2026-08-05T09:33:05.220,03077T,depth
2026-08-05T09:33:05.281,03077T,depth
2026-08-05T09:33:05.667,03046T,depth
2026-08-05T09:33:05.745,03077T,depth
2026-08-05T09:33:05.745,03182T,depth
2026-08-05T09:33:05.812,03182T,depth
2026-08-05T09:33:05.812,03182T,depth
2026-08-05T09:33:05.876,03011T,depth
2026-08-05T09:33:05.876,03011T,depth
2026-08-05T09:33:05.941,03011T,depth
2026-08-05T09:33:06.354,03046T,depth
2026-08-05T09:33:06.433,03077T,depth
2026-08-05T09:33:06.503,03046T,depth
2026-08-05T09:33:06.503,03182T,depth
2026-08-05T09:33:06.503,03077T,depth
2026-08-05T09:33:06.503,03011T,depth
2026-08-05T09:33:06.788,03046T,depth
2026-08-05T09:33:06.852,03011T,depth
2026-08-05T09:33:06.852,03182T,depth
2026-08-05T09:33:06.852,03077T,depth
2026-08-05T09:33:07.123,03046T,depth
2026-08-05T09:33:07.186,03011T,depth
2026-08-05T09:33:07.188,03182T,depth
2026-08-05T09:33:07.188,03077T,depth
2026-08-05T09:33:08.050,03046T,depth
2026-08-05T09:33:08.115,03077T,depth
2026-08-05T09:33:08.115,03077T,depth
2026-08-05T09:33:08.115,03046T,depth
2026-08-05T09:33:08.180,03077T,depth
2026-08-05T09:33:08.293,03046T,depth
2026-08-05T09:33:08.372,03077T,depth
2026-08-05T09:33:08.372,03046T,depth
2026-08-05T09:33:08.372,03077T,depth
2026-08-05T09:33:08.497,03182T,depth
2026-08-05T09:33:08.577,03011T,depth
2026-08-05T09:33:08.577,03011T,depth
2026-08-05T09:33:08.577,03182T,depth
2026-08-05T09:33:08.579,03011T,depth
2026-08-05T09:33:08.579,03182T,depth
2026-08-05T09:33:08.653,03011T,depth
2026-08-05T09:33:08.722,03046T,depth
2026-08-05T09:33:08.722,03077T,depth
2026-08-05T09:33:08.722,03182T,depth
2026-08-05T09:33:08.722,03011T,depth
2026-08-05T09:33:08.722,03182T,depth
2026-08-05T09:33:08.722,03182T,depth
2026-08-05T09:33:08.722,03011T,depth
2026-08-05T09:33:09.645,03077T,depth
2026-08-05T09:33:09.712,03046T,depth
2026-08-05T09:33:09.714,03077T,depth
2026-08-05T09:33:09.714,03046T,depth
2026-08-05T09:33:09.777,03077T,depth
2026-08-05T09:33:09.890,03197T,depth
2026-08-05T09:33:09.953,03196T,depth
2026-08-05T09:33:09.955,03046T,depth
2026-08-05T09:33:09.955,03195T,depth
2026-08-05T09:33:09.955,03194T,depth
2026-08-05T09:33:09.955,03077T,depth
2026-08-05T09:33:09.955,03046T,depth
2026-08-05T09:33:09.955,03077T,depth
2026-08-05T09:33:10.187,03182T,depth
2026-08-05T09:33:10.256,03011T,depth
2026-08-05T09:33:10.256,03182T,depth
2026-08-05T09:33:10.256,03182T,depth
2026-08-05T09:33:10.256,03011T,depth
2026-08-05T09:33:10.317,03011T,depth
2026-08-05T09:33:10.430,03195T,depth
2026-08-05T09:33:10.509,03197T,depth
2026-08-05T09:33:10.511,03196T,depth
2026-08-05T09:33:10.511,03194T,depth
2026-08-05T09:33:10.652,03046T,depth
2026-08-05T09:33:10.717,03182T,depth
2026-08-05T09:33:10.717,03077T,depth
2026-08-05T09:33:10.717,03011T,depth
2026-08-05T09:33:10.717,03011T,depth
2026-08-05T09:33:10.717,03182T,depth
2026-08-05T09:33:10.779,03182T,depth
2026-08-05T09:33:10.781,03011T,depth
2026-08-05T09:33:11.308,03046T,depth
2026-08-05T09:33:11.374,03077T,depth
2026-08-05T09:33:11.374,03046T,depth
2026-08-05T09:33:11.374,03077T,depth
2026-08-05T09:33:11.439,03077T,depth
2026-08-05T09:33:11.711,03046T,depth
2026-08-05T09:33:11.788,03077T,depth
2026-08-05T09:33:11.866,03182T,depth
2026-08-05T09:33:11.914,03182T,depth
2026-08-05T09:33:11.979,03182T,depth
2026-08-05T09:33:11.979,03011T,depth
2026-08-05T09:33:11.979,03046T,depth
2026-08-05T09:33:11.979,03182T,depth
2026-08-05T09:33:11.979,03077T,depth
2026-08-05T09:33:11.979,03011T,depth
2026-08-05T09:33:12.042,03011T,depth
2026-08-05T09:33:12.042,03011T,depth
2026-08-05T09:33:12.296,03046T,depth
2026-08-05T09:33:12.375,03182T,depth
2026-08-05T09:33:12.375,03077T,depth
2026-08-05T09:33:12.375,03011T,depth
2026-08-05T09:33:12.375,03011T,depth
2026-08-05T09:33:12.375,03182T,depth
2026-08-05T09:33:12.980,03077T,depth
2026-08-05T09:33:13.053,03046T,depth
2026-08-05T09:33:13.053,03077T,depth
2026-08-05T09:33:13.055,03046T,depth
2026-08-05T09:33:13.055,03077T,depth
2026-08-05T09:33:13.198,03077T,depth
2026-08-05T09:33:13.277,03046T,depth
2026-08-05T09:33:13.537,03182T,depth
2026-08-05T09:33:13.610,03182T,depth
2026-08-05T09:33:13.610,03011T,depth
2026-08-05T09:33:13.610,03182T,depth
2026-08-05T09:33:13.610,03011T,depth
2026-08-05T09:33:13.673,03046T,depth
2026-08-05T09:33:13.674,03011T,depth
2026-08-05T09:33:13.674,03011T,depth
2026-08-05T09:33:13.674,03182T,depth
2026-08-05T09:33:13.674,03077T,depth
2026-08-05T09:33:13.674,03011T,depth
2026-08-05T09:33:13.674,03046T,depth
2026-08-05T09:33:13.676,03182T,depth
2026-08-05T09:33:13.676,03077T,depth
2026-08-05T09:33:13.736,03011T,depth
2026-08-05T09:33:13.736,03182T,depth
2026-08-05T09:33:14.639,03046T,depth
2026-08-05T09:33:14.719,03077T,depth
2026-08-05T09:33:14.719,03046T,depth
2026-08-05T09:33:14.719,03077T,depth
2026-08-05T09:33:14.719,03077T,depth
2026-08-05T09:33:14.972,03046T,depth
2026-08-05T09:33:15.034,03077T,depth
2026-08-05T09:33:15.166,03046T,depth
2026-08-05T09:33:15.247,03077T,depth
2026-08-05T09:33:15.247,03046T,depth
2026-08-05T09:33:15.247,03182T,depth
2026-08-05T09:33:15.247,03182T,depth
2026-08-05T09:33:15.247,03077T,depth
2026-08-05T09:33:15.247,03182T,depth
2026-08-05T09:33:15.247,03011T,depth
2026-08-05T09:33:15.328,03182T,depth
2026-08-05T09:33:15.328,03011T,depth
2026-08-05T09:33:15.329,03011T,depth
2026-08-05T09:33:15.646,03182T,depth
2026-08-05T09:33:15.710,03011T,depth
2026-08-05T09:33:15.712,03182T,depth
2026-08-05T09:33:15.712,03011T,depth
2026-08-05T09:33:15.712,03011T,depth
2026-08-05T09:33:15.712,030573,match
2026-08-05T09:33:15.712,030573,depth
2026-08-05T09:33:15.712,030573,match
2026-08-05T09:33:15.712,030573,depth
2026-08-05T09:33:15.712,030573,depth
2026-08-05T09:33:15.712,030573,depth
2026-08-05T09:33:15.712,03195T,depth
2026-08-05T09:33:15.712,03195T,depth
2026-08-05T09:33:15.712,03194T,depth
2026-08-05T09:33:15.712,03194T,depth
2026-08-05T09:33:15.712,03194T,depth
2026-08-05T09:33:15.712,03002T,depth
2026-08-05T09:33:15.712,03068T,depth
2026-08-05T09:33:15.721,03198T,depth
2026-08-05T09:33:15.721,03198T,depth
2026-08-05T09:33:15.721,03198T,depth
2026-08-05T09:33:15.721,03069T,depth
2026-08-05T09:33:15.721,03080T,depth
2026-08-05T09:33:15.721,03163T,depth
2026-08-05T09:33:15.731,03150T,depth
2026-08-05T09:33:15.731,03105T,depth
2026-08-05T09:33:15.731,03105T,depth
2026-08-05T09:33:15.731,03195T,depth
2026-08-05T09:33:15.806,03080T,depth
2026-08-05T09:33:15.806,03080T,depth
2026-08-05T09:33:15.806,031678,depth
2026-08-05T09:33:15.806,031678,depth
2026-08-05T09:33:15.806,030573,depth
2026-08-05T09:33:15.806,03163T,depth
2026-08-05T09:33:15.806,03163T,depth
2026-08-05T09:33:15.871,03163T,depth
2026-08-05T09:33:15.871,03046T,depth
2026-08-05T09:33:15.871,03077T,depth
2026-08-05T09:33:15.934,03057T,depth
2026-08-05T09:33:15.934,03057T,depth
2026-08-05T09:33:15.934,03074T,depth
2026-08-05T09:33:15.934,03074T,depth
2026-08-05T09:33:15.934,03074T,depth
2026-08-05T09:33:15.934,03074T,depth
2026-08-05T09:33:15.934,03046T,depth
2026-08-05T09:33:15.934,03074T,depth
2026-08-05T09:33:15.934,03077T,depth
2026-08-05T09:33:15.934,03163T,depth
2026-08-05T09:33:15.934,03057T,depth
2026-08-05T09:33:15.934,03077T,depth
2026-08-05T09:33:15.934,03183T,depth
2026-08-05T09:33:15.934,03057T,depth
2026-08-05T09:33:15.934,03183T,depth
2026-08-05T09:33:15.946,03163T,depth
2026-08-05T09:33:15.946,03182T,depth
2026-08-05T09:33:15.951,03077T,depth
2026-08-05T09:33:15.951,03183T,depth
2026-08-05T09:33:16.032,030573,match
2026-08-05T09:33:16.032,030573,depth
2026-08-05T09:33:16.032,03046T,depth
2026-08-05T09:33:16.032,03183T,depth
2026-08-05T09:33:16.032,03077T,depth
2026-08-05T09:33:16.032,03077T,depth
2026-08-05T09:33:16.349,031645,depth
2026-08-05T09:33:16.427,031645,depth
2026-08-05T09:33:16.708,03198T,depth
2026-08-05T09:33:16.782,03198T,depth
2026-08-05T09:33:16.782,03198T,depth
2026-08-05T09:33:16.782,03194T,depth
2026-08-05T09:33:16.782,03194T,depth
2026-08-05T09:33:16.790,03194T,depth
2026-08-05T09:33:16.792,03195T,depth
2026-08-05T09:33:16.792,03195T,depth
2026-08-05T09:33:16.792,03195T,match
2026-08-05T09:33:16.792,03195T,depth
2026-08-05T09:33:16.792,031678,depth
2026-08-05T09:33:16.794,031678,depth
2026-08-05T09:33:16.859,03046T,depth
2026-08-05T09:33:16.859,03077T,depth
2026-08-05T09:33:16.922,03011T,depth
2026-08-05T09:33:16.989,03011T,depth
2026-08-05T09:33:16.989,03011T,depth
2026-08-05T09:33:16.989,03182T,depth
2026-08-05T09:33:17.068,03182T,depth
2026-08-05T09:33:17.068,03182T,depth
2026-08-05T09:33:17.130,03182T,depth
2026-08-05T09:33:17.133,03077T,depth
2026-08-05T09:33:17.133,03197T,depth
2026-08-05T09:33:17.133,03196T,depth
2026-08-05T09:33:17.133,03046T,depth
2026-08-05T09:33:17.133,03195T,depth
2026-08-05T09:33:17.133,03194T,depth
2026-08-05T09:33:17.133,03011T,depth
2026-08-05T09:33:17.133,03182T,depth
2026-08-05T09:33:17.133,03182T,depth
2026-08-05T09:33:17.133,03011T,depth
2026-08-05T09:33:17.195,03011T,depth
2026-08-05T09:33:17.258,03182T,depth
2026-08-05T09:33:17.321,03068T,depth
2026-08-05T09:33:17.321,03069T,depth
2026-08-05T09:33:17.417,03002T,depth
2026-08-05T09:33:17.500,03105T,depth
2026-08-05T09:33:17.500,03105T,depth
2026-08-05T09:33:17.504,03080T,depth
2026-08-05T09:33:17.504,03080T,depth
2026-08-05T09:33:17.504,03150T,depth
2026-08-05T09:33:17.610,03197T,depth
2026-08-05T09:33:17.690,03195T,depth
2026-08-05T09:33:17.690,03196T,depth
2026-08-05T09:33:17.692,03194T,depth
2026-08-05T09:33:17.753,030573,depth
2026-08-05T09:33:17.753,030573,depth
2026-08-05T09:33:17.828,03197T,depth
2026-08-05T09:33:17.893,03196T,depth
2026-08-05T09:33:17.895,03195T,depth
2026-08-05T09:33:17.895,03194T,depth
2026-08-05T09:33:17.985,03046T,depth
2026-08-05T09:33:18.054,03077T,depth
2026-08-05T09:33:18.054,03077T,depth
2026-08-05T09:33:18.056,03046T,depth
2026-08-05T09:33:18.056,03077T,depth
2026-08-05T09:33:18.349,03195T,depth
2026-08-05T09:33:18.416,03194T,depth
2026-08-05T09:33:18.416,03196T,depth
2026-08-05T09:33:18.416,03197T,depth
2026-08-05T09:33:18.530,03011T,depth
2026-08-05T09:33:18.604,03011T,depth
2026-08-05T09:33:18.604,03182T,depth
2026-08-05T09:33:18.604,03011T,depth
2026-08-05T09:33:18.683,03182T,depth
2026-08-05T09:33:18.686,03182T,depth
2026-08-05T09:33:19.000,03046T,depth
2026-08-05T09:33:19.066,03011T,depth
2026-08-05T09:33:19.066,03182T,depth
2026-08-05T09:33:19.066,03077T,depth
2026-08-05T09:33:19.161,03046T,depth
2026-08-05T09:33:19.243,03011T,depth
2026-08-05T09:33:19.245,03182T,depth
2026-08-05T09:33:19.245,03077T,depth
2026-08-05T09:33:19.751,03046T,depth
2026-08-05T09:33:19.829,03011T,depth
2026-08-05T09:33:19.830,03182T,depth
2026-08-05T09:33:19.832,03077T,depth
2026-08-05T09:33:20.755,03077T,depth
2026-08-05T09:33:20.824,03046T,depth
2026-08-05T09:33:20.826,03077T,depth
2026-08-05T09:33:20.826,03046T,depth
2026-08-05T09:33:20.826,03077T,depth
2026-08-05T09:33:20.967,03195T,depth
2026-08-05T09:33:21.031,03194T,depth
2026-08-05T09:33:21.033,03196T,depth
2026-08-05T09:33:21.033,03197T,depth
2026-08-05T09:33:21.033,03046T,depth
2026-08-05T09:33:21.033,03077T,depth
2026-08-05T09:33:21.094,03077T,depth
2026-08-05T09:33:21.094,03046T,depth
2026-08-05T09:33:21.330,03182T,depth
2026-08-05T09:33:21.399,03182T,depth
2026-08-05T09:33:21.399,03011T,depth
2026-08-05T09:33:21.399,03182T,depth
2026-08-05T09:33:21.399,03011T,depth
2026-08-05T09:33:21.462,03011T,depth
2026-08-05T09:33:21.525,03197T,depth
2026-08-05T09:33:21.525,03195T,depth
2026-08-05T09:33:21.525,03196T,depth
2026-08-05T09:33:21.525,03194T,depth
2026-08-05T09:33:21.769,03196T,depth
2026-08-05T09:33:21.844,03197T,depth
2026-08-05T09:33:21.844,03046T,depth
2026-08-05T09:33:21.846,03195T,depth
2026-08-05T09:33:21.846,03194T,depth
2026-08-05T09:33:21.846,03011T,depth
2026-08-05T09:33:21.846,03077T,depth
2026-08-05T09:33:21.846,03182T,depth
2026-08-05T09:33:21.951,03182T,depth
2026-08-05T09:33:22.016,03011T,depth
2026-08-05T09:33:22.017,03074T,depth
2026-08-05T09:33:22.017,03074T,depth
2026-08-05T09:33:22.019,03074T,depth
2026-08-05T09:33:22.020,03074T,depth
2026-08-05T09:33:22.020,03074T,depth
2026-08-05T09:33:22.020,03074T,depth
2026-08-05T09:33:22.020,03074T,depth
2026-08-05T09:33:22.079,03074T,depth
2026-08-05T09:33:22.296,03194T,depth
2026-08-05T09:33:22.363,03196T,depth
2026-08-05T09:33:22.453,03195T,depth
2026-08-05T09:33:22.455,03197T,depth
2026-08-05T09:33:22.457,03046T,depth
2026-08-05T09:33:22.521,03046T,depth
2026-08-05T09:33:22.521,03077T,depth
2026-08-05T09:33:22.521,03077T,depth
2026-08-05T09:33:22.584,03077T,depth
2026-08-05T09:33:22.646,03011T,depth
2026-08-05T09:33:22.711,03046T,depth
2026-08-05T09:33:22.711,03077T,depth
2026-08-05T09:33:22.711,03182T,depth
2026-08-05T09:33:23.315,03074T,depth
2026-08-05T09:33:23.394,03074T,depth
2026-08-05T09:33:23.394,03074T,depth
2026-08-05T09:33:23.394,03074T,depth
2026-08-05T09:33:23.394,03074T,depth
2026-08-05T09:33:23.394,03074T,depth
2026-08-05T09:33:23.486,03077T,depth
2026-08-05T09:33:23.555,03046T,depth
2026-08-05T09:33:23.555,03077T,depth
2026-08-05T09:33:23.555,03046T,depth
2026-08-05T09:33:24.103,03182T,depth
2026-08-05T09:33:24.172,03077T,depth
2026-08-05T09:33:24.172,03182T,depth
2026-08-05T09:33:24.172,03011T,depth
2026-08-05T09:33:24.172,03077T,depth
2026-08-05T09:33:24.172,03182T,depth
2026-08-05T09:33:24.251,03011T,depth
2026-08-05T09:33:24.253,03077T,depth
2026-08-05T09:33:24.253,03046T,depth
2026-08-05T09:33:24.253,03011T,depth
2026-08-05T09:33:24.253,03011T,depth
2026-08-05T09:33:24.253,03046T,depth
2026-08-05T09:33:24.253,03046T,depth
2026-08-05T09:33:24.253,03182T,depth
2026-08-05T09:33:24.253,03077T,depth
2026-08-05T09:33:24.253,03046T,depth
2026-08-05T09:33:24.509,03011T,depth
2026-08-05T09:33:24.587,03182T,depth
2026-08-05T09:33:24.587,03077T,depth
2026-08-05T09:33:24.587,03046T,depth
2026-08-05T09:33:24.587,03074T,depth
2026-08-05T09:33:24.587,03074T,depth
2026-08-05T09:33:24.587,03074T,depth
2026-08-05T09:33:24.587,03074T,depth
2026-08-05T09:33:24.587,03074T,depth
2026-08-05T09:33:24.587,03074T,depth
2026-08-05T09:33:25.088,03182T,depth
2026-08-05T09:33:25.164,03077T,depth
2026-08-05T09:33:25.164,03046T,depth
2026-08-05T09:33:25.164,03011T,depth
2026-08-05T09:33:25.755,03077T,depth
2026-08-05T09:33:25.834,03046T,depth
2026-08-05T09:33:25.834,03077T,depth
2026-08-05T09:33:25.834,03046T,depth
2026-08-05T09:33:25.834,03074T,depth
2026-08-05T09:33:25.834,03074T,depth
2026-08-05T09:33:25.834,03074T,depth
2026-08-05T09:33:25.834,03077T,depth
2026-08-05T09:33:25.834,03074T,depth
2026-08-05T09:33:25.844,03074T,depth
2026-08-05T09:33:25.844,03074T,depth
2026-08-05T09:33:26.085,03077T,depth
2026-08-05T09:33:26.151,03046T,depth
2026-08-05T09:33:26.299,03182T,depth
2026-08-05T09:33:26.356,03182T,depth
2026-08-05T09:33:26.426,03182T,depth
2026-08-05T09:33:26.490,03011T,depth
2026-08-05T09:33:26.554,03011T,depth
2026-08-05T09:33:26.554,03195T,depth
2026-08-05T09:33:26.554,03194T,depth
2026-08-05T09:33:26.554,03196T,depth
2026-08-05T09:33:26.554,03197T,depth
2026-08-05T09:33:26.554,03046T,depth
2026-08-05T09:33:26.554,03077T,depth
2026-08-05T09:33:26.554,03182T,depth
2026-08-05T09:33:26.554,03011T,depth
2026-08-05T09:33:26.554,03011T,depth
2026-08-05T09:33:26.628,030573,depth
2026-08-05T09:33:26.906,03011T,depth
2026-08-05T09:33:26.970,03182T,depth
2026-08-05T09:33:26.970,03077T,depth
2026-08-05T09:33:26.970,03046T,depth
2026-08-05T09:33:27.034,03074T,depth
2026-08-05T09:33:27.034,03074T,depth
2026-08-05T09:33:27.034,03074T,depth
2026-08-05T09:33:27.034,03074T,depth
2026-08-05T09:33:27.034,03074T,depth
2026-08-05T09:33:27.034,03074T,depth
2026-08-05T09:33:27.097,03195T,depth
2026-08-05T09:33:27.097,03197T,depth
2026-08-05T09:33:27.161,03194T,depth
2026-08-05T09:33:27.161,03196T,depth
2026-08-05T09:33:27.810,03011T,depth
2026-08-05T09:33:27.879,03182T,depth
2026-08-05T09:33:27.944,03046T,depth
2026-08-05T09:33:28.022,03046T,depth
2026-08-05T09:33:28.022,03046T,depth
2026-08-05T09:33:28.022,03046T,depth
2026-08-05T09:33:28.022,03077T,depth
2026-08-05T09:33:28.088,03077T,depth
2026-08-05T09:33:28.088,03077T,depth
2026-08-05T09:33:28.162,03074T,depth
2026-08-05T09:33:28.231,03074T,depth
2026-08-05T09:33:28.231,03074T,depth
2026-08-05T09:33:28.231,03074T,depth
2026-08-05T09:33:28.231,03074T,depth
2026-08-05T09:33:28.231,03074T,depth
2026-08-05T09:33:28.640,03046T,depth
2026-08-05T09:33:28.710,03077T,depth
2026-08-05T09:33:28.773,03077T,depth
2026-08-05T09:33:28.775,03046T,depth
2026-08-05T09:33:29.062,03074T,depth
2026-08-05T09:33:29.126,03074T,depth
2026-08-05T09:33:29.126,03074T,depth
2026-08-05T09:33:29.126,03011T,depth
2026-08-05T09:33:29.189,03182T,depth
2026-08-05T09:33:29.189,03011T,depth
2026-08-05T09:33:29.189,03011T,depth
2026-08-05T09:33:29.189,03182T,depth
2026-08-05T09:33:29.189,03077T,depth
2026-08-05T09:33:29.189,03011T,depth
2026-08-05T09:33:29.189,03182T,depth
2026-08-05T09:33:29.253,03182T,depth
2026-08-05T09:33:29.390,03074T,depth
2026-08-05T09:33:29.459,03074T,depth
2026-08-05T09:33:29.459,03074T,depth
2026-08-05T09:33:29.586,03046T,depth
2026-08-05T09:33:29.649,03046T,depth
2026-08-05T09:33:30.049,03182T,depth
2026-08-05T09:33:30.112,03046T,depth
2026-08-05T09:33:30.112,03011T,depth
2026-08-05T09:33:30.178,03077T,depth
2026-08-05T09:33:30.178,03182T,depth
2026-08-05T09:33:30.178,03077T,depth
2026-08-05T09:33:30.178,03046T,depth
2026-08-05T09:33:30.178,03011T,depth
2026-08-05T09:33:30.178,03077T,depth
2026-08-05T09:33:30.241,03077T,depth
2026-08-05T09:33:30.317,03077T,depth
2026-08-05T09:33:30.381,03046T,depth
2026-08-05T09:33:30.381,03077T,depth
2026-08-05T09:33:30.381,03074T,depth
2026-08-05T09:33:30.381,03074T,depth
2026-08-05T09:33:30.381,03074T,depth
2026-08-05T09:33:30.450,03074T,depth
2026-08-05T09:33:30.452,03074T,depth
2026-08-05T09:33:30.452,03074T,depth
2026-08-05T09:33:31.266,03077T,depth
2026-08-05T09:33:31.326,03011T,depth
2026-08-05T09:33:31.326,03077T,depth
2026-08-05T09:33:31.334,03011T,depth
2026-08-05T09:33:31.334,03046T,depth
2026-08-05T09:33:31.334,03077T,depth
2026-08-05T09:33:31.396,03011T,depth
2026-08-05T09:33:31.396,03046T,depth
2026-08-05T09:33:31.396,03182T,depth
2026-08-05T09:33:31.396,03182T,depth
2026-08-05T09:33:31.458,03182T,depth
2026-08-05T09:33:31.522,03046T,depth
2026-08-05T09:33:31.522,03011T,depth
2026-08-05T09:33:31.522,03182T,depth
2026-08-05T09:33:31.522,03077T,depth
2026-08-05T09:33:31.602,03074T,depth
2026-08-05T09:33:31.604,03074T,depth
2026-08-05T09:33:31.604,03074T,depth
2026-08-05T09:33:31.665,03074T,depth
2026-08-05T09:33:31.665,03074T,depth
2026-08-05T09:33:31.665,03074T,depth
2026-08-05T09:33:31.665,03046T,depth
2026-08-05T09:33:31.665,03011T,depth
2026-08-05T09:33:31.665,03182T,depth
2026-08-05T09:33:31.665,03077T,depth
2026-08-05T09:33:31.730,03011T,depth
2026-08-05T09:33:31.730,03046T,depth
2026-08-05T09:33:31.809,03077T,depth
2026-08-05T09:33:31.809,03182T,depth
2026-08-05T09:33:31.969,03197T,depth
2026-08-05T09:33:32.034,03196T,depth
2026-08-05T09:33:32.034,03195T,depth
2026-08-05T09:33:32.034,03194T,depth
2026-08-05T09:33:32.418,03046T,depth
2026-08-05T09:33:32.482,03046T,depth
2026-08-05T09:33:32.482,03077T,depth
2026-08-05T09:33:32.547,03197T,depth
2026-08-05T09:33:32.547,03077T,depth
2026-08-05T09:33:32.547,03196T,depth
2026-08-05T09:33:32.547,03194T,depth
2026-08-05T09:33:32.547,03077T,depth
2026-08-05T09:33:32.547,03195T,depth
2026-08-05T09:33:32.638,03074T,depth
2026-08-05T09:33:32.708,03074T,depth
2026-08-05T09:33:32.708,03074T,depth
2026-08-05T09:33:32.708,03074T,depth
2026-08-05T09:33:32.708,03074T,depth
2026-08-05T09:33:32.708,03074T,depth
2026-08-05T09:33:32.850,03011T,depth
2026-08-05T09:33:32.932,03046T,depth
2026-08-05T09:33:32.932,03011T,depth
2026-08-05T09:33:32.932,03011T,depth
2026-08-05T09:33:32.932,03077T,depth
2026-08-05T09:33:32.995,03011T,depth
2026-08-05T09:33:32.997,03182T,depth
2026-08-05T09:33:33.060,03046T,depth
2026-08-05T09:33:33.060,03011T,depth
2026-08-05T09:33:33.060,03077T,depth
2026-08-05T09:33:33.060,03182T,depth
2026-08-05T09:33:33.060,03182T,depth
2026-08-05T09:33:33.060,03182T,depth
2026-08-05T09:33:33.124,03195T,depth
2026-08-05T09:33:33.124,03194T,depth
2026-08-05T09:33:33.124,03011T,depth
2026-08-05T09:33:33.124,03182T,depth
2026-08-05T09:33:33.124,03077T,depth
2026-08-05T09:33:33.124,03197T,depth
2026-08-05T09:33:33.127,03196T,depth
2026-08-05T09:33:33.127,03046T,depth
2026-08-05T09:33:33.645,03197T,depth
2026-08-05T09:33:33.714,03196T,depth
2026-08-05T09:33:33.714,03195T,depth
2026-08-05T09:33:33.716,03194T,depth
2026-08-05T09:33:33.790,03182T,depth
2026-08-05T09:33:34.035,03074T,depth
2026-08-05T09:33:34.114,03074T,depth
2026-08-05T09:33:34.114,03074T,depth
2026-08-05T09:33:34.114,03046T,depth
2026-08-05T09:33:34.114,03074T,depth
2026-08-05T09:33:34.114,03074T,depth
2026-08-05T09:33:34.114,03074T,depth
2026-08-05T09:33:34.114,03046T,depth
2026-08-05T09:33:34.114,03046T,depth
2026-08-05T09:33:34.177,03046T,depth
2026-08-05T09:33:34.244,03077T,depth
2026-08-05T09:33:34.244,03077T,depth
2026-08-05T09:33:34.304,03077T,depth
2026-08-05T09:33:34.369,03077T,depth
2026-08-05T09:33:34.371,03046T,depth
2026-08-05T09:33:34.701,03011T,depth
2026-08-05T09:33:34.770,03011T,depth
2026-08-05T09:33:34.770,03077T,depth
2026-08-05T09:33:34.770,03046T,depth
2026-08-05T09:33:34.770,03011T,depth
2026-08-05T09:33:34.833,03011T,depth
2026-08-05T09:33:34.994,03074T,depth
2026-08-05T09:33:35.056,03074T,depth
2026-08-05T09:33:35.056,03074T,depth
2026-08-05T09:33:35.056,03011T,depth
2026-08-05T09:33:35.056,03077T,depth
2026-08-05T09:33:35.056,03074T,depth
2026-08-05T09:33:35.056,03074T,depth
2026-08-05T09:33:35.056,03074T,depth
2026-08-05T09:33:35.267,03080T,depth
2026-08-05T09:33:35.344,03182T,depth
2026-08-05T09:33:35.403,03182T,depth
2026-08-05T09:33:35.403,03182T,depth
2026-08-05T09:33:35.793,03077T,depth
2026-08-05T09:33:36.190,03046T,depth
2026-08-05T09:33:36.190,03077T,depth
2026-08-05T09:33:36.190,03046T,depth
2026-08-05T09:33:36.194,03077T,depth
2026-08-05T09:33:36.194,03074T,depth
2026-08-05T09:33:36.194,03074T,depth
2026-08-05T09:33:36.194,03074T,depth
2026-08-05T09:33:36.194,03074T,depth
2026-08-05T09:33:36.194,03074T,depth
2026-08-05T09:33:36.194,03074T,depth
2026-08-05T09:33:36.209,03011T,depth
2026-08-05T09:33:36.209,03046T,depth
2026-08-05T09:33:36.209,03182T,depth
2026-08-05T09:33:36.209,03077T,depth
2026-08-05T09:33:36.337,03046T,depth
2026-08-05T09:33:36.400,03182T,depth
2026-08-05T09:33:36.400,03077T,depth
2026-08-05T09:33:36.620,03197T,depth
2026-08-05T09:33:36.690,03196T,depth
2026-08-05T09:33:36.690,03046T,depth
2026-08-05T09:33:36.690,03195T,depth
2026-08-05T09:33:36.690,03194T,depth
2026-08-05T09:33:36.690,03182T,depth
2026-08-05T09:33:36.690,03077T,depth
2026-08-05T09:33:37.009,03080T,depth
2026-08-05T09:33:37.009,03080T,depth
2026-08-05T09:33:37.135,03074T,depth
2026-08-05T09:33:37.216,03074T,depth
2026-08-05T09:33:37.216,03074T,depth
2026-08-05T09:33:37.216,03074T,depth
2026-08-05T09:33:37.216,03074T,depth
2026-08-05T09:33:37.216,03074T,depth
2026-08-05T09:33:37.216,03195T,depth
2026-08-05T09:33:37.216,03197T,depth
2026-08-05T09:33:37.216,03194T,depth
2026-08-05T09:33:37.216,03196T,depth
2026-08-05T09:33:37.502,03011T,depth
2026-08-05T09:33:37.581,03011T,depth
2026-08-05T09:33:37.581,03011T,depth
2026-08-05T09:33:37.581,03077T,depth
2026-08-05T09:33:37.646,03077T,depth
2026-08-05T09:33:37.646,03046T,depth
2026-08-05T09:33:37.646,03077T,depth
2026-08-05T09:33:37.709,03046T,depth
2026-08-05T09:33:38.145,03182T,depth
2026-08-05T09:33:38.222,03182T,depth
2026-08-05T09:33:38.222,03011T,depth
2026-08-05T09:33:38.222,03046T,depth
2026-08-05T09:33:38.222,03182T,depth
2026-08-05T09:33:38.222,03077T,depth
2026-08-05T09:33:38.222,03182T,depth
2026-08-05T09:33:38.301,03011T,depth
2026-08-05T09:33:38.366,03046T,depth
2026-08-05T09:33:38.366,03077T,depth
2026-08-05T09:33:38.366,03182T,depth
2026-08-05T09:33:38.366,03074T,depth
2026-08-05T09:33:38.366,03074T,depth
2026-08-05T09:33:38.366,03074T,depth
2026-08-05T09:33:38.366,03074T,depth
2026-08-05T09:33:38.366,03074T,depth
2026-08-05T09:33:38.366,03074T,depth
2026-08-05T09:33:38.587,03011T,depth
2026-08-05T09:33:38.654,03182T,depth
2026-08-05T09:33:38.654,03077T,depth
2026-08-05T09:33:38.654,03046T,depth
2026-08-05T09:33:39.720,03011T,depth
2026-08-05T09:33:39.789,03074T,depth
2026-08-05T09:33:39.789,03074T,depth
2026-08-05T09:33:39.789,03074T,depth
2026-08-05T09:33:39.789,03011T,depth
2026-08-05T09:33:39.789,03182T,depth
2026-08-05T09:33:39.789,03077T,depth
2026-08-05T09:33:39.852,03011T,depth
2026-08-05T09:33:39.854,03046T,depth
2026-08-05T09:33:39.854,03077T,depth
2026-08-05T09:33:39.854,03074T,depth
2026-08-05T09:33:39.854,03182T,depth
2026-08-05T09:33:39.854,03074T,depth
2026-08-05T09:33:39.854,03046T,depth
2026-08-05T09:33:39.854,03074T,depth
2026-08-05T09:33:39.854,03077T,depth
2026-08-05T09:33:39.854,03182T,depth
2026-08-05T09:33:40.742,03074T,depth
2026-08-05T09:33:40.811,03074T,depth
2026-08-05T09:33:40.811,03074T,depth
2026-08-05T09:33:40.811,03074T,depth
2026-08-05T09:33:40.811,03074T,depth
2026-08-05T09:33:40.811,03074T,depth
2026-08-05T09:33:41.617,03046T,depth
2026-08-05T09:33:41.690,03182T,depth
2026-08-05T09:33:41.690,03077T,depth
2026-08-05T09:33:41.690,03011T,depth
2026-08-05T09:33:41.769,03011T,depth
2026-08-05T09:33:41.848,03077T,depth
2026-08-05T09:33:41.850,03182T,depth
2026-08-05T09:33:41.852,03046T,depth
2026-08-05T09:33:41.852,03074T,depth
2026-08-05T09:33:41.853,03074T,depth
2026-08-05T09:33:41.854,03074T,depth
2026-08-05T09:33:41.948,03074T,depth
2026-08-05T09:33:42.024,03074T,depth
2026-08-05T09:33:42.024,03074T,depth
2026-08-05T09:33:42.195,03011T,depth
2026-08-05T09:33:42.262,03046T,depth
2026-08-05T09:33:42.262,03182T,depth
2026-08-05T09:33:42.262,03077T,depth
2026-08-05T09:33:42.354,03150T,depth
2026-08-05T09:33:42.774,03074T,depth
2026-08-05T09:33:42.848,03074T,depth
2026-08-05T09:33:42.850,03074T,depth
2026-08-05T09:33:42.850,03074T,depth
2026-08-05T09:33:42.850,03074T,depth
2026-08-05T09:33:42.850,03074T,depth
2026-08-05T09:33:43.010,03046T,depth
2026-08-05T09:33:43.090,03046T,depth
2026-08-05T09:33:43.090,03077T,depth
2026-08-05T09:33:43.090,03077T,depth
2026-08-05T09:33:43.153,03077T,depth
2026-08-05T09:33:43.217,03046T,depth
2026-08-05T09:33:43.281,03077T,depth
2026-08-05T09:33:43.361,03182T,depth
2026-08-05T09:33:43.424,03182T,depth
2026-08-05T09:33:43.424,03182T,depth
2026-08-05T09:33:43.569,03011T,depth
2026-08-05T09:33:43.632,03011T,depth
2026-08-05T09:33:43.697,03011T,depth
2026-08-05T09:33:43.786,03074T,depth
2026-08-05T09:33:43.857,03074T,depth
2026-08-05T09:33:43.857,03074T,depth
2026-08-05T09:33:43.857,03074T,depth
2026-08-05T09:33:43.857,03074T,depth
2026-08-05T09:33:43.857,03074T,depth
2026-08-05T09:33:43.938,03046T,depth
2026-08-05T09:33:44.020,03011T,depth
2026-08-05T09:33:44.020,03182T,depth
2026-08-05T09:33:44.020,03077T,depth
2026-08-05T09:33:44.020,03182T,depth
2026-08-05T09:33:44.020,03077T,depth
2026-08-05T09:33:44.020,03194T,depth
2026-08-05T09:33:44.020,03195T,depth
2026-08-05T09:33:44.028,03011T,depth
2026-08-05T09:33:44.028,03196T,depth
2026-08-05T09:33:44.028,03197T,depth
2026-08-05T09:33:44.028,03046T,depth
2026-08-05T09:33:44.097,03011T,depth
2026-08-05T09:33:44.097,03182T,depth
2026-08-05T09:33:44.492,03074T,depth
2026-08-05T09:33:44.562,03074T,depth
2026-08-05T09:33:44.562,03074T,depth
2026-08-05T09:33:44.562,03074T,depth
2026-08-05T09:33:44.562,03074T,depth
2026-08-05T09:33:44.562,03074T,depth
2026-08-05T09:33:44.562,03197T,depth
2026-08-05T09:33:44.562,03195T,depth
2026-08-05T09:33:44.627,03196T,depth
2026-08-05T09:33:44.627,03194T,depth
2026-08-05T09:33:44.750,03046T,depth
2026-08-05T09:33:44.820,03077T,depth
2026-08-05T09:33:44.820,03046T,depth
2026-08-05T09:33:44.820,03077T,depth
2026-08-05T09:33:44.898,03077T,depth
2026-08-05T09:33:45.170,03074T,depth
2026-08-05T09:33:45.246,03074T,depth
2026-08-05T09:33:45.246,03074T,depth
2026-08-05T09:33:45.246,03074T,depth
2026-08-05T09:33:45.246,03074T,depth
2026-08-05T09:33:45.246,03074T,depth
2026-08-05T09:33:45.316,03011T,depth
2026-08-05T09:33:45.316,03011T,depth
2026-08-05T09:33:45.316,03046T,depth
2026-08-05T09:33:45.318,03077T,depth
2026-08-05T09:33:45.390,03011T,depth
2026-08-05T09:33:45.390,03011T,depth
2026-08-05T09:33:45.390,03077T,depth
2026-08-05T09:33:45.390,03046T,depth
2026-08-05T09:33:45.390,03011T,depth
2026-08-05T09:33:45.390,03182T,depth
2026-08-05T09:33:45.452,03182T,depth
2026-08-05T09:33:45.452,03182T,depth
2026-08-05T09:33:45.700,03074T,depth
2026-08-05T09:33:45.769,03074T,depth
2026-08-05T09:33:45.769,03074T,depth
2026-08-05T09:33:45.769,03074T,depth
2026-08-05T09:33:45.769,03074T,depth
2026-08-05T09:33:45.769,03074T,depth
2026-08-05T09:33:45.986,03011T,depth
2026-08-05T09:33:46.055,03182T,depth
2026-08-05T09:33:46.055,03077T,depth
2026-08-05T09:33:46.055,03046T,depth
2026-08-05T09:33:46.055,03074T,depth
2026-08-05T09:33:46.118,03074T,depth
2026-08-05T09:33:46.120,03074T,depth
2026-08-05T09:33:46.120,03074T,depth
2026-08-05T09:33:46.120,03074T,depth
2026-08-05T09:33:46.181,03074T,depth
2026-08-05T09:33:46.181,030573,depth
2026-08-05T09:33:46.340,03074T,depth
2026-08-05T09:33:46.421,03074T,depth
2026-08-05T09:33:46.421,03074T,depth
2026-08-05T09:33:46.421,03074T,depth
2026-08-05T09:33:46.421,03074T,depth
2026-08-05T09:33:46.421,03074T,depth
2026-08-05T09:33:46.564,03074T,depth
2026-08-05T09:33:46.629,03074T,depth
2026-08-05T09:33:46.629,03074T,depth
2026-08-05T09:33:46.894,03182T,depth
2026-08-05T09:33:47.011,03046T,depth
2026-08-05T09:33:47.077,03077T,depth
2026-08-05T09:33:47.077,03046T,depth
2026-08-05T09:33:47.079,03077T,depth
2026-08-05T09:33:47.139,03077T,depth
2026-08-05T09:33:47.338,03046T,depth
2026-08-05T09:33:47.405,03182T,depth
2026-08-05T09:33:47.408,03077T,depth
2026-08-05T09:33:47.559,03011T,depth
2026-08-05T09:33:47.627,03011T,depth
2026-08-05T09:33:47.627,03011T,depth
2026-08-05T09:33:48.060,03046T,depth
2026-08-05T09:33:48.122,03077T,depth
2026-08-05T09:33:48.650,03182T,depth
2026-08-05T09:33:48.710,03182T,depth
2026-08-05T09:33:48.780,03182T,depth
2026-08-05T09:33:48.843,03046T,depth
2026-08-05T09:33:48.843,03011T,depth
2026-08-05T09:33:48.843,03182T,depth
2026-08-05T09:33:48.843,03077T,depth
2026-08-05T09:33:49.133,03195T,depth
2026-08-05T09:33:49.211,03194T,depth
2026-08-05T09:33:49.211,03011T,depth
2026-08-05T09:33:49.211,03197T,depth
2026-08-05T09:33:49.211,03196T,depth
2026-08-05T09:33:49.211,03046T,depth
2026-08-05T09:33:49.211,03182T,depth
2026-08-05T09:33:49.211,03077T,depth
2026-08-05T09:33:49.274,03046T,depth
2026-08-05T09:33:49.274,03011T,depth
2026-08-05T09:33:49.274,03182T,depth
2026-08-05T09:33:49.274,03077T,depth
2026-08-05T09:33:49.659,03194T,depth
2026-08-05T09:33:49.724,03196T,depth
2026-08-05T09:33:49.787,03195T,depth
2026-08-05T09:33:49.787,03197T,depth
2026-08-05T09:33:50.284,03046T,depth
2026-08-05T09:33:50.363,03046T,depth
2026-08-05T09:33:50.444,03077T,depth
2026-08-05T09:33:50.523,03077T,depth
2026-08-05T09:33:50.523,03077T,depth
2026-08-05T09:33:50.827,03182T,depth
2026-08-05T09:33:50.907,03011T,depth
2026-08-05T09:33:50.909,03182T,depth
2026-08-05T09:33:50.972,03011T,depth
2026-08-05T09:33:50.972,03182T,depth
2026-08-05T09:33:50.972,03011T,depth
2026-08-05T09:33:51.465,03046T,depth
2026-08-05T09:33:51.529,03011T,depth
2026-08-05T09:33:51.531,03182T,depth
2026-08-05T09:33:51.531,03077T,depth
2026-08-05T09:33:51.531,03046T,depth
2026-08-05T09:33:51.531,03011T,depth
2026-08-05T09:33:51.531,03182T,depth
2026-08-05T09:33:51.531,03077T,depth
2026-08-05T09:33:51.628,03046T,depth
2026-08-05T09:33:51.690,03011T,depth
2026-08-05T09:33:51.690,03182T,depth
2026-08-05T09:33:51.690,03077T,depth
2026-08-05T09:33:51.754,03074T,depth
2026-08-05T09:33:51.754,03074T,depth
2026-08-05T09:33:51.754,03074T,depth
2026-08-05T09:33:51.756,03074T,depth
2026-08-05T09:33:51.816,03074T,depth
2026-08-05T09:33:52.480,03077T,depth
2026-08-05T09:33:52.547,03046T,depth
2026-08-05T09:33:52.547,03046T,depth
2026-08-05T09:33:52.547,03077T,depth
2026-08-05T09:33:52.610,03077T,depth
2026-08-05T09:33:53.045,03011T,depth
2026-08-05T09:33:53.123,03011T,depth
2026-08-05T09:33:53.125,03011T,depth
2026-08-05T09:33:53.125,03182T,depth
2026-08-05T09:33:53.182,03182T,depth
2026-08-05T09:33:53.188,03182T,depth
2026-08-05T09:33:53.250,03011T,depth
2026-08-05T09:33:53.250,03182T,depth
2026-08-05T09:33:53.250,03077T,depth
2026-08-05T09:33:53.250,03046T,depth
2026-08-05T09:33:53.921,03195T,depth
2026-08-05T09:33:53.984,03194T,depth
2026-08-05T09:33:53.984,03011T,depth
2026-08-05T09:33:53.984,03182T,depth
2026-08-05T09:33:53.984,03077T,depth
2026-08-05T09:33:53.984,03197T,depth
2026-08-05T09:33:53.984,03196T,depth
2026-08-05T09:33:53.984,03046T,depth
2026-08-05T09:33:54.061,03011T,depth
2026-08-05T09:33:54.126,03077T,depth
2026-08-05T09:33:54.128,03182T,depth
2026-08-05T09:33:54.129,03046T,depth
2026-08-05T09:33:54.461,03194T,depth
2026-08-05T09:33:54.539,03196T,depth
2026-08-05T09:33:54.541,03195T,depth
2026-08-05T09:33:54.541,03197T,depth
2026-08-05T09:33:54.685,03046T,depth
2026-08-05T09:33:54.747,03077T,depth
2026-08-05T09:33:54.747,03046T,depth
2026-08-05T09:33:54.747,03077T,depth
2026-08-05T09:33:54.808,03077T,depth
2026-08-05T09:33:55.040,03195T,depth
2026-08-05T09:33:55.107,03194T,depth
2026-08-05T09:33:55.109,03196T,depth
2026-08-05T09:33:55.109,03197T,depth
2026-08-05T09:33:55.109,03046T,depth
2026-08-05T09:33:55.109,03077T,depth
2026-08-05T09:33:55.109,03077T,depth
2026-08-05T09:33:55.171,03046T,depth
2026-08-05T09:33:55.235,03182T,depth
2026-08-05T09:33:55.300,03182T,depth
2026-08-05T09:33:55.300,03011T,depth
2026-08-05T09:33:55.300,03182T,depth
2026-08-05T09:33:55.300,03011T,depth
2026-08-05T09:33:55.366,03011T,depth
2026-08-05T09:33:55.441,03011T,depth
2026-08-05T09:33:55.443,03046T,depth
2026-08-05T09:33:55.443,03182T,depth
2026-08-05T09:33:55.443,03077T,depth
2026-08-05T09:33:55.500,03011T,depth
2026-08-05T09:33:55.507,03182T,depth
2026-08-05T09:33:55.569,03195T,depth
2026-08-05T09:33:55.648,03197T,depth
2026-08-05T09:33:55.650,03194T,depth
2026-08-05T09:33:55.650,03196T,depth
2026-08-05T09:33:55.852,03011T,depth
2026-08-05T09:33:55.920,03182T,depth
2026-08-05T09:33:56.323,03046T,depth
2026-08-05T09:33:56.400,03046T,depth
2026-08-05T09:33:56.463,03077T,depth
2026-08-05T09:33:56.463,03077T,depth
2026-08-05T09:33:56.527,03077T,depth
2026-08-05T09:33:56.591,03046T,depth
2026-08-05T09:33:56.655,03077T,depth
2026-08-05T09:33:56.861,03046T,depth
2026-08-05T09:33:56.927,03077T,depth
2026-08-05T09:33:57.215,03046T,depth
2026-08-05T09:33:57.273,03077T,depth
2026-08-05T09:33:57.342,03074T,depth
2026-08-05T09:33:57.342,03074T,depth
2026-08-05T09:33:57.342,03074T,depth
2026-08-05T09:33:57.342,03074T,depth
2026-08-05T09:33:57.342,03074T,depth
2026-08-05T09:33:57.406,03074T,depth
2026-08-05T09:33:57.406,03074T,depth
2026-08-05T09:33:57.406,03074T,depth
2026-08-05T09:33:57.511,03182T,depth
2026-08-05T09:33:57.582,03011T,depth
2026-08-05T09:33:57.582,03011T,depth
2026-08-05T09:33:57.584,03182T,depth
2026-08-05T09:33:57.645,03011T,depth
2026-08-05T09:33:57.645,03182T,depth
2026-08-05T09:33:57.645,03011T,depth
2026-08-05T09:33:57.645,03182T,depth
2026-08-05T09:33:57.865,03011T,depth
2026-08-05T09:33:57.933,03182T,depth
2026-08-05T09:33:57.998,03046T,depth
2026-08-05T09:33:58.063,03046T,depth
2026-08-05T09:33:58.063,03077T,depth
2026-08-05T09:33:58.126,03077T,depth
2026-08-05T09:33:58.126,03077T,depth
2026-08-05T09:33:58.206,03074T,depth
2026-08-05T09:33:58.206,03074T,depth
2026-08-05T09:33:58.267,03074T,depth
2026-08-05T09:33:58.332,03074T,depth
2026-08-05T09:33:58.332,03074T,depth
2026-08-05T09:33:58.332,03074T,depth
2026-08-05T09:33:59.063,03011T,depth
2026-08-05T09:33:59.134,03046T,depth
2026-08-05T09:33:59.134,03182T,depth
2026-08-05T09:33:59.134,03077T,depth
2026-08-05T09:33:59.136,03011T,depth
2026-08-05T09:33:59.196,03182T,depth
2026-08-05T09:33:59.207,03182T,depth
2026-08-05T09:33:59.271,03011T,depth
2026-08-05T09:33:59.277,03046T,depth
2026-08-05T09:33:59.277,03077T,depth
2026-08-05T09:33:59.277,03182T,depth
2026-08-05T09:33:59.404,03011T,depth
2026-08-05T09:33:59.467,03046T,depth
2026-08-05T09:33:59.469,03182T,depth
2026-08-05T09:33:59.469,03077T,depth
2026-08-05T09:33:59.532,03074T,depth
2026-08-05T09:33:59.532,03074T,depth
2026-08-05T09:33:59.532,03074T,depth
2026-08-05T09:33:59.596,03074T,depth
2026-08-05T09:33:59.660,03074T,depth
2026-08-05T09:33:59.660,03074T,depth
2026-08-05T09:33:59.899,03011T,depth
2026-08-05T09:34:00.171,03046T,depth
2026-08-05T09:34:00.251,03077T,depth
2026-08-05T09:34:00.252,03046T,depth
2026-08-05T09:34:00.252,03077T,depth
2026-08-05T09:34:00.252,03077T,depth
2026-08-05T09:34:00.319,03046T,depth
2026-08-05T09:34:00.320,03077T,depth
2026-08-05T09:34:00.320,03046T,depth
2026-08-05T09:34:00.320,03077T,depth
2026-08-05T09:34:00.707,03074T,depth
2026-08-05T09:34:00.775,03074T,depth
2026-08-05T09:34:00.777,03074T,depth
2026-08-05T09:34:00.777,03182T,depth
2026-08-05T09:34:00.777,03182T,depth
2026-08-05T09:34:00.840,03182T,depth
2026-08-05T09:34:00.902,03074T,depth
2026-08-05T09:34:00.902,03182T,depth
2026-08-05T09:34:00.905,03077T,depth
2026-08-05T09:34:00.905,03074T,depth
2026-08-05T09:34:00.905,03046T,depth
2026-08-05T09:34:00.965,03074T,depth
2026-08-05T09:34:01.153,03195T,depth
2026-08-05T09:34:01.223,03194T,depth
2026-08-05T09:34:01.223,03197T,depth
2026-08-05T09:34:01.223,03196T,depth
2026-08-05T09:34:01.223,03182T,depth
2026-08-05T09:34:01.304,03182T,depth
2026-08-05T09:34:01.382,03011T,depth
2026-08-05T09:34:01.447,03011T,depth
2026-08-05T09:34:01.447,03011T,depth
2026-08-05T09:34:01.526,03011T,depth
2026-08-05T09:34:01.605,03011T,depth
2026-08-05T09:34:01.669,03197T,depth
2026-08-05T09:34:01.669,03196T,depth
2026-08-05T09:34:01.669,03194T,depth
2026-08-05T09:34:01.732,03195T,depth
2026-08-05T09:34:01.811,03046T,depth
2026-08-05T09:34:01.877,03046T,depth
2026-08-05T09:34:01.877,03077T,depth
2026-08-05T09:34:01.879,03077T,depth
2026-08-05T09:34:01.940,03077T,depth
2026-08-05T09:34:02.116,03046T,depth
2026-08-05T09:34:02.116,03011T,depth
2026-08-05T09:34:02.116,03077T,depth
2026-08-05T09:34:02.334,03046T,depth
2026-08-05T09:34:02.402,03077T,depth
2026-08-05T09:34:02.402,03046T,depth
2026-08-05T09:34:02.402,03077T,depth
2026-08-05T09:34:02.402,03182T,depth
2026-08-05T09:34:02.402,03182T,depth
2026-08-05T09:34:02.466,03074T,depth
2026-08-05T09:34:02.466,03074T,depth
2026-08-05T09:34:02.469,03074T,depth
2026-08-05T09:34:02.469,03182T,depth
2026-08-05T09:34:02.529,03074T,depth
2026-08-05T09:34:02.531,03074T,depth
2026-08-05T09:34:02.592,03074T,depth
2026-08-05T09:34:02.716,03182T,depth
2026-08-05T09:34:02.784,03182T,depth
2026-08-05T09:34:02.930,03182T,depth
2026-08-05T09:34:03.462,03011T,depth
2026-08-05T09:34:03.538,03011T,depth
2026-08-05T09:34:03.548,03046T,depth
2026-08-05T09:34:03.548,03011T,depth
2026-08-05T09:34:03.548,03046T,depth
2026-08-05T09:34:03.550,03011T,depth
2026-08-05T09:34:03.607,03077T,depth
2026-08-05T09:34:03.618,03077T,depth
2026-08-05T09:34:03.681,03077T,depth
2026-08-05T09:34:03.927,03074T,depth
2026-08-05T09:34:04.005,03074T,depth
2026-08-05T09:34:04.005,03074T,depth
2026-08-05T09:34:04.070,03074T,depth
2026-08-05T09:34:04.070,03074T,depth
2026-08-05T09:34:04.070,03074T,depth
2026-08-05T09:34:04.148,03182T,depth
2026-08-05T09:34:04.148,03182T,depth
2026-08-05T09:34:04.212,03182T,depth
2026-08-05T09:34:04.529,03046T,depth
2026-08-05T09:34:04.591,03011T,depth
2026-08-05T09:34:04.591,03182T,depth
2026-08-05T09:34:04.591,03077T,depth
2026-08-05T09:34:04.659,03182T,depth
2026-08-05T09:34:04.661,03077T,depth
2026-08-05T09:34:04.661,03011T,depth
2026-08-05T09:34:04.661,03046T,depth
2026-08-05T09:34:04.661,03182T,depth
2026-08-05T09:34:04.661,03077T,depth
2026-08-05T09:34:04.661,03046T,depth
2026-08-05T09:34:05.012,03195T,depth
2026-08-05T09:34:05.076,03194T,depth
2026-08-05T09:34:05.078,03197T,depth
2026-08-05T09:34:05.078,03196T,depth
2026-08-05T09:34:05.462,03074T,depth
2026-08-05T09:34:05.542,03074T,depth
2026-08-05T09:34:05.544,03074T,depth
2026-08-05T09:34:05.544,03074T,depth
2026-08-05T09:34:05.544,03074T,depth
2026-08-05T09:34:05.544,03074T,depth
2026-08-05T09:34:05.606,03195T,depth
2026-08-05T09:34:05.606,03197T,depth
2026-08-05T09:34:05.606,03196T,depth
2026-08-05T09:34:05.606,03194T,depth
2026-08-05T09:34:05.606,03195T,depth
2026-08-05T09:34:05.606,03194T,depth
2026-08-05T09:34:05.606,03197T,depth
2026-08-05T09:34:05.606,03196T,depth
2026-08-05T09:34:05.702,03182T,depth
2026-08-05T09:34:05.792,03077T,depth
2026-08-05T09:34:05.794,03046T,depth
2026-08-05T09:34:05.794,03182T,depth
2026-08-05T09:34:05.794,03011T,depth
2026-08-05T09:34:05.796,03077T,depth
2026-08-05T09:34:05.796,03046T,depth
2026-08-05T09:34:05.796,03182T,depth
2026-08-05T09:34:05.796,03011T,depth
2026-08-05T09:34:05.796,03077T,depth
2026-08-05T09:34:05.860,03011T,depth
2026-08-05T09:34:05.957,03035T,depth
2026-08-05T09:34:06.047,03011T,depth
2026-08-05T09:34:06.110,03046T,depth
2026-08-05T09:34:06.110,03077T,depth
2026-08-05T09:34:06.110,03182T,depth
2026-08-05T09:34:06.110,03046T,depth
2026-08-05T09:34:06.110,03196T,depth
2026-08-05T09:34:06.115,03077T,depth
2026-08-05T09:34:06.115,03182T,depth
2026-08-05T09:34:06.117,03182T,depth
2026-08-05T09:34:06.117,03077T,depth
2026-08-05T09:34:06.117,03011T,depth
2026-08-05T09:34:06.117,03194T,depth
2026-08-05T09:34:06.117,03046T,depth
2026-08-05T09:34:06.117,03197T,depth
2026-08-05T09:34:06.117,03011T,depth
2026-08-05T09:34:06.117,03195T,depth
2026-08-05T09:34:06.803,03074T,depth
2026-08-05T09:34:06.866,03074T,depth
2026-08-05T09:34:06.866,03046T,depth
2026-08-05T09:34:06.866,03074T,depth
2026-08-05T09:34:06.866,03046T,depth
2026-08-05T09:34:06.866,03077T,depth
2026-08-05T09:34:06.926,03077T,depth
2026-08-05T09:34:06.931,03077T,depth
2026-08-05T09:34:06.931,03074T,depth
2026-08-05T09:34:06.931,03074T,depth
2026-08-05T09:34:06.931,03074T,depth
2026-08-05T09:34:06.994,03046T,depth
2026-08-05T09:34:06.994,03077T,depth
2026-08-05T09:34:07.476,03182T,depth
2026-08-05T09:34:07.553,03011T,depth
2026-08-05T09:34:07.553,03182T,depth
2026-08-05T09:34:07.553,03011T,depth
2026-08-05T09:34:07.553,03046T,depth
2026-08-05T09:34:07.553,03011T,depth
2026-08-05T09:34:07.560,03182T,depth
2026-08-05T09:34:07.560,03077T,depth
2026-08-05T09:34:07.560,03182T,depth
2026-08-05T09:34:07.560,03011T,depth
2026-08-05T09:34:07.889,03074T,depth
2026-08-05T09:34:07.968,03074T,depth
2026-08-05T09:34:07.968,03074T,depth
2026-08-05T09:34:07.968,03074T,depth
2026-08-05T09:34:08.033,03074T,depth
2026-08-05T09:34:08.033,03074T,depth
2026-08-05T09:34:08.172,03046T,depth
2026-08-05T09:34:08.239,03182T,depth
2026-08-05T09:34:08.239,03077T,depth
2026-08-05T09:34:08.239,03011T,depth
2026-08-05T09:34:08.653,03011T,depth
2026-08-05T09:34:08.749,03182T,depth
2026-08-05T09:34:08.859,03074T,depth
2026-08-05T09:34:08.940,03074T,depth
2026-08-05T09:34:08.940,03074T,depth
2026-08-05T09:34:08.940,03074T,depth
2026-08-05T09:34:08.940,03074T,depth
2026-08-05T09:34:08.940,03074T,depth
2026-08-05T09:34:08.998,03046T,depth
2026-08-05T09:34:09.077,03077T,depth
2026-08-05T09:34:09.077,03046T,depth
2026-08-05T09:34:09.077,03077T,depth
2026-08-05T09:34:09.147,03077T,depth
2026-08-05T09:34:09.846,03074T,depth
2026-08-05T09:34:09.916,03074T,depth
2026-08-05T09:34:09.916,03074T,depth
2026-08-05T09:34:09.916,03074T,depth
2026-08-05T09:34:09.916,03074T,depth
2026-08-05T09:34:09.916,03074T,depth
2026-08-05T09:34:10.122,03011T,depth
2026-08-05T09:34:10.187,03011T,depth
2026-08-05T09:34:10.187,03011T,depth
2026-08-05T09:34:10.316,03182T,depth
2026-08-05T09:34:10.379,03182T,depth
2026-08-05T09:34:10.444,03182T,depth
2026-08-05T09:34:10.444,03046T,depth
2026-08-05T09:34:10.444,03182T,depth
2026-08-05T09:34:10.444,03077T,depth
2026-08-05T09:34:10.444,03011T,depth
2026-08-05T09:34:10.582,03046T,depth
2026-08-05T09:34:10.648,03011T,depth
2026-08-05T09:34:10.651,03077T,depth
2026-08-05T09:34:10.651,03182T,depth
2026-08-05T09:34:10.651,03046T,depth
2026-08-05T09:34:10.651,03011T,depth
2026-08-05T09:34:10.651,03182T,depth
2026-08-05T09:34:10.651,03077T,depth
2026-08-05T09:34:10.656,03074T,depth
2026-08-05T09:34:10.656,03074T,depth
2026-08-05T09:34:10.656,03074T,depth
2026-08-05T09:34:10.788,03074T,depth
2026-08-05T09:34:10.855,03074T,depth
2026-08-05T09:34:10.857,03074T,depth
2026-08-05T09:34:11.246,03046T,depth
2026-08-05T09:34:11.322,03077T,depth
2026-08-05T09:34:11.322,03046T,depth
2026-08-05T09:34:11.322,03077T,depth
2026-08-05T09:34:11.322,03077T,depth
2026-08-05T09:34:11.386,03077T,depth
2026-08-05T09:34:11.388,03046T,depth
2026-08-05T09:34:11.449,03074T,depth
2026-08-05T09:34:11.451,03074T,depth
2026-08-05T09:34:11.451,03074T,depth
2026-08-05T09:34:11.453,03074T,depth
2026-08-05T09:34:11.514,03074T,depth
2026-08-05T09:34:11.514,03074T,depth
2026-08-05T09:34:11.750,03011T,depth
2026-08-05T09:34:11.815,03182T,depth
2026-08-05T09:34:11.815,03011T,depth
2026-08-05T09:34:11.815,03182T,depth
2026-08-05T09:34:11.815,03011T,depth
2026-08-05T09:34:11.878,03182T,depth
2026-08-05T09:34:11.942,03046T,depth
2026-08-05T09:34:11.942,03077T,depth
2026-08-05T09:34:11.942,03182T,depth
2026-08-05T09:34:11.945,03011T,depth
2026-08-05T09:34:12.165,03074T,depth
2026-08-05T09:34:12.230,03074T,depth
2026-08-05T09:34:12.230,03074T,depth
2026-08-05T09:34:12.230,03074T,depth
2026-08-05T09:34:12.230,03074T,depth
2026-08-05T09:34:12.230,03074T,depth
2026-08-05T09:34:12.549,03046T,depth
2026-08-05T09:34:12.628,03182T,depth
2026-08-05T09:34:12.630,03077T,depth
2026-08-05T09:34:12.630,03011T,depth
2026-08-05T09:34:12.852,03074T,depth
2026-08-05T09:34:12.932,03074T,depth
2026-08-05T09:34:12.932,03074T,depth
2026-08-05T09:34:12.932,03074T,depth
2026-08-05T09:34:12.932,03074T,depth
2026-08-05T09:34:12.932,03074T,depth
2026-08-05T09:34:12.996,03182T,depth
2026-08-05T09:34:12.996,03011T,depth
2026-08-05T09:34:13.396,03046T,depth
2026-08-05T09:34:13.461,03077T,depth
2026-08-05T09:34:13.461,03077T,depth
2026-08-05T09:34:13.463,03046T,depth
2026-08-05T09:34:13.463,03077T,depth
2026-08-05T09:34:13.749,03074T,depth
2026-08-05T09:34:13.826,03074T,depth
2026-08-05T09:34:13.828,03074T,depth
2026-08-05T09:34:13.837,03074T,depth
2026-08-05T09:34:13.837,03074T,depth
2026-08-05T09:34:13.837,03074T,depth
2026-08-05T09:34:14.226,03011T,depth
2026-08-05T09:34:14.292,03011T,depth
2026-08-05T09:34:14.292,03011T,depth
2026-08-05T09:34:14.390,03182T,depth
2026-08-05T09:34:14.466,03182T,depth
2026-08-05T09:34:14.466,03182T,depth
2026-08-05T09:34:14.596,03074T,depth
2026-08-05T09:34:14.659,03074T,depth
2026-08-05T09:34:14.659,03074T,depth
2026-08-05T09:34:14.659,03074T,depth
2026-08-05T09:34:14.659,03074T,depth
2026-08-05T09:34:14.659,03074T,depth
2026-08-05T09:34:14.790,03011T,depth
2026-08-05T09:34:14.867,03046T,depth
2026-08-05T09:34:14.867,03182T,depth
2026-08-05T09:34:14.867,03077T,depth
2026-08-05T09:34:14.867,03105T,depth
2026-08-05T09:34:14.867,03182T,depth
2026-08-05T09:34:14.867,03077T,depth
2026-08-05T09:34:14.867,03195T,depth
2026-08-05T09:34:14.867,03194T,depth
2026-08-05T09:34:14.867,03011T,depth
2026-08-05T09:34:14.867,03080T,depth
2026-08-05T09:34:14.867,03196T,depth
2026-08-05T09:34:14.867,03197T,depth
2026-08-05T09:34:14.867,03046T,depth
2026-08-05T09:34:15.055,03046T,depth
2026-08-05T09:34:15.120,03011T,depth
2026-08-05T09:34:15.122,03182T,depth
2026-08-05T09:34:15.122,03077T,depth
2026-08-05T09:34:15.297,03195T,depth
2026-08-05T09:34:15.376,03197T,depth
2026-08-05T09:34:15.376,03194T,depth
2026-08-05T09:34:15.376,03196T,depth
2026-08-05T09:34:15.441,03074T,depth
2026-08-05T09:34:15.441,03074T,depth
2026-08-05T09:34:15.505,03074T,depth
2026-08-05T09:34:15.505,03074T,depth
2026-08-05T09:34:15.505,03074T,depth
2026-08-05T09:34:15.505,03074T,depth
2026-08-05T09:34:15.599,03046T,depth
2026-08-05T09:34:15.680,03195T,depth
2026-08-05T09:34:15.680,03194T,depth
2026-08-05T09:34:15.680,03197T,depth
2026-08-05T09:34:15.680,03080T,depth
2026-08-05T09:34:15.680,03196T,depth
2026-08-05T09:34:15.680,03046T,depth
2026-08-05T09:34:15.680,03046T,depth
2026-08-05T09:34:15.680,03046T,depth
2026-08-05T09:34:16.044,03074T,depth
2026-08-05T09:34:16.113,03074T,depth
2026-08-05T09:34:16.115,03074T,depth
2026-08-05T09:34:16.115,03074T,depth
2026-08-05T09:34:16.115,03074T,depth
2026-08-05T09:34:16.115,03074T,depth
2026-08-05T09:34:16.175,03046T,depth
2026-08-05T09:34:16.175,03195T,depth
2026-08-05T09:34:16.175,03197T,depth
2026-08-05T09:34:16.175,03077T,depth
2026-08-05T09:34:16.175,03182T,depth
2026-08-05T09:34:16.175,03194T,depth
2026-08-05T09:34:16.175,03196T,depth
2026-08-05T09:34:16.241,03182T,depth
2026-08-05T09:34:16.241,03077T,depth
2026-08-05T09:34:16.241,03182T,depth
2026-08-05T09:34:16.241,03077T,depth
2026-08-05T09:34:16.306,03011T,depth
2026-08-05T09:34:16.306,03011T,depth
2026-08-05T09:34:16.306,03011T,depth
2026-08-05T09:34:16.449,03105T,depth
2026-08-05T09:34:16.528,03011T,depth
2026-08-05T09:34:16.528,03182T,depth
2026-08-05T09:34:16.528,03077T,depth
2026-08-05T09:34:16.528,03046T,depth
2026-08-05T09:34:16.528,03074T,depth
2026-08-05T09:34:16.528,03074T,depth
2026-08-05T09:34:16.528,03074T,depth
2026-08-05T09:34:16.528,03074T,depth
2026-08-05T09:34:16.528,03080T,depth
2026-08-05T09:34:16.528,03080T,depth
2026-08-05T09:34:16.528,03074T,depth
2026-08-05T09:34:16.528,03074T,depth
2026-08-05T09:34:16.656,03011T,depth
2026-08-05T09:34:16.721,03077T,depth
2026-08-05T09:34:16.723,03182T,depth
2026-08-05T09:34:16.881,03011T,depth
2026-08-05T09:34:16.939,03182T,depth
2026-08-05T09:34:16.939,03077T,depth
2026-08-05T09:34:16.939,03074T,depth
2026-08-05T09:34:16.947,03074T,depth
2026-08-05T09:34:16.947,03074T,depth
2026-08-05T09:34:17.039,03074T,depth
2026-08-05T09:34:17.103,03074T,depth
2026-08-05T09:34:17.105,03074T,depth
2026-08-05T09:34:17.105,03195T,depth
2026-08-05T09:34:17.105,03194T,depth
2026-08-05T09:34:17.105,03197T,depth
2026-08-05T09:34:17.105,03196T,depth
2026-08-05T09:34:17.167,03074T,depth
2026-08-05T09:34:17.248,03074T,depth
2026-08-05T09:34:17.248,03074T,depth
2026-08-05T09:34:17.328,03046T,depth
2026-08-05T09:34:17.390,03046T,depth
2026-08-05T09:34:17.455,03074T,depth
2026-08-05T09:34:17.457,03074T,depth
2026-08-05T09:34:17.457,03074T,depth
2026-08-05T09:34:17.629,03195T,depth
2026-08-05T09:34:17.695,03197T,depth
2026-08-05T09:34:17.697,03194T,depth
2026-08-05T09:34:17.697,03196T,depth
2026-08-05T09:34:17.759,03074T,depth
2026-08-05T09:34:17.837,03074T,depth
2026-08-05T09:34:17.841,03074T,depth
2026-08-05T09:34:17.841,03074T,depth
2026-08-05T09:34:17.841,03074T,depth
2026-08-05T09:34:17.843,03074T,depth
2026-08-05T09:34:17.977,03077T,depth
2026-08-05T09:34:18.046,03077T,depth
2026-08-05T09:34:18.047,03077T,depth
2026-08-05T09:34:18.215,03074T,depth
2026-08-05T09:34:18.281,03074T,depth
2026-08-05T09:34:18.283,03074T,depth
2026-08-05T09:34:18.283,03074T,depth
2026-08-05T09:34:18.285,03074T,depth
2026-08-05T09:34:18.285,03074T,depth
2026-08-05T09:34:18.392,03182T,depth
2026-08-05T09:34:18.456,03182T,depth
2026-08-05T09:34:18.456,03011T,depth
2026-08-05T09:34:18.519,03182T,depth
2026-08-05T09:34:18.521,03011T,depth
2026-08-05T09:34:18.521,03011T,depth
2026-08-05T09:34:18.640,03074T,depth
2026-08-05T09:34:18.710,03074T,depth
2026-08-05T09:34:18.712,03074T,depth
2026-08-05T09:34:18.712,031678,depth
2026-08-05T09:34:19.743,03011T,depth
2026-08-05T09:34:19.810,03182T,depth
2026-08-05T09:34:19.810,03077T,depth
2026-08-05T09:34:19.810,03046T,depth
2026-08-05T09:34:19.810,03011T,depth
2026-08-05T09:34:19.810,03046T,depth
2026-08-05T09:34:19.810,03182T,depth
2026-08-05T09:34:19.810,03077T,depth
2026-08-05T09:34:20.132,03011T,depth
2026-08-05T09:34:20.212,03182T,depth
2026-08-05T09:34:20.212,03077T,depth
2026-08-05T09:34:20.212,03046T,depth
2026-08-05T09:34:21.065,03077T,depth
2026-08-05T09:34:21.141,03046T,depth
2026-08-05T09:34:21.141,03077T,depth
2026-08-05T09:34:21.144,03046T,depth
2026-08-05T09:34:21.144,03077T,depth
2026-08-05T09:34:21.144,03046T,depth
2026-08-05T09:34:21.144,03077T,depth
2026-08-05T09:34:21.144,03046T,depth
2026-08-05T09:34:21.606,03182T,depth
2026-08-05T09:34:21.686,03182T,depth
2026-08-05T09:34:21.686,03011T,depth
2026-08-05T09:34:21.686,03182T,depth
2026-08-05T09:34:21.751,03011T,depth
2026-08-05T09:34:21.751,03011T,depth
2026-08-05T09:34:21.912,03182T,depth
2026-08-05T09:34:21.976,03077T,depth
2026-08-05T09:34:21.976,03011T,depth
2026-08-05T09:34:21.976,03046T,depth
2026-08-05T09:34:22.457,03046T,depth
2026-08-05T09:34:22.536,03182T,depth
2026-08-05T09:34:22.536,03077T,depth
2026-08-05T09:34:22.536,03011T,depth
2026-08-05T09:34:22.971,03011T,depth
2026-08-05T09:34:23.049,03182T,depth
2026-08-05T09:34:23.254,03046T,depth
2026-08-05T09:34:23.321,03077T,depth
2026-08-05T09:34:23.323,03046T,depth
2026-08-05T09:34:23.323,03077T,depth
2026-08-05T09:34:23.323,03077T,depth
2026-08-05T09:34:23.643,03046T,depth
2026-08-05T09:34:23.705,03077T,depth
2026-08-05T09:34:24.345,03046T,depth
2026-08-05T09:34:24.423,03182T,depth
2026-08-05T09:34:24.423,03011T,depth
2026-08-05T09:34:24.423,03077T,depth
2026-08-05T09:34:24.423,03182T,depth
2026-08-05T09:34:24.423,03011T,depth
2026-08-05T09:34:24.488,03182T,depth
2026-08-05T09:34:24.488,03011T,depth
2026-08-05T09:34:24.671,03182T,depth
2026-08-05T09:34:24.743,03077T,depth
2026-08-05T09:34:24.743,03046T,depth
2026-08-05T09:34:24.746,03011T,depth
2026-08-05T09:34:24.900,03195T,depth
2026-08-05T09:34:24.970,03194T,depth
2026-08-05T09:34:24.972,03011T,depth
2026-08-05T09:34:24.972,03182T,depth
2026-08-05T09:34:24.972,03077T,depth
2026-08-05T09:34:24.972,03196T,depth
2026-08-05T09:34:24.972,03197T,depth
2026-08-05T09:34:24.972,03046T,depth
2026-08-05T09:34:25.477,03195T,depth
2026-08-05T09:34:25.545,03197T,depth
2026-08-05T09:34:25.547,03194T,depth
2026-08-05T09:34:25.547,03196T,depth
2026-08-05T09:34:25.975,03077T,depth
2026-08-05T09:34:26.042,03011T,depth
2026-08-05T09:34:26.042,03182T,depth
2026-08-05T09:34:26.042,03046T,depth
2026-08-05T09:34:26.042,03077T,depth
2026-08-05T09:34:26.042,03011T,depth
2026-08-05T09:34:26.042,03046T,depth
2026-08-05T09:34:26.042,03182T,depth
2026-08-05T09:34:27.346,03011T,depth
2026-08-05T09:34:27.411,03046T,depth
2026-08-05T09:34:27.411,03182T,depth
2026-08-05T09:34:27.411,03077T,depth
2026-08-05T09:34:27.495,03182T,depth
2026-08-05T09:34:27.495,03077T,depth
2026-08-05T09:34:27.560,03011T,depth
2026-08-05T09:34:27.560,03046T,depth
2026-08-05T09:34:28.149,03077T,depth
2026-08-05T09:34:28.214,03046T,depth
2026-08-05T09:34:28.214,03046T,depth
2026-08-05T09:34:28.214,03077T,depth
2026-08-05T09:34:28.683,03182T,depth
2026-08-05T09:34:28.756,03182T,depth
2026-08-05T09:34:28.758,03011T,depth
2026-08-05T09:34:28.821,03011T,depth
2026-08-05T09:34:29.121,03195T,depth
2026-08-05T09:34:29.199,03194T,depth
2026-08-05T09:34:29.199,03011T,depth
2026-08-05T09:34:29.199,03197T,depth
2026-08-05T09:34:29.199,03196T,depth
2026-08-05T09:34:29.199,03046T,depth
2026-08-05T09:34:29.205,03182T,depth
2026-08-05T09:34:29.205,03077T,depth
2026-08-05T09:34:29.499,03046T,depth
2026-08-05T09:34:29.567,03182T,depth
2026-08-05T09:34:29.567,03077T,depth
2026-08-05T09:34:29.571,03011T,depth
2026-08-05T09:34:29.645,03195T,depth
2026-08-05T09:34:29.645,03197T,depth
2026-08-05T09:34:29.645,03196T,depth
2026-08-05T09:34:29.708,03194T,depth
2026-08-05T09:34:29.710,03046T,depth
2026-08-05T09:34:29.712,03182T,depth
2026-08-05T09:34:29.719,03077T,depth
2026-08-05T09:34:29.722,03011T,depth
2026-08-05T09:34:30.328,03046T,depth
2026-08-05T09:34:30.408,03077T,depth
2026-08-05T09:34:30.408,03046T,depth
2026-08-05T09:34:30.416,03077T,depth
2026-08-05T09:34:30.486,03077T,depth
2026-08-05T09:34:30.907,03182T,depth
2026-08-05T09:34:30.975,03011T,depth
2026-08-05T09:34:30.977,03182T,depth
2026-08-05T09:34:30.977,03011T,depth
2026-08-05T09:34:30.978,03011T,depth
2026-08-05T09:34:30.978,03182T,depth
2026-08-05T09:34:31.566,03046T,depth
2026-08-05T09:34:31.644,03011T,depth
2026-08-05T09:34:31.644,03077T,depth
2026-08-05T09:34:31.646,03182T,depth
2026-08-05T09:34:31.876,03011T,depth
2026-08-05T09:34:31.946,03046T,depth
2026-08-05T09:34:31.948,03182T,depth
2026-08-05T09:34:31.948,03077T,depth
2026-08-05T09:34:32.059,03011T,depth
2026-08-05T09:34:32.136,03046T,depth
2026-08-05T09:34:32.136,03182T,depth
2026-08-05T09:34:32.138,03077T,depth
2026-08-05T09:34:32.245,03196T,depth
2026-08-05T09:34:32.326,03197T,depth
2026-08-05T09:34:32.328,03195T,depth
2026-08-05T09:34:32.329,03194T,depth
2026-08-05T09:34:32.750,03196T,depth
2026-08-05T09:34:32.834,03194T,depth
2026-08-05T09:34:32.834,03197T,depth
2026-08-05T09:34:32.834,03195T,depth
2026-08-05T09:34:33.044,03046T,depth
2026-08-05T09:34:33.123,03077T,depth
2026-08-05T09:34:33.123,03046T,depth
2026-08-05T09:34:33.123,03077T,depth
2026-08-05T09:34:33.123,03077T,depth
2026-08-05T09:34:33.597,03182T,depth
2026-08-05T09:34:33.664,03011T,depth
2026-08-05T09:34:33.664,03182T,depth
2026-08-05T09:34:33.664,03011T,depth
2026-08-05T09:34:33.742,03182T,depth
2026-08-05T09:34:33.742,03011T,depth
2026-08-05T09:34:33.742,03046T,depth
2026-08-05T09:34:33.754,03077T,depth
2026-08-05T09:34:33.754,03182T,depth
2026-08-05T09:34:33.754,03011T,depth
2026-08-05T09:34:34.046,03077T,depth
2026-08-05T09:34:34.111,03182T,depth
2026-08-05T09:34:34.111,03011T,depth
2026-08-05T09:34:34.111,03046T,depth
2026-08-05T09:34:34.111,03046T,depth
2026-08-05T09:34:34.175,03182T,depth
2026-08-05T09:34:34.175,03077T,depth
2026-08-05T09:34:34.175,03011T,depth
2026-08-05T09:34:34.672,03077T,depth
2026-08-05T09:34:34.749,03046T,depth
2026-08-05T09:34:34.749,03077T,depth
2026-08-05T09:34:34.749,03046T,depth
2026-08-05T09:34:34.749,03077T,depth
2026-08-05T09:34:35.231,03182T,depth
2026-08-05T09:34:35.295,03011T,depth
2026-08-05T09:34:35.295,03182T,depth
2026-08-05T09:34:35.295,03011T,depth
2026-08-05T09:34:35.295,03182T,depth
2026-08-05T09:34:35.359,03011T,depth
2026-08-05T09:34:35.566,03011T,depth
2026-08-05T09:34:35.647,03182T,depth
2026-08-05T09:34:35.647,03077T,depth
2026-08-05T09:34:35.647,03046T,depth
2026-08-05T09:34:36.047,03046T,depth
2026-08-05T09:34:36.127,03011T,depth
2026-08-05T09:34:36.127,03182T,depth
2026-08-05T09:34:36.129,03077T,depth
2026-08-05T09:34:36.393,03046T,depth
2026-08-05T09:34:36.462,03011T,depth
2026-08-05T09:34:36.464,03182T,depth
2026-08-05T09:34:36.464,03077T,depth
2026-08-05T09:34:37.442,03077T,depth
2026-08-05T09:34:37.519,03046T,depth
2026-08-05T09:34:37.519,03077T,depth
2026-08-05T09:34:37.519,03046T,depth
2026-08-05T09:34:37.519,03077T,depth
2026-08-05T09:34:37.951,03182T,depth
2026-08-05T09:34:38.016,03011T,depth
2026-08-05T09:34:38.018,03182T,depth
2026-08-05T09:34:38.018,03011T,depth
2026-08-05T09:34:38.079,03182T,depth
2026-08-05T09:34:38.079,03011T,depth
2026-08-05T09:34:38.315,03011T,depth
2026-08-05T09:34:38.383,03046T,depth
2026-08-05T09:34:38.383,03182T,depth
2026-08-05T09:34:38.383,03077T,depth
2026-08-05T09:34:38.926,03011T,depth
2026-08-05T09:34:38.992,03046T,depth
2026-08-05T09:34:38.992,03182T,depth
2026-08-05T09:34:38.992,03077T,depth
2026-08-05T09:34:39.333,03011T,depth
2026-08-05T09:34:39.408,03046T,depth
2026-08-05T09:34:39.408,03182T,depth
2026-08-05T09:34:39.408,03077T,depth
2026-08-05T09:34:39.503,03195T,depth
2026-08-05T09:34:39.567,03194T,depth
2026-08-05T09:34:39.569,03197T,depth
2026-08-05T09:34:39.569,03196T,depth
2026-08-05T09:34:39.985,030573,depth
2026-08-05T09:34:40.065,03194T,depth
2026-08-05T09:34:40.065,03196T,depth
2026-08-05T09:34:40.129,03197T,depth
2026-08-05T09:34:40.129,03195T,depth
2026-08-05T09:34:40.192,03197T,depth
2026-08-05T09:34:40.194,03196T,depth
2026-08-05T09:34:40.194,03077T,depth
2026-08-05T09:34:40.194,03046T,depth
2026-08-05T09:34:40.194,03195T,depth
2026-08-05T09:34:40.194,03194T,depth
2026-08-05T09:34:40.194,03046T,depth
2026-08-05T09:34:40.256,03077T,depth
2026-08-05T09:34:40.321,03046T,depth
2026-08-05T09:34:40.321,03077T,depth
2026-08-05T09:34:40.321,03077T,depth
2026-08-05T09:34:40.396,03046T,depth
2026-08-05T09:34:40.402,03077T,depth
2026-08-05T09:34:40.610,03046T,depth
2026-08-05T09:34:40.689,03077T,depth
2026-08-05T09:34:40.689,03196T,depth
2026-08-05T09:34:40.689,03197T,depth
2026-08-05T09:34:40.689,03194T,depth
2026-08-05T09:34:40.691,03195T,depth
2026-08-05T09:34:40.754,03182T,depth
2026-08-05T09:34:40.754,03182T,depth
2026-08-05T09:34:40.818,03011T,depth
2026-08-05T09:34:40.818,03182T,depth
2026-08-05T09:34:40.818,03011T,depth
2026-08-05T09:34:40.897,03011T,depth
2026-08-05T09:34:41.010,03011T,depth
2026-08-05T09:34:41.089,03182T,depth
2026-08-05T09:34:41.231,03077T,depth
2026-08-05T09:34:41.297,03046T,depth
2026-08-05T09:34:41.297,03077T,depth
2026-08-05T09:34:41.297,03046T,depth
2026-08-05T09:34:41.362,03077T,depth
2026-08-05T09:34:41.616,03077T,depth
2026-08-05T09:34:41.698,03182T,depth
2026-08-05T09:34:41.698,03197T,depth
2026-08-05T09:34:41.698,03196T,depth
2026-08-05T09:34:41.698,03046T,depth
2026-08-05T09:34:41.698,03195T,depth
2026-08-05T09:34:41.698,03194T,depth
2026-08-05T09:34:41.698,03011T,depth
2026-08-05T09:34:42.165,03195T,depth
2026-08-05T09:34:42.241,03197T,depth
2026-08-05T09:34:42.241,03196T,depth
2026-08-05T09:34:42.244,03194T,depth
2026-08-05T09:34:42.332,03046T,depth
2026-08-05T09:34:42.401,03077T,depth
2026-08-05T09:34:42.669,03046T,depth
2026-08-05T09:34:42.738,03011T,depth
2026-08-05T09:34:42.738,03182T,depth
2026-08-05T09:34:42.738,03077T,depth
2026-08-05T09:34:42.800,03077T,depth
2026-08-05T09:34:42.802,03046T,depth
2026-08-05T09:34:42.865,03046T,depth
2026-08-05T09:34:42.865,03077T,depth
2026-08-05T09:34:42.930,03163T,depth
2026-08-05T09:34:42.995,03195T,depth
2026-08-05T09:34:42.995,03194T,depth
2026-08-05T09:34:42.995,03196T,depth
2026-08-05T09:34:42.995,03197T,depth
2026-08-05T09:34:42.995,03163T,depth
2026-08-05T09:34:43.483,03194T,depth
2026-08-05T09:34:43.552,03196T,depth
2026-08-05T09:34:43.552,03046T,depth
2026-08-05T09:34:43.552,03077T,depth
2026-08-05T09:34:43.552,03195T,depth
2026-08-05T09:34:43.552,03197T,depth
2026-08-05T09:34:43.557,03077T,depth
2026-08-05T09:34:43.557,03046T,depth
2026-08-05T09:34:43.557,03077T,depth
2026-08-05T09:34:44.095,03182T,depth
2026-08-05T09:34:44.173,03011T,depth
2026-08-05T09:34:44.173,03182T,depth
2026-08-05T09:34:44.173,03011T,depth
2026-08-05T09:34:44.173,03182T,depth
2026-08-05T09:34:44.236,03011T,depth
2026-08-05T09:34:44.782,03163T,depth
2026-08-05T09:34:44.860,03163T,depth
2026-08-05T09:34:45.219,03011T,depth
2026-08-05T09:34:45.290,03046T,depth
2026-08-05T09:34:45.293,03182T,depth
2026-08-05T09:34:45.293,03077T,depth
2026-08-05T09:34:45.356,03046T,depth
2026-08-05T09:34:45.356,03011T,depth
2026-08-05T09:34:45.420,03182T,depth
2026-08-05T09:34:45.420,03077T,depth
2026-08-05T09:34:45.482,03011T,depth
2026-08-05T09:34:45.484,03046T,depth
2026-08-05T09:34:45.484,03182T,depth
2026-08-05T09:34:45.484,03077T,depth
2026-08-05T09:34:46.056,03163T,depth
2026-08-05T09:34:46.124,03163T,depth
2026-08-05T09:34:46.279,03197T,depth
2026-08-05T09:34:46.311,03197T,depth
2026-08-05T09:34:46.316,03197T,depth
2026-08-05T09:34:46.316,03196T,depth
2026-08-05T09:34:46.318,03196T,depth
2026-08-05T09:34:46.318,03196T,depth
2026-08-05T09:34:46.318,03195T,depth
2026-08-05T09:34:46.318,03195T,depth
2026-08-05T09:34:46.322,03195T,depth
2026-08-05T09:34:46.322,03199T,depth
2026-08-05T09:34:46.322,03199T,depth
2026-08-05T09:34:46.322,03199T,depth
2026-08-05T09:34:46.322,03194T,depth
2026-08-05T09:34:46.322,03194T,depth
2026-08-05T09:34:46.322,03194T,depth
2026-08-05T09:34:46.322,03198T,depth
2026-08-05T09:34:46.322,03198T,depth
2026-08-05T09:34:46.322,03198T,depth
2026-08-05T09:34:46.322,031678,depth
2026-08-05T09:34:46.322,031678,depth
2026-08-05T09:34:46.322,03046T,depth
2026-08-05T09:34:46.322,03077T,depth
2026-08-05T09:34:46.327,03197T,depth
2026-08-05T09:34:46.327,03197T,depth
2026-08-05T09:34:46.327,03197T,depth
2026-08-05T09:34:46.327,03195T,depth
2026-08-05T09:34:46.327,03195T,depth
2026-08-05T09:34:46.327,03195T,depth
2026-08-05T09:34:46.330,03199T,depth
2026-08-05T09:34:46.330,03199T,depth
2026-08-05T09:34:46.330,03199T,depth
2026-08-05T09:34:46.332,03196T,depth
2026-08-05T09:34:46.332,03196T,depth
2026-08-05T09:34:46.332,03196T,depth
2026-08-05T09:34:46.332,031678,depth
2026-08-05T09:34:46.332,031678,depth
2026-08-05T09:34:46.332,03046T,depth
2026-08-05T09:34:46.332,03077T,depth
2026-08-05T09:34:46.332,03198T,depth
2026-08-05T09:34:46.332,03198T,depth
2026-08-05T09:34:46.332,03198T,depth
2026-08-05T09:34:46.411,03194T,depth
2026-08-05T09:34:46.411,03194T,depth
2026-08-05T09:34:46.411,03194T,depth
2026-08-05T09:34:46.411,03077T,depth
2026-08-05T09:34:46.622,03077T,depth
2026-08-05T09:34:46.670,03105T,depth
2026-08-05T09:34:46.680,030573,match
2026-08-05T09:34:46.680,030573,depth
2026-08-05T09:34:46.680,03199T,depth
2026-08-05T09:34:46.680,03194T,depth
2026-08-05T09:34:46.680,03046T,depth
2026-08-05T09:34:46.680,03199T,depth
2026-08-05T09:34:46.680,03194T,depth
2026-08-05T09:34:46.683,03194T,depth
2026-08-05T09:34:46.683,03074T,depth
2026-08-05T09:34:46.683,031678,depth
2026-08-05T09:34:46.683,03002T,depth
2026-08-05T09:34:46.683,03196T,depth
2026-08-05T09:34:46.683,03069T,depth
2026-08-05T09:34:46.683,03197T,depth
2026-08-05T09:34:46.685,03197T,depth
2026-08-05T09:34:46.685,03196T,depth
2026-08-05T09:34:46.685,03197T,depth
2026-08-05T09:34:46.685,03196T,depth
2026-08-05T09:34:46.685,031678,depth
2026-08-05T09:34:46.685,03080T,depth
2026-08-05T09:34:46.685,03125T,depth
2026-08-05T09:34:46.685,03199T,depth
2026-08-05T09:34:46.748,030573,depth
2026-08-05T09:34:46.748,03074T,depth
2026-08-05T09:34:46.748,03074T,depth
2026-08-05T09:34:46.748,03125T,depth
2026-08-05T09:34:46.748,03074T,depth
2026-08-05T09:34:46.748,03074T,depth
2026-08-05T09:34:46.748,03105T,depth
2026-08-05T09:34:46.760,03077T,depth
2026-08-05T09:34:46.760,03080T,depth
2026-08-05T09:34:46.813,03046T,depth
2026-08-05T09:34:46.813,03195T,depth
2026-08-05T09:34:46.815,03125T,depth
2026-08-05T09:34:46.815,03125T,depth
2026-08-05T09:34:46.815,03046T,depth
2026-08-05T09:34:46.815,03077T,depth
2026-08-05T09:34:46.904,03035T,depth
2026-08-05T09:34:46.989,03182T,depth
2026-08-05T09:34:46.991,03035T,depth
2026-08-05T09:34:46.991,03182T,depth
2026-08-05T09:34:46.991,03035T,depth
2026-08-05T09:34:46.991,03163T,depth
2026-08-05T09:34:46.991,03182T,depth
2026-08-05T09:34:47.055,03035T,depth
2026-08-05T09:34:47.055,03182T,depth
2026-08-05T09:34:47.055,031645,depth
2026-08-05T09:34:47.055,03163T,depth
2026-08-05T09:34:47.055,031645,depth
2026-08-05T09:34:47.116,03183T,depth
2026-08-05T09:34:47.116,03183T,depth
2026-08-05T09:34:47.116,03183T,depth
2026-08-05T09:34:47.181,03182T,depth
2026-08-05T09:34:47.181,03080T,depth
2026-08-05T09:34:47.181,03183T,depth
2026-08-05T09:34:47.243,03011T,depth
2026-08-05T09:34:47.243,03011T,depth
2026-08-05T09:34:47.309,03011T,depth
2026-08-05T09:34:47.309,03195T,depth
2026-08-05T09:34:47.463,03077T,depth
2026-08-05T09:34:47.531,03046T,depth
2026-08-05T09:34:47.533,03077T,depth
2026-08-05T09:34:47.533,03046T,depth
2026-08-05T09:34:47.597,03077T,depth
2026-08-05T09:34:47.597,03195T,depth
2026-08-05T09:34:47.597,03046T,depth
2026-08-05T09:34:47.599,03182T,depth
2026-08-05T09:34:47.599,03077T,depth
2026-08-05T09:34:47.599,03011T,depth
2026-08-05T09:34:47.599,03046T,depth
2026-08-05T09:34:47.599,03077T,depth
2026-08-05T09:34:47.661,03077T,depth
2026-08-05T09:34:47.661,031678,depth
2026-08-05T09:34:47.661,031678,depth
2026-08-05T09:34:47.661,03194T,depth
2026-08-05T09:34:47.661,03194T,depth
2026-08-05T09:34:47.661,03194T,depth
2026-08-05T09:34:47.661,03196T,depth
2026-08-05T09:34:47.661,03196T,depth
2026-08-05T09:34:47.661,03196T,depth
2026-08-05T09:34:47.661,03197T,depth
2026-08-05T09:34:47.661,03197T,depth
2026-08-05T09:34:47.661,03197T,depth
2026-08-05T09:34:47.661,03199T,depth
2026-08-05T09:34:47.661,03199T,depth
2026-08-05T09:34:47.661,03199T,depth
2026-08-05T09:34:48.078,03195T,depth
2026-08-05T09:34:48.215,03069T,depth
2026-08-05T09:34:48.331,03002T,depth
2026-08-05T09:34:48.397,03197T,depth
2026-08-05T09:34:48.397,03196T,depth
2026-08-05T09:34:48.397,03046T,depth
2026-08-05T09:34:48.397,03077T,depth
2026-08-05T09:34:48.397,03182T,depth
2026-08-05T09:34:48.397,03195T,depth
2026-08-05T09:34:48.397,03194T,depth
2026-08-05T09:34:48.397,03011T,depth
2026-08-05T09:34:48.460,03105T,depth
2026-08-05T09:34:48.462,03105T,depth
2026-08-05T09:34:48.829,03080T,depth
2026-08-05T09:34:48.893,03080T,depth
2026-08-05T09:34:48.895,03080T,depth
2026-08-05T09:34:48.895,03196T,depth
2026-08-05T09:34:48.958,03194T,depth
2026-08-05T09:34:48.958,03197T,depth
2026-08-05T09:34:48.958,03195T,depth
2026-08-05T09:34:49.127,03182T,depth
2026-08-05T09:34:49.199,03077T,depth
2026-08-05T09:34:49.199,03195T,depth
2026-08-05T09:34:49.199,03194T,depth
2026-08-05T09:34:49.199,03011T,depth
2026-08-05T09:34:49.199,03196T,depth
2026-08-05T09:34:49.199,03197T,depth
2026-08-05T09:34:49.199,03046T,depth
2026-08-05T09:34:49.199,03046T,depth
2026-08-05T09:34:49.199,03046T,depth
2026-08-05T09:34:49.263,03077T,depth
2026-08-05T09:34:49.328,03080T,depth
2026-08-05T09:34:49.328,03046T,depth
2026-08-05T09:34:49.328,03077T,depth
2026-08-05T09:34:49.328,03105T,depth
2026-08-05T09:34:49.328,03077T,depth
2026-08-05T09:34:49.328,03046T,depth
2026-08-05T09:34:49.391,03077T,depth
2026-08-05T09:34:49.658,03197T,depth
2026-08-05T09:34:49.729,03196T,depth
2026-08-05T09:34:49.729,03195T,depth
2026-08-05T09:34:49.729,03194T,depth
2026-08-05T09:34:49.947,03197T,depth
2026-08-05T09:34:50.015,03196T,depth
2026-08-05T09:34:50.015,03195T,depth
2026-08-05T09:34:50.015,03194T,depth
2026-08-05T09:34:50.230,03046T,depth
2026-08-05T09:34:50.305,03182T,depth
2026-08-05T09:34:50.305,03077T,depth
2026-08-05T09:34:50.305,03046T,depth
2026-08-05T09:34:50.305,03182T,depth
2026-08-05T09:34:50.305,03077T,depth
2026-08-05T09:34:50.305,03011T,depth
2026-08-05T09:34:50.368,03182T,depth
2026-08-05T09:34:50.370,03077T,depth
2026-08-05T09:34:50.370,03011T,depth
2026-08-05T09:34:50.370,03011T,depth
2026-08-05T09:34:50.480,03195T,depth
2026-08-05T09:34:50.546,03197T,depth
2026-08-05T09:34:50.546,03194T,depth
2026-08-05T09:34:50.547,03196T,depth
2026-08-05T09:34:50.786,03011T,depth
2026-08-05T09:34:50.861,03182T,depth
2026-08-05T09:34:50.861,03077T,depth
2026-08-05T09:34:50.861,03046T,depth
2026-08-05T09:34:50.947,03105T,depth
2026-08-05T09:34:51.010,03080T,depth
2026-08-05T09:34:51.166,03195T,depth
2026-08-05T09:34:51.235,03194T,depth
2026-08-05T09:34:51.235,03011T,depth
2026-08-05T09:34:51.235,03197T,depth
2026-08-05T09:34:51.235,03196T,depth
2026-08-05T09:34:51.235,03046T,depth
2026-08-05T09:34:51.235,03077T,depth
2026-08-05T09:34:51.235,03182T,depth
2026-08-05T09:34:51.298,03046T,depth
2026-08-05T09:34:51.298,03011T,depth
2026-08-05T09:34:51.298,03077T,depth
2026-08-05T09:34:51.298,03182T,depth
2026-08-05T09:34:51.406,03080T,depth
2026-08-05T09:34:51.491,03080T,depth
2026-08-05T09:34:51.619,03074T,depth
2026-08-05T09:34:51.699,03074T,depth
2026-08-05T09:34:51.699,03074T,depth
2026-08-05T09:34:51.699,03074T,depth
2026-08-05T09:34:51.699,03074T,depth
2026-08-05T09:34:51.763,03197T,depth
2026-08-05T09:34:51.765,03196T,depth
2026-08-05T09:34:51.765,03195T,depth
2026-08-05T09:34:51.765,03194T,depth
2026-08-05T09:34:51.871,03046T,depth
2026-08-05T09:34:51.935,03077T,depth
2026-08-05T09:34:51.942,03046T,depth
2026-08-05T09:34:51.942,03077T,depth
2026-08-05T09:34:52.005,03077T,depth
2026-08-05T09:34:52.420,03182T,depth
2026-08-05T09:34:52.484,03011T,depth
2026-08-05T09:34:52.484,03182T,depth
2026-08-05T09:34:52.484,03011T,depth
2026-08-05T09:34:52.484,03182T,depth
2026-08-05T09:34:52.549,03011T,depth
2026-08-05T09:34:52.757,03197T,depth
2026-08-05T09:34:52.815,03196T,depth
2026-08-05T09:34:52.815,03046T,depth
2026-08-05T09:34:52.815,03182T,depth
2026-08-05T09:34:52.815,03077T,depth
2026-08-05T09:34:52.815,03195T,depth
2026-08-05T09:34:52.815,03194T,depth
2026-08-05T09:34:52.815,03011T,depth
2026-08-05T09:34:52.900,03046T,depth
2026-08-05T09:34:52.978,03182T,depth
2026-08-05T09:34:52.981,03077T,depth
2026-08-05T09:34:52.981,03011T,depth
2026-08-05T09:34:53.043,03182T,depth
2026-08-05T09:34:53.045,03077T,depth
2026-08-05T09:34:53.045,03046T,depth
2026-08-05T09:34:53.045,03011T,depth
2026-08-05T09:34:53.119,03080T,depth
2026-08-05T09:34:53.266,03197T,depth
2026-08-05T09:34:53.332,03196T,depth
2026-08-05T09:34:53.394,03195T,depth
2026-08-05T09:34:53.394,03194T,depth
2026-08-05T09:34:53.748,03074T,depth
2026-08-05T09:34:53.827,03074T,depth
2026-08-05T09:34:53.827,03074T,depth
2026-08-05T09:34:53.827,03074T,depth
2026-08-05T09:34:53.827,03074T,depth
2026-08-05T09:34:54.064,03046T,depth
2026-08-05T09:34:54.132,03182T,depth
2026-08-05T09:34:54.134,03077T,depth
2026-08-05T09:34:54.134,03046T,depth
2026-08-05T09:34:54.134,03182T,depth
2026-08-05T09:34:54.134,03077T,depth
2026-08-05T09:34:54.195,03182T,depth
2026-08-05T09:34:54.195,03077T,depth
2026-08-05T09:34:54.195,03011T,depth
2026-08-05T09:34:54.195,03011T,depth
2026-08-05T09:34:54.261,03011T,depth
2026-08-05T09:34:54.646,03195T,depth
2026-08-05T09:34:54.725,03194T,depth
2026-08-05T09:34:54.725,03011T,depth
2026-08-05T09:34:54.725,03182T,depth
2026-08-05T09:34:54.725,03077T,depth
2026-08-05T09:34:54.725,03197T,depth
2026-08-05T09:34:54.725,03196T,depth
2026-08-05T09:34:54.725,03046T,depth
2026-08-05T09:34:54.878,03046T,depth
2026-08-05T09:34:54.948,03011T,depth
2026-08-05T09:34:54.948,03182T,depth
2026-08-05T09:34:54.948,03077T,depth
2026-08-05T09:34:55.158,03195T,depth
2026-08-05T09:34:55.237,03194T,depth
2026-08-05T09:34:55.237,03197T,depth
2026-08-05T09:34:55.237,03196T,depth
2026-08-05T09:34:55.455,03011T,depth
2026-08-05T09:34:55.524,03182T,depth
2026-08-05T09:34:55.524,03077T,depth
2026-08-05T09:34:55.524,03046T,depth
2026-08-05T09:34:55.861,03105T,depth
2026-08-05T09:34:55.925,03195T,depth
2026-08-05T09:34:55.925,03194T,depth
2026-08-05T09:34:55.925,03197T,depth
2026-08-05T09:34:55.925,03080T,depth
2026-08-05T09:34:55.925,03196T,depth
2026-08-05T09:34:56.305,03046T,depth
2026-08-05T09:34:56.373,03046T,depth
2026-08-05T09:34:56.373,03077T,depth
2026-08-05T09:34:56.373,03046T,depth
2026-08-05T09:34:56.373,03077T,depth
2026-08-05T09:34:56.373,03046T,depth
2026-08-05T09:34:56.373,03197T,depth
2026-08-05T09:34:56.438,03077T,depth
2026-08-05T09:34:56.438,03196T,depth
2026-08-05T09:34:56.438,03195T,depth
2026-08-05T09:34:56.438,03194T,depth
2026-08-05T09:34:56.857,03011T,depth
2026-08-05T09:34:56.932,03182T,depth
2026-08-05T09:34:56.934,03011T,depth
2026-08-05T09:34:56.934,03182T,depth
2026-08-05T09:34:56.934,03011T,depth
2026-08-05T09:34:56.999,03182T,depth
2026-08-05T09:34:57.223,03046T,depth
2026-08-05T09:34:57.287,03182T,depth
2026-08-05T09:34:57.287,03077T,depth
2026-08-05T09:34:57.287,03011T,depth
2026-08-05T09:34:57.522,03105T,depth
2026-08-05T09:34:57.586,03080T,depth
2026-08-05T09:34:57.910,03182T,depth
2026-08-05T09:34:57.990,03077T,depth
2026-08-05T09:34:57.990,03046T,depth
2026-08-05T09:34:57.990,03011T,depth
2026-08-05T09:34:57.990,03011T,depth
2026-08-05T09:34:57.990,03182T,depth
2026-08-05T09:34:57.990,03077T,depth
2026-08-05T09:34:58.059,03046T,depth
2026-08-05T09:34:58.059,03046T,depth
2026-08-05T09:34:58.059,03077T,depth
2026-08-05T09:34:58.756,03074T,depth
2026-08-05T09:34:58.840,03074T,depth
2026-08-05T09:34:58.840,03074T,depth
2026-08-05T09:34:58.840,03074T,depth
2026-08-05T09:34:58.840,03074T,depth
2026-08-05T09:34:59.025,03077T,depth
2026-08-05T09:34:59.094,03046T,depth
2026-08-05T09:34:59.094,03077T,depth
2026-08-05T09:34:59.094,03182T,depth
2026-08-05T09:34:59.094,03011T,depth
2026-08-05T09:34:59.094,03077T,depth
2026-08-05T09:34:59.094,03182T,depth
2026-08-05T09:34:59.159,03011T,depth
2026-08-05T09:34:59.159,03182T,depth
2026-08-05T09:34:59.159,03011T,depth
2026-08-05T09:34:59.317,03046T,depth
2026-08-05T09:34:59.380,03182T,depth
2026-08-05T09:34:59.380,03077T,depth
2026-08-05T09:34:59.380,03011T,depth
2026-08-05T09:35:00.018,03011T,depth
2026-08-05T09:35:00.083,03046T,depth
2026-08-05T09:35:00.085,03077T,depth
2026-08-05T09:35:00.085,03182T,depth
2026-08-05T09:35:00.181,03182T,depth
2026-08-05T09:35:00.258,03011T,depth
2026-08-05T09:35:00.748,03046T,depth
2026-08-05T09:35:00.816,03077T,depth
2026-08-05T09:35:00.816,03046T,depth
2026-08-05T09:35:00.816,03077T,depth
2026-08-05T09:35:00.896,03077T,depth
2026-08-05T09:35:01.280,03011T,depth
2026-08-05T09:35:01.357,03011T,depth
2026-08-05T09:35:01.358,03182T,depth
2026-08-05T09:35:01.358,03011T,depth
2026-08-05T09:35:01.419,03182T,depth
2026-08-05T09:35:01.419,03182T,depth
2026-08-05T09:35:02.162,03182T,depth
2026-08-05T09:35:02.247,03077T,depth
2026-08-05T09:35:02.247,03195T,depth
2026-08-05T09:35:02.247,03194T,depth
2026-08-05T09:35:02.247,03196T,depth
2026-08-05T09:35:02.247,03197T,depth
2026-08-05T09:35:02.247,03046T,depth
2026-08-05T09:35:02.247,03011T,depth
2026-08-05T09:35:02.446,03011T,depth
2026-08-05T09:35:02.510,03046T,depth
2026-08-05T09:35:02.510,03182T,depth
2026-08-05T09:35:02.510,03077T,depth
2026-08-05T09:35:02.674,03011T,depth
2026-08-05T09:35:02.750,03046T,depth
2026-08-05T09:35:02.752,03182T,depth
2026-08-05T09:35:02.752,03077T,depth
2026-08-05T09:35:02.752,03194T,depth
2026-08-05T09:35:02.755,03196T,depth
2026-08-05T09:35:02.755,03197T,depth
2026-08-05T09:35:02.755,03195T,depth
2026-08-05T09:35:02.815,03195T,depth
2026-08-05T09:35:02.817,03194T,depth
2026-08-05T09:35:02.817,03197T,depth
2026-08-05T09:35:02.817,03196T,depth
2026-08-05T09:35:03.302,03194T,depth
2026-08-05T09:35:03.370,03196T,depth
2026-08-05T09:35:03.370,03195T,depth
2026-08-05T09:35:03.370,03197T,depth
2026-08-05T09:35:03.462,03077T,depth
2026-08-05T09:35:03.525,03077T,depth
2026-08-05T09:35:03.525,03046T,depth
2026-08-05T09:35:03.525,03077T,depth
2026-08-05T09:35:03.587,03046T,depth
2026-08-05T09:35:03.587,03046T,depth
2026-08-05T09:35:03.587,03077T,depth
2026-08-05T09:35:03.975,03011T,depth
2026-08-05T09:35:04.052,03182T,depth
2026-08-05T09:35:04.052,03011T,depth
2026-08-05T09:35:04.052,03182T,depth
2026-08-05T09:35:04.052,03011T,depth
2026-08-05T09:35:04.114,03182T,depth
2026-08-05T09:35:04.544,03046T,depth
2026-08-05T09:35:04.621,03077T,depth
2026-08-05T09:35:04.771,03011T,depth
2026-08-05T09:35:04.844,03077T,depth
2026-08-05T09:35:04.844,03182T,depth
2026-08-05T09:35:04.847,03046T,depth
2026-08-05T09:35:05.459,03046T,depth
2026-08-05T09:35:05.530,03011T,depth
2026-08-05T09:35:05.530,03182T,depth
2026-08-05T09:35:05.530,03077T,depth
2026-08-05T09:35:05.778,03182T,depth
2026-08-05T09:35:05.862,03077T,depth
2026-08-05T09:35:05.862,03046T,depth
2026-08-05T09:35:05.862,03011T,depth
2026-08-05T09:35:06.411,03080T,depth
2026-08-05T09:35:06.812,03046T,depth
2026-08-05T09:35:06.892,03077T,depth
2026-08-05T09:35:06.892,03046T,depth
2026-08-05T09:35:06.892,03077T,depth
2026-08-05T09:35:06.892,03077T,depth
2026-08-05T09:35:07.328,03182T,depth
2026-08-05T09:35:07.412,03011T,depth
2026-08-05T09:35:07.414,03182T,depth
2026-08-05T09:35:07.414,03011T,depth
2026-08-05T09:35:07.414,03182T,depth
2026-08-05T09:35:07.472,03011T,depth
2026-08-05T09:35:07.701,03046T,depth
2026-08-05T09:35:07.781,03011T,depth
2026-08-05T09:35:07.781,03182T,depth
2026-08-05T09:35:07.781,03077T,depth
2026-08-05T09:35:07.845,03046T,depth
2026-08-05T09:35:07.908,03182T,depth
2026-08-05T09:35:07.908,03077T,depth
2026-08-05T09:35:07.908,03011T,depth
2026-08-05T09:35:08.131,03080T,depth
2026-08-05T09:35:08.195,03080T,depth
2026-08-05T09:35:08.195,03182T,depth
2026-08-05T09:35:08.195,03077T,depth
2026-08-05T09:35:08.195,03046T,depth
2026-08-05T09:35:08.195,03011T,depth
2026-08-05T09:35:08.958,03046T,depth
2026-08-05T09:35:09.025,03077T,depth
2026-08-05T09:35:09.025,03046T,depth
2026-08-05T09:35:09.025,03077T,depth
2026-08-05T09:35:09.083,03077T,depth
2026-08-05T09:35:09.519,03182T,depth
2026-08-05T09:35:09.598,03182T,depth
2026-08-05T09:35:09.598,03182T,depth
2026-08-05T09:35:09.657,03011T,depth
2026-08-05T09:35:09.657,03011T,depth
2026-08-05T09:35:09.657,03011T,depth
2026-08-05T09:35:09.805,030573,depth
2026-08-05T09:35:10.317,03197T,depth
2026-08-05T09:35:10.381,03196T,depth
2026-08-05T09:35:10.383,03046T,depth
2026-08-05T09:35:10.383,03182T,depth
2026-08-05T09:35:10.383,03077T,depth
2026-08-05T09:35:10.383,03195T,depth
2026-08-05T09:35:10.383,03194T,depth
2026-08-05T09:35:10.383,03011T,depth
2026-08-05T09:35:10.842,03194T,depth
2026-08-05T09:35:10.921,03196T,depth
2026-08-05T09:35:10.924,03197T,depth
2026-08-05T09:35:10.924,03195T,depth
2026-08-05T09:35:11.050,03195T,depth
2026-08-05T09:35:11.131,03197T,depth
2026-08-05T09:35:11.132,03196T,depth
2026-08-05T09:35:11.132,03046T,depth
2026-08-05T09:35:11.132,03182T,depth
2026-08-05T09:35:11.132,03077T,depth
2026-08-05T09:35:11.132,03194T,depth
2026-08-05T09:35:11.132,03011T,depth
2026-08-05T09:35:11.553,03195T,depth
2026-08-05T09:35:11.622,03197T,depth
2026-08-05T09:35:11.622,03194T,depth
2026-08-05T09:35:11.622,03196T,depth
2026-08-05T09:35:11.685,03182T,depth
2026-08-05T09:35:11.687,03077T,depth
2026-08-05T09:35:11.687,03011T,depth
2026-08-05T09:35:11.689,03046T,depth
2026-08-05T09:35:11.749,03077T,depth
2026-08-05T09:35:11.749,03046T,depth
2026-08-05T09:35:11.749,03077T,depth
2026-08-05T09:35:11.749,03046T,depth
2026-08-05T09:35:12.100,03077T,depth
2026-08-05T09:35:12.164,03046T,depth
2026-08-05T09:35:12.802,03077T,depth
2026-08-05T09:35:12.864,03046T,depth
2026-08-05T09:35:12.864,03077T,depth
2026-08-05T09:35:12.864,03011T,depth
2026-08-05T09:35:12.930,03011T,depth
2026-08-05T09:35:12.930,03182T,depth
2026-08-05T09:35:12.930,03011T,depth
2026-08-05T09:35:12.995,03182T,depth
2026-08-05T09:35:12.995,03182T,depth
2026-08-05T09:35:14.210,03196T,depth
2026-08-05T09:35:14.291,03197T,depth
2026-08-05T09:35:14.291,03046T,depth
2026-08-05T09:35:14.291,03195T,depth
2026-08-05T09:35:14.291,03194T,depth
2026-08-05T09:35:14.291,03011T,depth
2026-08-05T09:35:14.291,03182T,depth
2026-08-05T09:35:14.291,03077T,depth
2026-08-05T09:35:14.738,03194T,depth
2026-08-05T09:35:14.811,03196T,depth
2026-08-05T09:35:14.811,03195T,depth
2026-08-05T09:35:14.811,03197T,depth
2026-08-05T09:35:14.881,03046T,depth
2026-08-05T09:35:14.881,03011T,depth
2026-08-05T09:35:14.881,03077T,depth
2026-08-05T09:35:14.881,03182T,depth
2026-08-05T09:35:15.533,03046T,depth
2026-08-05T09:35:15.601,03077T,depth
2026-08-05T09:35:15.601,03077T,depth
2026-08-05T09:35:15.601,03046T,depth
2026-08-05T09:35:16.094,03182T,depth
2026-08-05T09:35:16.158,03011T,depth
2026-08-05T09:35:16.158,03182T,depth
2026-08-05T09:35:16.158,03011T,depth
2026-08-05T09:35:16.364,03198T,depth
2026-08-05T09:35:16.437,03198T,depth
2026-08-05T09:35:16.437,03198T,depth
2026-08-05T09:35:16.437,03198T,depth
2026-08-05T09:35:16.437,03198T,depth
2026-08-05T09:35:16.437,03198T,depth
2026-08-05T09:35:17.088,030573,depth
2026-08-05T09:35:17.378,03195T,depth
2026-08-05T09:35:17.441,03194T,depth
2026-08-05T09:35:17.441,03011T,depth
2026-08-05T09:35:17.441,03196T,depth
2026-08-05T09:35:17.441,03197T,depth
2026-08-05T09:35:17.441,03046T,depth
2026-08-05T09:35:17.441,03182T,depth
2026-08-05T09:35:17.445,03077T,depth
2026-08-05T09:35:17.658,031678,depth
2026-08-05T09:35:17.728,031678,depth
2026-08-05T09:35:17.730,031678,depth
2026-08-05T09:35:17.730,031678,depth
2026-08-05T09:35:17.811,03077T,depth
2026-08-05T09:35:17.884,03182T,depth
2026-08-05T09:35:17.884,03011T,depth
2026-08-05T09:35:17.884,03046T,depth
2026-08-05T09:35:17.884,03199T,depth
2026-08-05T09:35:17.884,03199T,depth
2026-08-05T09:35:17.884,03199T,depth
2026-08-05T09:35:17.884,03199T,depth
2026-08-05T09:35:17.884,03199T,depth
2026-08-05T09:35:17.884,03199T,depth
2026-08-05T09:35:17.884,03011T,depth
2026-08-05T09:35:17.884,03046T,depth
2026-08-05T09:35:17.884,03182T,depth
2026-08-05T09:35:17.884,03077T,depth
2026-08-05T09:35:17.948,03195T,depth
2026-08-05T09:35:17.948,03195T,depth
2026-08-05T09:35:17.948,03195T,depth
2026-08-05T09:35:17.948,03195T,depth
2026-08-05T09:35:17.948,03195T,depth
2026-08-05T09:35:17.948,03197T,depth
2026-08-05T09:35:17.948,03197T,depth
2026-08-05T09:35:17.948,03197T,depth
2026-08-05T09:35:17.948,03197T,depth
2026-08-05T09:35:17.948,03197T,depth
2026-08-05T09:35:17.948,03194T,depth
2026-08-05T09:35:17.948,03194T,depth
2026-08-05T09:35:17.948,03194T,depth
2026-08-05T09:35:17.948,03194T,depth
2026-08-05T09:35:17.948,03194T,depth
2026-08-05T09:35:17.948,03196T,depth
2026-08-05T09:35:17.948,03196T,depth
2026-08-05T09:35:17.948,03196T,depth
2026-08-05T09:35:17.948,03196T,depth
2026-08-05T09:35:17.948,03196T,depth
2026-08-05T09:35:18.839,03077T,depth
2026-08-05T09:35:18.905,03046T,depth
2026-08-05T09:35:18.905,03046T,depth
2026-08-05T09:35:18.905,03077T,depth
2026-08-05T09:35:18.969,03077T,depth
2026-08-05T09:35:19.042,03195T,depth
2026-08-05T09:35:19.112,03194T,depth
2026-08-05T09:35:19.112,03197T,depth
2026-08-05T09:35:19.114,03196T,depth
2026-08-05T09:35:19.114,03046T,depth
2026-08-05T09:35:19.114,03077T,depth
2026-08-05T09:35:19.442,03011T,depth
2026-08-05T09:35:19.510,03182T,depth
2026-08-05T09:35:19.510,03011T,depth
2026-08-05T09:35:19.510,03182T,depth
2026-08-05T09:35:19.510,03011T,depth
2026-08-05T09:35:19.573,03182T,depth
2026-08-05T09:35:19.634,03195T,depth
2026-08-05T09:35:19.636,03194T,depth
2026-08-05T09:35:19.636,03197T,depth
2026-08-05T09:35:19.636,03196T,depth
2026-08-05T09:35:19.701,03046T,depth
2026-08-05T09:35:19.774,03011T,depth
2026-08-05T09:35:19.774,03182T,depth
2026-08-05T09:35:19.774,03077T,depth
2026-08-05T09:35:20.196,03046T,depth
2026-08-05T09:35:20.259,03182T,depth
2026-08-05T09:35:20.259,03077T,depth
2026-08-05T09:35:20.259,03011T,depth
2026-08-05T09:35:20.259,03011T,depth
2026-08-05T09:35:20.259,03182T,depth
2026-08-05T09:35:20.596,03195T,depth
2026-08-05T09:35:20.674,03194T,depth
2026-08-05T09:35:20.674,03196T,depth
2026-08-05T09:35:20.674,03197T,depth
2026-08-05T09:35:21.012,03077T,depth
2026-08-05T09:35:21.081,03046T,depth
2026-08-05T09:35:21.082,03077T,depth
2026-08-05T09:35:21.082,03046T,depth
2026-08-05T09:35:21.154,03077T,depth
2026-08-05T09:35:21.156,03194T,depth
2026-08-05T09:35:21.156,03195T,depth
2026-08-05T09:35:21.156,03196T,depth
2026-08-05T09:35:21.156,03197T,depth
2026-08-05T09:35:21.583,03182T,depth
2026-08-05T09:35:21.650,03011T,depth
2026-08-05T09:35:21.650,03182T,depth
2026-08-05T09:35:21.651,03011T,depth
2026-08-05T09:35:21.712,03182T,depth
2026-08-05T09:35:21.712,03011T,depth
2026-08-05T09:35:21.775,03046T,depth
2026-08-05T09:35:21.775,03011T,depth
2026-08-05T09:35:21.775,03182T,depth
2026-08-05T09:35:21.775,03077T,depth
2026-08-05T09:35:21.838,03046T,depth
2026-08-05T09:35:21.838,03011T,depth
2026-08-05T09:35:21.838,03077T,depth
2026-08-05T09:35:21.838,03182T,depth
2026-08-05T09:35:22.647,03077T,depth
2026-08-05T09:35:22.727,03046T,depth
2026-08-05T09:35:22.727,03077T,depth
2026-08-05T09:35:22.729,03046T,depth
2026-08-05T09:35:23.028,030573,depth
2026-08-05T09:35:23.193,03182T,depth
2026-08-05T09:35:23.263,03182T,depth
2026-08-05T09:35:23.263,03011T,depth
2026-08-05T09:35:23.263,03011T,depth
2026-08-05T09:35:24.750,03011T,depth
2026-08-05T09:35:24.814,03046T,depth
2026-08-05T09:35:24.814,03182T,depth
2026-08-05T09:35:24.814,03077T,depth
2026-08-05T09:35:25.225,03182T,depth
2026-08-05T09:35:25.294,03077T,depth
2026-08-05T09:35:25.294,03195T,depth
2026-08-05T09:35:25.294,03194T,depth
2026-08-05T09:35:25.294,03011T,depth
2026-08-05T09:35:25.294,03196T,depth
2026-08-05T09:35:25.294,03197T,depth
2026-08-05T09:35:25.294,03046T,depth
2026-08-05T09:35:25.773,03197T,depth
2026-08-05T09:35:25.847,03196T,depth
2026-08-05T09:35:25.847,03195T,depth
2026-08-05T09:35:25.847,03194T,depth
2026-08-05T09:35:25.910,03077T,depth
2026-08-05T09:35:25.989,03046T,depth
2026-08-05T09:35:25.989,03077T,depth
2026-08-05T09:35:25.989,03046T,depth
2026-08-05T09:35:26.069,03182T,depth
2026-08-05T09:35:26.069,03077T,depth
2026-08-05T09:35:26.069,03046T,depth
2026-08-05T09:35:26.069,03011T,depth
2026-08-05T09:35:26.206,03077T,depth
2026-08-05T09:35:26.274,03046T,depth
2026-08-05T09:35:26.688,03196T,depth
2026-08-05T09:35:26.763,03197T,depth
2026-08-05T09:35:26.763,03046T,depth
2026-08-05T09:35:26.763,03077T,depth
2026-08-05T09:35:26.763,03195T,depth
2026-08-05T09:35:26.763,03194T,depth
2026-08-05T09:35:27.253,03194T,depth
2026-08-05T09:35:27.322,03196T,depth
2026-08-05T09:35:27.322,03195T,depth
2026-08-05T09:35:27.322,03197T,depth
2026-08-05T09:35:27.744,03046T,depth
2026-08-05T09:35:27.812,03077T,depth
2026-08-05T09:35:27.812,03046T,depth
2026-08-05T09:35:27.812,03077T,depth
2026-08-05T09:35:27.812,03011T,depth
2026-08-05T09:35:27.873,03077T,depth
2026-08-05T09:35:27.875,03011T,depth
2026-08-05T09:35:27.875,03182T,depth
2026-08-05T09:35:27.875,03011T,depth
2026-08-05T09:35:27.938,03182T,depth
2026-08-05T09:35:27.938,03182T,depth
2026-08-05T09:35:28.456,03011T,depth
2026-08-05T09:35:28.541,03046T,depth
2026-08-05T09:35:28.541,03182T,depth
2026-08-05T09:35:28.541,03077T,depth
2026-08-05T09:35:29.390,03077T,depth
2026-08-05T09:35:29.457,03046T,depth
2026-08-05T09:35:29.521,03011T,depth
2026-08-05T09:35:29.521,03046T,depth
2026-08-05T09:35:29.521,03182T,depth
2026-08-05T09:35:29.521,03077T,depth
2026-08-05T09:35:29.521,03074T,depth
2026-08-05T09:35:29.521,03074T,depth
2026-08-05T09:35:30.423,03077T,depth
2026-08-05T09:35:30.496,03046T,depth
2026-08-05T09:35:30.997,03182T,depth
2026-08-05T09:35:31.071,03011T,depth
2026-08-05T09:35:31.073,03182T,depth
2026-08-05T09:35:31.073,03011T,depth
2026-08-05T09:35:31.137,03046T,depth
2026-08-05T09:35:31.137,03011T,depth
2026-08-05T09:35:31.137,03182T,depth
2026-08-05T09:35:31.137,03077T,depth
2026-08-05T09:35:31.462,03182T,depth
2026-08-05T09:35:31.532,03077T,depth
2026-08-05T09:35:31.532,03196T,depth
2026-08-05T09:35:31.532,03197T,depth
2026-08-05T09:35:31.532,03046T,depth
2026-08-05T09:35:31.533,03195T,depth
2026-08-05T09:35:31.534,03194T,depth
2026-08-05T09:35:31.534,03011T,depth
2026-08-05T09:35:31.985,03197T,depth
2026-08-05T09:35:32.054,03195T,depth
2026-08-05T09:35:32.054,03196T,depth
2026-08-05T09:35:32.054,03194T,depth
2026-08-05T09:35:32.136,03077T,depth
2026-08-05T09:35:32.136,03046T,depth
2026-08-05T09:35:32.136,03077T,depth
2026-08-05T09:35:32.136,03046T,depth
2026-08-05T09:35:32.404,03196T,depth
2026-08-05T09:35:32.477,03197T,depth
2026-08-05T09:35:32.477,03046T,depth
2026-08-05T09:35:32.477,03194T,depth
2026-08-05T09:35:32.477,03195T,depth
2026-08-05T09:35:32.477,03011T,depth
2026-08-05T09:35:32.487,03182T,depth
2026-08-05T09:35:32.487,03077T,depth
2026-08-05T09:35:32.938,03196T,depth
2026-08-05T09:35:33.020,03194T,depth
2026-08-05T09:35:33.020,03197T,depth
2026-08-05T09:35:33.024,03195T,depth
2026-08-05T09:35:33.244,03077T,depth
2026-08-05T09:35:33.322,03046T,depth
2026-08-05T09:35:33.735,03195T,depth
2026-08-05T09:35:33.814,03194T,depth
2026-08-05T09:35:33.816,03077T,depth
2026-08-05T09:35:33.836,03197T,depth
2026-08-05T09:35:33.836,03196T,depth
2026-08-05T09:35:33.838,03046T,depth
2026-08-05T09:35:33.838,03011T,depth
2026-08-05T09:35:33.838,03011T,depth
2026-08-05T09:35:33.877,03011T,depth
2026-08-05T09:35:33.956,03182T,depth
2026-08-05T09:35:33.957,03182T,depth
2026-08-05T09:35:33.957,03182T,depth
2026-08-05T09:35:34.019,03046T,depth
2026-08-05T09:35:34.019,03182T,depth
2026-08-05T09:35:34.019,03077T,depth
2026-08-05T09:35:34.084,03011T,depth
2026-08-05T09:35:34.315,03196T,depth
2026-08-05T09:35:34.379,03194T,depth
2026-08-05T09:35:34.379,03195T,depth
2026-08-05T09:35:34.379,03197T,depth
2026-08-05T09:35:34.828,03046T,depth
2026-08-05T09:35:34.909,03077T,depth
2026-08-05T09:35:34.909,03046T,depth
2026-08-05T09:35:34.909,03077T,depth
2026-08-05T09:35:35.360,03182T,depth
2026-08-05T09:35:35.430,03011T,depth
2026-08-05T09:35:35.508,03195T,depth
2026-08-05T09:35:35.508,03194T,depth
2026-08-05T09:35:35.508,03011T,depth
2026-08-05T09:35:35.508,03196T,depth
2026-08-05T09:35:35.508,03197T,depth
2026-08-05T09:35:35.508,03046T,depth
2026-08-05T09:35:35.508,03182T,depth
2026-08-05T09:35:35.513,03077T,depth
2026-08-05T09:35:35.977,03195T,depth
2026-08-05T09:35:36.046,03197T,depth
2026-08-05T09:35:36.046,03194T,depth
2026-08-05T09:35:36.046,03196T,depth
2026-08-05T09:35:36.263,03195T,depth
2026-08-05T09:35:36.332,03194T,depth
2026-08-05T09:35:36.332,03011T,depth
2026-08-05T09:35:36.332,03196T,depth
2026-08-05T09:35:36.332,03197T,depth
2026-08-05T09:35:36.332,03046T,depth
2026-08-05T09:35:36.337,03182T,depth
2026-08-05T09:35:36.337,03077T,depth
2026-08-05T09:35:36.690,03182T,depth
2026-08-05T09:35:36.753,03077T,depth
2026-08-05T09:35:36.753,03011T,depth
2026-08-05T09:35:36.753,03046T,depth
2026-08-05T09:35:36.822,03195T,depth
2026-08-05T09:35:36.822,03194T,depth
2026-08-05T09:35:36.822,03197T,depth
2026-08-05T09:35:36.822,03196T,depth
2026-08-05T09:35:37.536,03046T,depth
2026-08-05T09:35:37.609,03077T,depth
2026-08-05T09:35:37.609,03046T,depth
2026-08-05T09:35:37.609,03077T,depth
2026-08-05T09:35:37.618,03077T,depth
2026-08-05T09:35:38.139,03182T,depth
2026-08-05T09:35:38.203,03011T,depth
2026-08-05T09:35:38.203,03182T,depth
2026-08-05T09:35:38.205,03011T,depth
2026-08-05T09:35:38.260,03182T,depth
2026-08-05T09:35:38.260,03011T,depth
2026-08-05T09:35:38.328,03046T,depth
2026-08-05T09:35:38.330,03182T,depth
2026-08-05T09:35:38.330,03077T,depth
2026-08-05T09:35:38.330,03011T,depth
2026-08-05T09:35:39.228,03046T,depth
2026-08-05T09:35:39.295,03077T,depth
2026-08-05T09:35:39.797,03011T,depth
2026-08-05T09:35:39.861,03182T,depth
2026-08-05T09:35:41.210,03011T,depth
2026-08-05T09:35:41.275,03046T,depth
2026-08-05T09:35:41.276,03182T,depth
2026-08-05T09:35:41.276,03077T,depth
2026-08-05T09:35:41.527,03197T,depth
2026-08-05T09:35:41.592,03196T,depth
2026-08-05T09:35:41.592,03046T,depth
2026-08-05T09:35:41.592,03195T,depth
2026-08-05T09:35:41.592,03194T,depth
2026-08-05T09:35:41.592,03011T,depth
2026-08-05T09:35:41.592,03182T,depth
2026-08-05T09:35:41.592,03077T,depth
2026-08-05T09:35:42.050,03046T,depth
2026-08-05T09:35:42.050,03011T,depth
2026-08-05T09:35:42.050,03182T,depth
2026-08-05T09:35:42.050,03077T,depth
2026-08-05T09:35:42.108,03195T,depth
2026-08-05T09:35:42.108,03197T,depth
2026-08-05T09:35:42.108,03196T,depth
2026-08-05T09:35:42.108,03194T,depth
2026-08-05T09:35:43.046,03077T,depth
2026-08-05T09:35:43.109,03046T,depth
2026-08-05T09:35:43.111,03077T,depth
2026-08-05T09:35:43.111,03046T,depth
2026-08-05T09:35:43.169,03077T,depth
2026-08-05T09:35:43.169,03046T,depth
2026-08-05T09:35:43.169,03077T,depth
2026-08-05T09:35:43.608,03011T,depth
2026-08-05T09:35:43.680,03011T,depth
2026-08-05T09:35:43.680,03182T,depth
2026-08-05T09:35:43.682,03011T,depth
2026-08-05T09:35:43.756,03182T,depth
2026-08-05T09:35:43.758,03182T,depth
2026-08-05T09:35:43.815,03196T,depth
2026-08-05T09:35:43.815,03197T,depth
2026-08-05T09:35:43.815,03046T,depth
2026-08-05T09:35:43.824,03195T,depth
2026-08-05T09:35:43.824,03194T,depth
2026-08-05T09:35:43.824,03011T,depth
2026-08-05T09:35:43.826,03182T,depth
2026-08-05T09:35:43.826,03077T,depth
2026-08-05T09:35:44.290,03194T,depth
2026-08-05T09:35:44.359,03196T,depth
2026-08-05T09:35:44.359,03195T,depth
2026-08-05T09:35:44.359,03197T,depth
2026-08-05T09:35:44.424,03011T,depth
2026-08-05T09:35:44.424,03046T,depth
2026-08-05T09:35:44.424,03182T,depth
2026-08-05T09:35:44.424,03077T,depth
2026-08-05T09:35:45.211,03046T,depth
2026-08-05T09:35:45.280,03077T,depth
2026-08-05T09:35:45.280,03046T,depth
2026-08-05T09:35:45.282,03077T,depth
2026-08-05T09:35:45.343,03077T,depth
2026-08-05T09:35:45.435,03197T,depth
2026-08-05T09:35:45.501,03196T,depth
2026-08-05T09:35:45.501,03046T,depth
2026-08-05T09:35:45.501,03195T,depth
2026-08-05T09:35:45.501,03194T,depth
2026-08-05T09:35:45.501,03011T,depth
2026-08-05T09:35:45.501,03182T,depth
2026-08-05T09:35:45.501,03077T,depth
2026-08-05T09:35:45.865,03046T,depth
2026-08-05T09:35:45.943,03077T,depth
2026-08-05T09:35:46.007,03195T,depth
2026-08-05T09:35:46.007,03197T,depth
2026-08-05T09:35:46.007,03046T,depth
2026-08-05T09:35:46.007,03194T,depth
2026-08-05T09:35:46.007,03077T,depth
2026-08-05T09:35:46.069,03196T,depth
2026-08-05T09:35:46.892,03182T,depth
2026-08-05T09:35:46.966,03182T,depth
2026-08-05T09:35:46.966,03011T,depth
2026-08-05T09:35:46.966,03077T,depth
2026-08-05T09:35:46.966,03182T,depth
2026-08-05T09:35:46.966,03046T,depth
2026-08-05T09:35:47.033,03011T,depth
2026-08-05T09:35:47.033,03077T,depth
2026-08-05T09:35:47.033,03046T,depth
2026-08-05T09:35:47.033,03011T,depth
2026-08-05T09:35:47.033,03077T,depth
2026-08-05T09:35:47.107,03046T,depth
2026-08-05T09:35:47.176,03011T,depth
2026-08-05T09:35:47.176,03182T,depth
2026-08-05T09:35:47.176,03077T,depth
2026-08-05T09:35:47.240,03011T,depth
2026-08-05T09:35:47.240,03046T,depth
2026-08-05T09:35:47.240,03182T,depth
2026-08-05T09:35:47.240,03077T,depth
2026-08-05T09:35:47.304,03195T,depth
2026-08-05T09:35:47.306,03194T,depth
2026-08-05T09:35:47.306,03011T,depth
2026-08-05T09:35:47.306,03196T,depth
2026-08-05T09:35:47.306,03197T,depth
2026-08-05T09:35:47.308,03046T,depth
2026-08-05T09:35:47.308,03182T,depth
2026-08-05T09:35:47.308,03077T,depth
2026-08-05T09:35:47.779,03197T,depth
2026-08-05T09:35:47.853,03195T,depth
2026-08-05T09:35:47.859,03194T,depth
2026-08-05T09:35:47.861,03196T,depth
2026-08-05T09:35:47.970,03046T,depth
2026-08-05T09:35:48.043,03077T,depth
2026-08-05T09:35:48.043,03077T,depth
2026-08-05T09:35:48.043,03046T,depth
2026-08-05T09:35:48.113,03077T,depth
2026-08-05T09:35:48.350,03046T,depth
2026-08-05T09:35:48.430,03077T,depth
2026-08-05T09:35:48.530,03011T,depth
2026-08-05T09:35:48.603,03182T,depth
2026-08-05T09:35:48.605,03182T,depth
2026-08-05T09:35:48.605,03011T,depth
2026-08-05T09:35:48.607,03182T,depth
2026-08-05T09:35:48.608,03011T,depth
2026-08-05T09:35:48.996,03046T,depth
2026-08-05T09:35:49.062,03011T,depth
2026-08-05T09:35:49.062,03182T,depth
2026-08-05T09:35:49.062,03077T,depth
2026-08-05T09:35:49.632,03046T,depth
2026-08-05T09:35:49.708,03046T,depth
2026-08-05T09:35:49.711,03077T,depth
2026-08-05T09:35:49.775,03077T,depth
2026-08-05T09:35:50.134,03182T,depth
2026-08-05T09:35:50.218,03011T,depth
2026-08-05T09:35:51.001,03011T,depth
2026-08-05T09:35:51.061,03046T,depth
2026-08-05T09:35:51.063,03182T,depth
2026-08-05T09:35:51.063,03077T,depth
2026-08-05T09:35:51.665,03046T,depth
2026-08-05T09:35:51.727,03011T,depth
2026-08-05T09:35:51.727,03182T,depth
2026-08-05T09:35:51.727,03077T,depth
2026-08-05T09:35:52.060,03046T,depth
2026-08-05T09:35:52.139,03011T,depth
2026-08-05T09:35:52.139,03182T,depth
2026-08-05T09:35:52.140,03077T,depth
2026-08-05T09:35:52.140,03195T,depth
2026-08-05T09:35:52.140,03194T,depth
2026-08-05T09:35:52.140,03197T,depth
2026-08-05T09:35:52.140,03196T,depth
2026-08-05T09:35:52.655,03194T,depth
2026-08-05T09:35:52.724,03195T,depth
2026-08-05T09:35:52.724,03196T,depth
2026-08-05T09:35:52.724,03197T,depth
2026-08-05T09:35:52.946,03046T,depth
2026-08-05T09:35:53.020,03046T,depth
2026-08-05T09:35:53.020,03077T,depth
2026-08-05T09:35:53.020,03077T,depth
2026-08-05T09:35:53.105,03077T,depth
2026-08-05T09:35:53.406,03011T,depth
2026-08-05T09:35:53.469,03182T,depth
2026-08-05T09:35:53.471,03011T,depth
2026-08-05T09:35:53.471,03182T,depth
2026-08-05T09:35:53.533,03011T,depth
2026-08-05T09:35:53.533,03182T,depth
2026-08-05T09:35:53.827,03046T,depth
2026-08-05T09:35:53.896,03011T,depth
2026-08-05T09:35:53.896,03182T,depth
2026-08-05T09:35:53.899,03077T,depth
2026-08-05T09:35:53.960,03046T,depth
2026-08-05T09:35:53.960,03011T,depth
2026-08-05T09:35:53.960,03182T,depth
2026-08-05T09:35:53.960,03077T,depth
2026-08-05T09:35:54.050,03011T,depth
2026-08-05T09:35:54.119,03046T,depth
2026-08-05T09:35:54.119,03182T,depth
2026-08-05T09:35:54.119,03077T,depth
2026-08-05T09:35:55.032,03046T,depth
2026-08-05T09:35:55.110,03046T,depth
2026-08-05T09:35:55.178,03046T,depth
2026-08-05T09:35:55.316,03077T,depth
2026-08-05T09:35:55.385,03077T,depth
2026-08-05T09:35:55.448,03077T,depth
2026-08-05T09:35:55.616,03182T,depth
2026-08-05T09:35:55.684,03182T,depth
2026-08-05T09:35:55.684,03182T,depth
2026-08-05T09:35:55.854,03011T,depth
2026-08-05T09:35:55.922,03011T,depth
2026-08-05T09:35:55.985,03011T,depth
2026-08-05T09:35:56.149,03046T,depth
2026-08-05T09:35:56.512,03195T,depth
2026-08-05T09:35:56.574,03194T,depth
2026-08-05T09:35:56.574,03011T,depth
2026-08-05T09:35:56.577,03077T,depth
2026-08-05T09:35:56.577,03182T,depth
2026-08-05T09:35:56.577,03196T,depth
2026-08-05T09:35:56.577,03197T,depth
2026-08-05T09:35:56.577,03046T,depth
2026-08-05T09:35:57.067,03197T,depth
2026-08-05T09:35:57.126,03196T,depth
2026-08-05T09:35:57.126,03195T,depth
2026-08-05T09:35:57.133,03194T,depth
2026-08-05T09:35:57.260,03046T,depth
2026-08-05T09:35:57.337,03077T,depth
2026-08-05T09:35:57.680,03011T,depth
2026-08-05T09:35:57.749,03046T,depth
2026-08-05T09:35:57.749,03011T,depth
2026-08-05T09:35:57.751,03182T,depth
2026-08-05T09:35:57.751,03077T,depth
2026-08-05T09:35:57.811,03182T,depth
2026-08-05T09:35:58.411,03077T,depth
2026-08-05T09:35:58.496,03046T,depth
2026-08-05T09:35:58.764,03182T,depth
2026-08-05T09:35:58.823,03077T,depth
2026-08-05T09:35:58.823,03046T,depth
2026-08-05T09:35:58.830,03011T,depth
2026-08-05T09:35:59.265,03046T,depth
2026-08-05T09:35:59.330,03011T,depth
2026-08-05T09:35:59.330,03077T,depth
2026-08-05T09:35:59.330,03182T,depth
2026-08-05T09:35:59.476,03046T,depth
2026-08-05T09:35:59.554,03077T,depth
2026-08-05T09:36:00.554,03011T,depth
2026-08-05T09:36:00.628,03046T,depth
2026-08-05T09:36:00.630,03011T,depth
2026-08-05T09:36:00.630,03046T,depth
2026-08-05T09:36:00.630,03182T,depth
2026-08-05T09:36:00.630,03011T,depth
2026-08-05T09:36:00.694,03182T,depth
2026-08-05T09:36:00.694,03182T,depth
2026-08-05T09:36:00.757,03077T,depth
2026-08-05T09:36:00.757,03077T,depth
2026-08-05T09:36:00.816,03077T,depth
2026-08-05T09:36:00.980,03197T,depth
2026-08-05T09:36:01.055,03196T,depth
2026-08-05T09:36:01.055,03046T,depth
2026-08-05T09:36:01.057,03195T,depth
2026-08-05T09:36:01.057,03194T,depth
2026-08-05T09:36:01.057,03011T,depth
2026-08-05T09:36:01.059,03182T,depth
2026-08-05T09:36:01.059,03077T,depth
2026-08-05T09:36:01.529,03196T,depth
2026-08-05T09:36:01.603,03194T,depth
2026-08-05T09:36:01.603,03197T,depth
2026-08-05T09:36:01.609,03195T,depth
2026-08-05T09:36:01.609,03077T,depth
2026-08-05T09:36:01.609,03046T,depth
2026-08-05T09:36:01.670,03195T,depth
2026-08-05T09:36:01.672,03194T,depth
2026-08-05T09:36:01.672,03011T,depth
2026-08-05T09:36:01.729,03105T,depth
2026-08-05T09:36:01.736,03077T,depth
2026-08-05T09:36:01.738,03182T,depth
2026-08-05T09:36:01.738,03080T,depth
2026-08-05T09:36:01.738,03197T,depth
2026-08-05T09:36:01.738,03196T,depth
2026-08-05T09:36:01.741,03046T,depth
2026-08-05T09:36:02.203,03195T,depth
2026-08-05T09:36:02.267,03194T,depth
2026-08-05T09:36:02.267,03196T,depth
2026-08-05T09:36:02.267,03197T,depth
2026-08-05T09:36:02.772,03046T,depth
2026-08-05T09:36:02.840,03077T,depth
2026-08-05T09:36:02.909,03046T,depth
2026-08-05T09:36:02.983,03011T,depth
2026-08-05T09:36:02.983,03182T,depth
2026-08-05T09:36:02.983,03077T,depth
2026-08-05T09:36:03.345,03105T,depth
2026-08-05T09:36:03.420,03080T,depth
2026-08-05T09:36:03.578,03195T,depth
2026-08-05T09:36:03.642,03194T,depth
2026-08-05T09:36:03.642,03197T,depth
2026-08-05T09:36:03.642,03196T,depth
2026-08-05T09:36:03.642,03080T,depth
2026-08-05T09:36:03.642,03046T,depth
2026-08-05T09:36:03.642,03105T,depth
2026-08-05T09:36:03.642,03077T,depth
2026-08-05T09:36:03.711,03077T,depth
2026-08-05T09:36:03.711,03046T,depth
2026-08-05T09:36:04.148,03195T,depth
2026-08-05T09:36:04.217,03194T,depth
2026-08-05T09:36:04.217,03197T,depth
2026-08-05T09:36:04.217,03196T,depth
2026-08-05T09:36:04.338,03011T,depth
2026-08-05T09:36:04.407,03046T,depth
2026-08-05T09:36:04.407,03011T,depth
2026-08-05T09:36:04.407,03046T,depth
2026-08-05T09:36:04.407,03011T,depth
2026-08-05T09:36:04.465,03182T,depth
2026-08-05T09:36:04.465,03011T,depth
2026-08-05T09:36:04.465,03046T,depth
2026-08-05T09:36:04.465,03182T,depth
2026-08-05T09:36:04.465,03182T,depth
2026-08-05T09:36:04.532,03182T,depth
2026-08-05T09:36:04.596,03011T,depth
2026-08-05T09:36:04.596,03046T,depth
2026-08-05T09:36:04.596,03182T,depth
2026-08-05T09:36:04.659,03077T,depth
2026-08-05T09:36:04.659,03077T,depth
2026-08-05T09:36:04.723,03077T,depth
2026-08-05T09:36:05.246,03105T,depth
2026-08-05T09:36:05.320,03080T,depth
2026-08-05T09:36:05.320,03182T,depth
2026-08-05T09:36:05.327,03077T,depth
2026-08-05T09:36:05.327,03011T,depth
2026-08-05T09:36:05.327,03046T,depth
2026-08-05T09:36:05.388,03077T,depth
2026-08-05T09:36:06.038,03046T,depth
2026-08-05T09:36:06.112,03077T,depth
2026-08-05T09:36:06.112,03077T,depth
2026-08-05T09:36:06.112,03046T,depth
2026-08-05T09:36:06.515,03182T,depth
2026-08-05T09:36:06.590,03182T,depth
2026-08-05T09:36:06.590,03182T,depth
2026-08-05T09:36:06.744,03011T,depth
2026-08-05T09:36:06.810,03011T,depth
2026-08-05T09:36:06.810,03011T,depth
2026-08-05T09:36:07.222,03011T,depth
2026-08-05T09:36:07.307,03046T,depth
2026-08-05T09:36:07.307,03182T,depth
2026-08-05T09:36:07.307,03077T,depth
2026-08-05T09:36:07.381,03046T,depth
2026-08-05T09:36:07.445,03182T,depth
2026-08-05T09:36:07.445,03077T,depth
2026-08-05T09:36:07.454,03011T,depth
2026-08-05T09:36:07.921,03046T,depth
2026-08-05T09:36:07.990,03011T,depth
2026-08-05T09:36:07.990,03182T,depth
2026-08-05T09:36:08.019,03077T,depth
2026-08-05T09:36:08.057,03183T,depth
2026-08-05T09:36:08.861,03046T,depth
2026-08-05T09:36:08.928,03046T,depth
2026-08-05T09:36:08.928,03077T,depth
2026-08-05T09:36:08.992,03077T,depth
2026-08-05T09:36:08.992,03077T,depth
2026-08-05T09:36:09.366,03182T,depth
2026-08-05T09:36:09.446,03182T,depth
2026-08-05T09:36:09.446,03011T,depth
2026-08-05T09:36:09.446,03182T,depth
2026-08-05T09:36:09.509,03011T,depth
2026-08-05T09:36:09.509,03011T,depth
2026-08-05T09:36:09.779,03182T,depth
2026-08-05T09:36:09.863,03077T,depth
2026-08-05T09:36:09.865,03011T,depth
2026-08-05T09:36:09.865,03046T,depth
2026-08-05T09:36:10.445,03046T,depth
2026-08-05T09:36:10.508,03077T,depth
2026-08-05T09:36:10.592,03195T,depth
2026-08-05T09:36:10.592,03194T,depth
2026-08-05T09:36:10.592,03011T,depth
2026-08-05T09:36:10.592,03182T,depth
2026-08-05T09:36:10.592,03077T,depth
2026-08-05T09:36:10.592,03196T,depth
2026-08-05T09:36:10.592,03197T,depth
2026-08-05T09:36:10.592,03046T,depth
2026-08-05T09:36:11.094,03195T,depth
2026-08-05T09:36:11.178,03194T,depth
2026-08-05T09:36:11.178,03197T,depth
2026-08-05T09:36:11.178,03196T,depth
2026-08-05T09:36:11.608,03077T,depth
2026-08-05T09:36:11.685,03046T,depth
2026-08-05T09:36:12.131,03182T,depth
2026-08-05T09:36:12.207,03182T,depth
2026-08-05T09:36:12.209,03011T,depth
2026-08-05T09:36:12.274,03011T,depth
2026-08-05T09:36:12.349,03046T,depth
2026-08-05T09:36:12.349,03011T,depth
2026-08-05T09:36:12.349,03182T,depth
2026-08-05T09:36:12.349,03077T,depth
2026-08-05T09:36:13.078,03046T,depth
2026-08-05T09:36:13.158,03011T,depth
2026-08-05T09:36:13.158,03077T,depth
2026-08-05T09:36:13.158,03182T,depth
2026-08-05T09:36:13.270,03011T,depth
2026-08-05T09:36:13.347,03046T,depth
2026-08-05T09:36:13.347,03182T,depth
2026-08-05T09:36:13.347,03077T,depth
2026-08-05T09:36:14.360,03046T,depth
2026-08-05T09:36:14.423,03077T,depth
2026-08-05T09:36:14.423,03182T,depth
2026-08-05T09:36:14.423,03046T,depth
2026-08-05T09:36:14.423,03077T,depth
2026-08-05T09:36:14.423,03182T,depth
2026-08-05T09:36:14.423,03011T,depth
2026-08-05T09:36:14.423,03182T,depth
2026-08-05T09:36:14.501,03011T,depth
2026-08-05T09:36:14.503,03077T,depth
2026-08-05T09:36:14.503,03197T,depth
2026-08-05T09:36:14.503,03196T,depth
2026-08-05T09:36:14.503,03046T,depth
2026-08-05T09:36:14.503,03195T,depth
2026-08-05T09:36:14.503,03194T,depth
2026-08-05T09:36:14.503,03011T,depth
2026-08-05T09:36:14.503,03182T,depth
2026-08-05T09:36:14.503,03077T,depth
2026-08-05T09:36:14.503,03011T,depth
2026-08-05T09:36:14.862,03046T,depth
2026-08-05T09:36:14.930,03011T,depth
2026-08-05T09:36:14.930,03182T,depth
2026-08-05T09:36:14.930,03077T,depth
2026-08-05T09:36:14.993,03194T,depth
2026-08-05T09:36:14.993,03196T,depth
2026-08-05T09:36:15.088,03197T,depth
2026-08-05T09:36:15.152,03195T,depth
2026-08-05T09:36:15.528,03046T,depth
2026-08-05T09:36:15.593,03046T,depth
2026-08-05T09:36:15.661,03077T,depth
2026-08-05T09:36:15.672,03077T,depth
2026-08-05T09:36:15.736,03046T,depth
2026-08-05T09:36:15.736,03011T,depth
2026-08-05T09:36:15.736,03182T,depth
2026-08-05T09:36:15.736,03077T,depth
2026-08-05T09:36:16.495,03046T,depth
2026-08-05T09:36:16.573,03077T,depth
2026-08-05T09:36:17.107,03077T,depth
2026-08-05T09:36:17.192,03077T,depth
2026-08-05T09:36:17.194,03182T,depth
2026-08-05T09:36:17.194,03011T,depth
2026-08-05T09:36:17.194,03011T,depth
2026-08-05T09:36:17.194,03182T,depth
2026-08-05T09:36:17.194,03046T,depth
2026-08-05T09:36:17.255,03011T,depth
2026-08-05T09:36:17.255,03182T,depth
2026-08-05T09:36:17.255,03046T,depth
2026-08-05T09:36:18.066,03011T,depth
2026-08-05T09:36:18.132,03046T,depth
2026-08-05T09:36:18.132,03182T,depth
2026-08-05T09:36:18.132,03077T,depth
2026-08-05T09:36:18.765,03046T,depth
2026-08-05T09:36:18.844,03077T,depth
2026-08-05T09:36:18.909,03046T,depth
2026-08-05T09:36:18.909,03011T,depth
2026-08-05T09:36:18.909,03182T,depth
2026-08-05T09:36:18.909,03077T,depth
2026-08-05T09:36:19.449,03011T,depth
2026-08-05T09:36:19.524,03182T,depth
2026-08-05T09:36:19.524,03077T,depth
2026-08-05T09:36:19.524,03046T,depth
2026-08-05T09:36:19.851,03195T,depth
2026-08-05T09:36:19.921,03194T,depth
2026-08-05T09:36:19.921,03196T,depth
2026-08-05T09:36:19.921,03197T,depth
2026-08-05T09:36:19.921,03046T,depth
2026-08-05T09:36:19.921,03077T,depth
2026-08-05T09:36:20.372,03194T,depth
2026-08-05T09:36:20.440,03196T,depth
2026-08-05T09:36:20.440,03046T,depth
2026-08-05T09:36:20.440,03046T,depth
2026-08-05T09:36:20.440,03046T,depth
2026-08-05T09:36:20.508,03197T,depth
2026-08-05T09:36:20.508,03195T,depth
2026-08-05T09:36:20.747,03046T,depth
2026-08-05T09:36:20.938,03182T,depth
2026-08-05T09:36:21.017,03077T,depth
2026-08-05T09:36:21.017,03182T,depth
2026-08-05T09:36:21.017,03077T,depth
2026-08-05T09:36:21.017,03077T,depth
2026-08-05T09:36:21.017,03182T,depth
2026-08-05T09:36:21.080,03011T,depth
2026-08-05T09:36:21.080,03011T,depth
2026-08-05T09:36:21.159,03011T,depth
2026-08-05T09:36:21.480,03046T,depth
2026-08-05T09:36:22.648,03182T,depth
2026-08-05T09:36:22.711,03077T,depth
2026-08-05T09:36:22.711,03046T,depth
2026-08-05T09:36:22.711,03011T,depth
2026-08-05T09:36:23.359,03046T,depth
2026-08-05T09:36:23.428,03011T,depth
2026-08-05T09:36:23.428,03182T,depth
2026-08-05T09:36:23.430,03077T,depth
2026-08-05T09:36:24.258,03046T,depth
2026-08-05T09:36:24.335,03077T,depth
2026-08-05T09:36:24.337,03046T,depth
2026-08-05T09:36:24.337,03077T,depth
2026-08-05T09:36:24.337,03046T,depth
2026-08-05T09:36:24.398,03011T,depth
2026-08-05T09:36:24.398,03182T,depth
2026-08-05T09:36:24.398,03077T,depth
2026-08-05T09:36:25.291,03077T,depth
2026-08-05T09:36:25.354,03046T,depth
2026-08-05T09:36:25.857,03182T,depth
2026-08-05T09:36:25.926,03046T,depth
2026-08-05T09:36:25.926,03182T,depth
2026-08-05T09:36:25.926,03182T,depth
2026-08-05T09:36:25.929,03077T,depth
2026-08-05T09:36:25.929,03046T,depth
2026-08-05T09:36:25.929,03182T,depth
2026-08-05T09:36:25.989,03011T,depth
2026-08-05T09:36:26.048,03011T,depth
2026-08-05T09:36:26.048,03011T,depth
2026-08-05T09:36:26.947,03046T,depth
2026-08-05T09:36:27.025,03077T,depth
2026-08-05T09:36:27.232,03011T,depth
2026-08-05T09:36:27.309,03046T,depth
2026-08-05T09:36:27.309,03182T,depth
2026-08-05T09:36:27.311,03077T,depth
2026-08-05T09:36:28.049,03077T,depth
2026-08-05T09:36:28.133,03046T,depth
2026-08-05T09:36:28.590,03182T,depth
2026-08-05T09:36:28.675,03011T,depth
2026-08-05T09:36:28.675,03182T,depth
2026-08-05T09:36:28.677,03011T,depth
2026-08-05T09:36:28.677,03182T,depth
2026-08-05T09:36:28.677,03077T,depth
2026-08-05T09:36:28.677,03046T,depth
2026-08-05T09:36:29.692,03046T,depth
2026-08-05T09:36:29.766,03077T,depth
2026-08-05T09:36:30.264,03011T,depth
2026-08-05T09:36:30.327,03182T,depth
2026-08-05T09:36:30.670,03182T,depth
2026-08-05T09:36:30.735,03077T,depth
2026-08-05T09:36:30.735,03011T,depth
2026-08-05T09:36:30.743,03046T,depth
2026-08-05T09:36:30.862,03197T,depth
2026-08-05T09:36:30.932,03196T,depth
2026-08-05T09:36:30.934,03046T,depth
2026-08-05T09:36:30.934,03182T,depth
2026-08-05T09:36:30.934,03077T,depth
2026-08-05T09:36:30.934,03195T,depth
2026-08-05T09:36:30.934,03194T,depth
2026-08-05T09:36:30.934,03011T,depth
2026-08-05T09:36:31.374,03194T,depth
2026-08-05T09:36:31.432,03196T,depth
2026-08-05T09:36:31.501,03195T,depth
2026-08-05T09:36:31.501,03197T,depth
2026-08-05T09:36:31.563,03182T,depth
2026-08-05T09:36:31.563,03077T,depth
2026-08-05T09:36:31.563,03011T,depth
2026-08-05T09:36:31.563,03046T,depth
2026-08-05T09:36:31.879,03195T,depth
2026-08-05T09:36:31.943,03194T,depth
2026-08-05T09:36:31.943,03197T,depth
2026-08-05T09:36:31.945,03196T,depth
2026-08-05T09:36:32.405,03196T,depth
2026-08-05T09:36:32.482,03197T,depth
2026-08-05T09:36:32.482,03194T,depth
2026-08-05T09:36:32.482,03195T,depth
2026-08-05T09:36:32.482,03077T,depth
2026-08-05T09:36:32.482,03046T,depth
2026-08-05T09:36:32.482,03077T,depth
2026-08-05T09:36:32.482,03046T,depth
2026-08-05T09:36:32.546,03077T,depth
2026-08-05T09:36:32.546,03046T,depth
2026-08-05T09:36:32.546,03077T,depth
2026-08-05T09:36:32.723,03046T,depth
2026-08-05T09:36:32.800,03077T,depth
2026-08-05T09:36:32.892,03077T,depth
2026-08-05T09:36:32.958,03046T,depth
2026-08-05T09:36:33.038,03182T,depth
2026-08-05T09:36:33.040,03011T,depth
2026-08-05T09:36:33.040,03182T,depth
2026-08-05T09:36:33.040,03011T,depth
2026-08-05T09:36:33.101,03182T,depth
2026-08-05T09:36:33.101,03011T,depth
2026-08-05T09:36:33.527,03046T,depth
2026-08-05T09:36:33.602,03077T,depth
2026-08-05T09:36:33.602,03046T,depth
2026-08-05T09:36:33.602,03077T,depth
2026-08-05T09:36:33.602,03077T,depth
2026-08-05T09:36:34.146,03011T,depth
2026-08-05T09:36:34.224,03046T,depth
2026-08-05T09:36:34.224,03182T,depth
2026-08-05T09:36:34.224,03077T,depth
2026-08-05T09:36:35.174,03077T,depth
2026-08-05T09:36:35.238,03046T,depth
2026-08-05T09:36:35.758,03011T,depth
2026-08-05T09:36:35.823,03182T,depth
2026-08-05T09:36:37.004,03046T,depth
2026-08-05T09:36:37.090,03182T,depth
2026-08-05T09:36:37.090,03077T,depth
2026-08-05T09:36:37.090,03011T,depth
2026-08-05T09:36:37.147,03182T,depth
2026-08-05T09:36:37.147,03077T,depth
2026-08-05T09:36:37.147,03011T,depth
2026-08-05T09:36:37.147,03046T,depth
2026-08-05T09:36:37.384,03195T,depth
2026-08-05T09:36:37.470,03194T,depth
2026-08-05T09:36:37.470,03011T,depth
2026-08-05T09:36:37.470,03197T,depth
2026-08-05T09:36:37.470,03196T,depth
2026-08-05T09:36:37.470,03046T,depth
2026-08-05T09:36:37.470,03182T,depth
2026-08-05T09:36:37.470,03077T,depth
2026-08-05T09:36:37.470,03074T,depth
2026-08-05T09:36:37.907,03195T,depth
2026-08-05T09:36:37.975,03197T,depth
2026-08-05T09:36:37.975,03196T,depth
2026-08-05T09:36:38.038,03194T,depth
2026-08-05T09:36:38.482,03077T,depth
2026-08-05T09:36:38.557,03182T,depth
2026-08-05T09:36:38.557,03046T,depth
2026-08-05T09:36:38.557,03077T,depth
2026-08-05T09:36:38.557,03182T,depth
2026-08-05T09:36:38.557,03011T,depth
2026-08-05T09:36:38.557,03046T,depth
2026-08-05T09:36:38.557,03077T,depth
2026-08-05T09:36:38.557,03182T,depth
2026-08-05T09:36:38.557,03011T,depth
2026-08-05T09:36:38.620,03011T,depth
2026-08-05T09:36:38.914,03046T,depth
2026-08-05T09:36:38.993,03182T,depth
2026-08-05T09:36:38.994,03077T,depth
2026-08-05T09:36:38.994,03011T,depth
2026-08-05T09:36:39.590,03046T,depth
2026-08-05T09:36:39.675,03077T,depth
2026-08-05T09:36:40.205,03011T,depth
2026-08-05T09:36:40.272,03046T,depth
2026-08-05T09:36:40.272,03011T,depth
2026-08-05T09:36:40.272,03077T,depth
2026-08-05T09:36:40.272,03182T,depth
2026-08-05T09:36:40.392,03046T,depth
2026-08-05T09:36:40.467,03011T,depth
2026-08-05T09:36:40.469,03182T,depth
2026-08-05T09:36:40.469,03077T,depth
2026-08-05T09:36:40.703,03195T,depth
2026-08-05T09:36:40.765,03194T,depth
2026-08-05T09:36:40.765,03011T,depth
2026-08-05T09:36:40.765,03197T,depth
2026-08-05T09:36:40.765,03196T,depth
2026-08-05T09:36:40.765,03046T,depth
2026-08-05T09:36:40.765,03182T,depth
2026-08-05T09:36:40.775,03077T,depth
2026-08-05T09:36:41.222,03195T,depth
2026-08-05T09:36:41.285,03197T,depth
2026-08-05T09:36:41.291,03194T,depth
2026-08-05T09:36:41.291,03196T,depth
2026-08-05T09:36:41.293,03046T,depth
2026-08-05T09:36:41.354,03077T,depth
2026-08-05T09:36:41.355,03046T,depth
2026-08-05T09:36:41.355,03077T,depth
2026-08-05T09:36:41.413,03077T,depth
2026-08-05T09:36:41.840,03182T,depth
2026-08-05T09:36:41.908,03182T,depth
2026-08-05T09:36:41.908,03011T,depth
2026-08-05T09:36:41.972,03011T,depth
2026-08-05T09:36:41.972,03011T,depth
2026-08-05T09:36:43.893,03197T,depth
2026-08-05T09:36:43.964,03196T,depth
2026-08-05T09:36:43.964,03046T,depth
2026-08-05T09:36:43.964,03195T,depth
2026-08-05T09:36:43.964,03194T,depth
2026-08-05T09:36:43.964,03011T,depth
2026-08-05T09:36:43.964,03182T,depth
2026-08-05T09:36:43.964,03077T,depth
2026-08-05T09:36:44.163,03046T,depth
2026-08-05T09:36:44.232,03011T,depth
2026-08-05T09:36:44.232,03182T,depth
2026-08-05T09:36:44.232,03077T,depth
2026-08-05T09:36:44.404,03046T,depth
2026-08-05T09:36:44.484,03182T,depth
2026-08-05T09:36:44.486,03077T,depth
2026-08-05T09:36:44.486,03011T,depth
2026-08-05T09:36:44.488,03195T,depth
2026-08-05T09:36:44.488,03196T,depth
2026-08-05T09:36:44.490,03194T,depth
2026-08-05T09:36:44.490,03197T,depth
2026-08-05T09:36:44.549,03046T,depth
2026-08-05T09:36:45.112,03077T,depth
2026-08-05T09:36:45.180,03046T,depth
2026-08-05T09:36:45.180,03077T,depth
2026-08-05T09:36:45.180,03046T,depth
2026-08-05T09:36:45.180,03077T,depth
2026-08-05T09:36:45.254,03046T,depth
2026-08-05T09:36:45.323,03077T,depth
2026-08-05T09:36:45.653,03182T,depth
2026-08-05T09:36:45.726,03182T,depth
2026-08-05T09:36:45.726,03011T,depth
2026-08-05T09:36:45.726,03182T,depth
2026-08-05T09:36:45.726,03011T,depth
2026-08-05T09:36:45.790,03011T,depth
2026-08-05T09:36:46.194,03046T,depth
2026-08-05T09:36:46.268,03077T,depth
2026-08-05T09:36:46.523,03046T,depth
2026-08-05T09:36:46.604,03011T,depth
2026-08-05T09:36:46.606,03182T,depth
2026-08-05T09:36:46.606,03077T,depth
2026-08-05T09:36:47.302,03046T,depth
2026-08-05T09:36:47.367,03077T,depth
2026-08-05T09:36:47.837,03011T,depth
2026-08-05T09:36:47.904,03182T,depth
2026-08-05T09:36:48.169,03011T,depth
2026-08-05T09:36:48.237,03046T,depth
2026-08-05T09:36:48.237,03077T,depth
2026-08-05T09:36:48.237,03182T,depth
2026-08-05T09:36:48.301,03046T,depth
2026-08-05T09:36:48.301,03011T,depth
2026-08-05T09:36:48.301,03182T,depth
2026-08-05T09:36:48.301,03077T,depth
2026-08-05T09:36:48.983,03077T,depth
2026-08-05T09:36:49.060,03046T,depth
2026-08-05T09:36:49.060,03077T,depth
2026-08-05T09:36:49.060,03046T,depth
2026-08-05T09:36:49.060,03011T,depth
2026-08-05T09:36:49.123,03046T,depth
2026-08-05T09:36:49.123,03077T,depth
2026-08-05T09:36:49.126,03182T,depth
2026-08-05T09:36:49.643,03077T,depth
2026-08-05T09:36:49.725,03046T,depth
2026-08-05T09:36:49.725,03046T,depth
2026-08-05T09:36:49.725,03077T,depth
2026-08-05T09:36:50.573,03046T,depth
2026-08-05T09:36:50.642,03077T,depth
2026-08-05T09:36:50.642,03046T,depth
2026-08-05T09:36:50.642,03011T,depth
2026-08-05T09:36:50.644,03077T,depth
2026-08-05T09:36:50.703,03011T,depth
2026-08-05T09:36:50.703,03182T,depth
2026-08-05T09:36:50.703,03077T,depth
2026-08-05T09:36:50.703,03011T,depth
2026-08-05T09:36:50.703,03182T,depth
2026-08-05T09:36:50.763,03182T,depth
2026-08-05T09:36:51.096,03046T,depth
2026-08-05T09:36:51.165,03077T,depth
2026-08-05T09:36:51.165,03182T,depth
2026-08-05T09:36:51.165,03011T,depth
2026-08-05T09:36:51.165,03011T,depth
2026-08-05T09:36:51.165,03046T,depth
2026-08-05T09:36:51.165,03182T,depth
2026-08-05T09:36:51.165,03077T,depth
2026-08-05T09:36:52.227,03011T,depth
2026-08-05T09:36:52.288,03077T,depth
2026-08-05T09:36:52.288,03182T,depth
2026-08-05T09:36:52.291,03046T,depth
2026-08-05T09:36:52.291,03077T,depth
2026-08-05T09:36:52.291,03182T,depth
2026-08-05T09:36:52.291,03046T,depth
2026-08-05T09:36:52.291,03011T,depth
2026-08-05T09:36:53.553,03011T,depth
2026-08-05T09:36:53.616,03046T,depth
2026-08-05T09:36:53.616,03077T,depth
2026-08-05T09:36:53.616,03182T,depth
2026-08-05T09:36:53.679,03011T,depth
2026-08-05T09:36:53.679,03046T,depth
2026-08-05T09:36:53.679,03182T,depth
2026-08-05T09:36:53.679,03077T,depth
2026-08-05T09:36:53.932,03080T,match
2026-08-05T09:36:54.011,03080T,depth
2026-08-05T09:36:54.260,03011T,depth
2026-08-05T09:36:54.328,03046T,depth
2026-08-05T09:36:54.328,03182T,depth
2026-08-05T09:36:54.328,03077T,depth
2026-08-05T09:36:54.983,03046T,depth
2026-08-05T09:36:55.060,03077T,depth
2026-08-05T09:36:55.060,03046T,depth
2026-08-05T09:36:55.060,03077T,depth
2026-08-05T09:36:55.060,03077T,depth
2026-08-05T09:36:55.123,03195T,depth
2026-08-05T09:36:55.123,03194T,depth
2026-08-05T09:36:55.123,03196T,depth
2026-08-05T09:36:55.123,03197T,depth
2026-08-05T09:36:55.123,03046T,depth
2026-08-05T09:36:55.123,03077T,depth
2026-08-05T09:36:55.502,03011T,depth
2026-08-05T09:36:55.577,03182T,depth
2026-08-05T09:36:55.577,03011T,depth
2026-08-05T09:36:55.577,03182T,depth
2026-08-05T09:36:55.586,03011T,depth
2026-08-05T09:36:55.646,03182T,depth
2026-08-05T09:36:55.646,03196T,depth
2026-08-05T09:36:55.646,03194T,depth
2026-08-05T09:36:55.708,03197T,depth
2026-08-05T09:36:55.711,03195T,depth
2026-08-05T09:36:55.920,03077T,depth
2026-08-05T09:36:55.995,03182T,depth
2026-08-05T09:36:55.995,03197T,depth
2026-08-05T09:36:55.997,03196T,depth
2026-08-05T09:36:55.997,03046T,depth
2026-08-05T09:36:55.997,03195T,depth
2026-08-05T09:36:55.997,03194T,depth
2026-08-05T09:36:55.999,03011T,depth
2026-08-05T09:36:56.453,03195T,depth
2026-08-05T09:36:56.518,03197T,depth
2026-08-05T09:36:56.520,03194T,depth
2026-08-05T09:36:56.520,03196T,depth
2026-08-05T09:36:56.520,03195T,depth
2026-08-05T09:36:56.520,03194T,depth
2026-08-05T09:36:56.520,03011T,depth
2026-08-05T09:36:56.582,03196T,depth
2026-08-05T09:36:56.582,03197T,depth
2026-08-05T09:36:56.582,03046T,depth
2026-08-05T09:36:56.582,03011T,depth
2026-08-05T09:36:56.582,03182T,depth
2026-08-05T09:36:56.582,03077T,depth
2026-08-05T09:36:56.582,03182T,depth
2026-08-05T09:36:57.072,03197T,depth
2026-08-05T09:36:57.151,03196T,depth
2026-08-05T09:36:57.152,03195T,depth
2026-08-05T09:36:57.152,03194T,depth
2026-08-05T09:36:57.215,03046T,depth
2026-08-05T09:36:57.215,03077T,depth
2026-08-05T09:36:57.215,03046T,depth
2026-08-05T09:36:57.277,03077T,depth
2026-08-05T09:36:57.277,03077T,depth
2026-08-05T09:36:57.733,03011T,depth
2026-08-05T09:36:57.800,03182T,depth
2026-08-05T09:36:57.800,03011T,depth
2026-08-05T09:36:57.800,03182T,depth
2026-08-05T09:36:57.802,03011T,depth
2026-08-05T09:36:57.863,03182T,depth
2026-08-05T09:36:59.534,03046T,depth
2026-08-05T09:36:59.597,03011T,depth
2026-08-05T09:36:59.597,03182T,depth
2026-08-05T09:36:59.607,03077T,depth
2026-08-05T09:36:59.850,03046T,depth
2026-08-05T09:36:59.919,03182T,depth
2026-08-05T09:36:59.919,03077T,depth
2026-08-05T09:36:59.919,03011T,depth
2026-08-05T09:37:00.585,03046T,depth
2026-08-05T09:37:00.663,03046T,depth
2026-08-05T09:37:00.728,03077T,depth
2026-08-05T09:37:00.806,03077T,depth
2026-08-05T09:37:01.020,03182T,depth
2026-08-05T09:37:01.090,03182T,depth
2026-08-05T09:37:01.154,03011T,depth
2026-08-05T09:37:01.154,03011T,depth
2026-08-05T09:37:01.332,030573,depth
2026-08-05T09:37:01.796,03046T,depth
2026-08-05T09:37:01.864,03182T,depth
2026-08-05T09:37:01.866,03077T,depth
2026-08-05T09:37:01.866,03011T,depth
2026-08-05T09:37:02.654,03046T,depth
2026-08-05T09:37:02.751,03077T,depth
2026-08-05T09:37:03.213,03077T,depth
2026-08-05T09:37:03.293,03182T,depth
2026-08-05T09:37:03.293,03195T,depth
2026-08-05T09:37:03.293,03194T,depth
2026-08-05T09:37:03.293,03011T,depth
2026-08-05T09:37:03.293,03197T,depth
2026-08-05T09:37:03.293,03196T,depth
2026-08-05T09:37:03.293,03046T,depth
2026-08-05T09:37:03.303,03011T,depth
2026-08-05T09:37:03.737,03196T,depth
2026-08-05T09:37:03.810,03194T,depth
2026-08-05T09:37:03.810,03197T,depth
2026-08-05T09:37:03.810,03195T,depth
2026-08-05T09:37:04.258,03046T,depth
2026-08-05T09:37:04.332,03077T,depth
2026-08-05T09:37:04.844,03011T,depth
2026-08-05T09:37:05.041,030573,depth
2026-08-05T09:37:06.144,03196T,depth
2026-08-05T09:37:06.207,03197T,depth
2026-08-05T09:37:06.207,03046T,depth
2026-08-05T09:37:06.207,03182T,depth
2026-08-05T09:37:06.207,03077T,depth
2026-08-05T09:37:06.207,03195T,depth
2026-08-05T09:37:06.207,03194T,depth
2026-08-05T09:37:06.207,03011T,depth
2026-08-05T09:37:06.207,03182T,depth
2026-08-05T09:37:06.207,03077T,depth
2026-08-05T09:37:06.207,03011T,depth
2026-08-05T09:37:06.207,03046T,depth
2026-08-05T09:37:06.671,03194T,depth
2026-08-05T09:37:06.750,03196T,depth
2026-08-05T09:37:06.750,03195T,depth
2026-08-05T09:37:06.750,03197T,depth
2026-08-05T09:37:07.168,03077T,depth
2026-08-05T09:37:07.247,03046T,depth
2026-08-05T09:37:07.247,03077T,depth
2026-08-05T09:37:07.250,03011T,depth
2026-08-05T09:37:07.250,03182T,depth
2026-08-05T09:37:07.252,03077T,depth
2026-08-05T09:37:07.252,03046T,depth
2026-08-05T09:37:07.312,03046T,depth
2026-08-05T09:37:07.579,03195T,depth
2026-08-05T09:37:07.648,03194T,depth
2026-08-05T09:37:07.648,03196T,depth
2026-08-05T09:37:07.648,03197T,depth
2026-08-05T09:37:07.651,03046T,depth
2026-08-05T09:37:07.651,03077T,depth
2026-08-05T09:37:07.944,03046T,depth
2026-08-05T09:37:08.011,03077T,depth
2026-08-05T09:37:08.090,03194T,depth
2026-08-05T09:37:08.157,03196T,depth
2026-08-05T09:37:08.218,03197T,depth
2026-08-05T09:37:08.220,03195T,depth
2026-08-05T09:37:08.736,03182T,depth
2026-08-05T09:37:08.806,03046T,depth
2026-08-05T09:37:08.806,03011T,depth
2026-08-05T09:37:08.806,03046T,depth
2026-08-05T09:37:08.806,03182T,depth
2026-08-05T09:37:08.806,03011T,depth
2026-08-05T09:37:08.806,03077T,depth
2026-08-05T09:37:08.806,03182T,depth
2026-08-05T09:37:08.885,03077T,depth
2026-08-05T09:37:08.885,03011T,depth
2026-08-05T09:37:08.885,03077T,depth
2026-08-05T09:37:12.084,03183T,depth
2026-08-05T09:37:12.807,03011T,depth
2026-08-05T09:37:12.885,03077T,depth
2026-08-05T09:37:12.887,03182T,depth
2026-08-05T09:37:12.887,03046T,depth
2026-08-05T09:37:13.436,03011T,depth
2026-08-05T09:37:13.503,03182T,depth
2026-08-05T09:37:13.503,03077T,depth
2026-08-05T09:37:13.505,03046T,depth
2026-08-05T09:37:13.669,03182T,depth
2026-08-05T09:37:13.741,03077T,depth
2026-08-05T09:37:13.741,03011T,depth
2026-08-05T09:37:13.741,03046T,depth
2026-08-05T09:37:14.737,03077T,depth
2026-08-05T09:37:14.801,03182T,depth
2026-08-05T09:37:14.801,03046T,depth
2026-08-05T09:37:14.801,03011T,depth
2026-08-05T09:37:14.803,03046T,depth
2026-08-05T09:37:14.803,03011T,depth
2026-08-05T09:37:14.803,03182T,depth
2026-08-05T09:37:14.803,03077T,depth
2026-08-05T09:37:14.868,03011T,depth
2026-08-05T09:37:14.869,03077T,depth
2026-08-05T09:37:14.869,03182T,depth
2026-08-05T09:37:15.496,03195T,depth
2026-08-05T09:37:15.566,03194T,depth
2026-08-05T09:37:15.566,03011T,depth
2026-08-05T09:37:15.566,03196T,depth
2026-08-05T09:37:15.566,03197T,depth
2026-08-05T09:37:15.566,03046T,depth
2026-08-05T09:37:15.566,03182T,depth
2026-08-05T09:37:15.566,03077T,depth
2026-08-05T09:37:15.629,03011T,depth
2026-08-05T09:37:15.631,03046T,depth
2026-08-05T09:37:15.631,03182T,depth
2026-08-05T09:37:15.631,03077T,depth
2026-08-05T09:37:15.896,03046T,depth
2026-08-05T09:37:15.962,03011T,depth
2026-08-05T09:37:15.967,03182T,depth
2026-08-05T09:37:15.967,03077T,depth
2026-08-05T09:37:16.029,03194T,depth
2026-08-05T09:37:16.109,03196T,depth
2026-08-05T09:37:16.109,03195T,depth
2026-08-05T09:37:16.109,03197T,depth
2026-08-05T09:37:16.920,03077T,depth
2026-08-05T09:37:16.988,03046T,depth
2026-08-05T09:37:16.990,03046T,depth
2026-08-05T09:37:16.992,03077T,depth
2026-08-05T09:37:17.051,03077T,depth
2026-08-05T09:37:17.518,03011T,depth
2026-08-05T09:37:17.596,03011T,depth
2026-08-05T09:37:17.661,03011T,depth
2026-08-05T09:37:17.663,03182T,depth
2026-08-05T09:37:17.725,03182T,depth
2026-08-05T09:37:17.725,03182T,depth
2026-08-05T09:37:18.966,03195T,depth
2026-08-05T09:37:19.033,03196T,depth
2026-08-05T09:37:19.033,03197T,depth
2026-08-05T09:37:19.033,03046T,depth
2026-08-05T09:37:19.033,03182T,depth
2026-08-05T09:37:19.033,03077T,depth
2026-08-05T09:37:19.033,03194T,depth
2026-08-05T09:37:19.033,03011T,depth
2026-08-05T09:37:19.498,03194T,depth
2026-08-05T09:37:19.577,03196T,depth
2026-08-05T09:37:19.577,03195T,depth
2026-08-05T09:37:19.577,03197T,depth
2026-08-05T09:37:19.660,03077T,depth
2026-08-05T09:37:19.737,03046T,depth
2026-08-05T09:37:20.174,03195T,depth
2026-08-05T09:37:20.246,03194T,depth
2026-08-05T09:37:20.248,03011T,depth
2026-08-05T09:37:20.248,03182T,depth
2026-08-05T09:37:20.248,03077T,depth
2026-08-05T09:37:20.248,03196T,depth
2026-08-05T09:37:20.248,03197T,depth
2026-08-05T09:37:20.248,03046T,depth
2026-08-05T09:37:20.248,03182T,depth
2026-08-05T09:37:20.248,03011T,depth
2026-08-05T09:37:20.688,03195T,depth
2026-08-05T09:37:20.752,03197T,depth
2026-08-05T09:37:20.752,03196T,depth
2026-08-05T09:37:20.752,03194T,depth
2026-08-05T09:37:20.817,03077T,depth
2026-08-05T09:37:20.817,03046T,depth
2026-08-05T09:37:21.300,03182T,depth
2026-08-05T09:37:21.373,03011T,depth
2026-08-05T09:37:22.082,03195T,depth
2026-08-05T09:37:22.082,03194T,depth
2026-08-05T09:37:22.090,03196T,depth
2026-08-05T09:37:22.090,03197T,depth
2026-08-05T09:37:22.544,03194T,depth
2026-08-05T09:37:22.614,03195T,depth
2026-08-05T09:37:22.614,03196T,depth
2026-08-05T09:37:22.614,03197T,depth
2026-08-05T09:37:22.800,03011T,depth
2026-08-05T09:37:22.868,03046T,depth
2026-08-05T09:37:22.870,03182T,depth
2026-08-05T09:37:22.870,03077T,depth
2026-08-05T09:37:23.529,03046T,depth
2026-08-05T09:37:23.590,03077T,depth
2026-08-05T09:37:24.004,03182T,depth
2026-08-05T09:37:24.074,03011T,depth
2026-08-05T09:37:25.303,03196T,depth
2026-08-05T09:37:25.380,03197T,depth
2026-08-05T09:37:25.380,03195T,depth
2026-08-05T09:37:25.385,03194T,depth
2026-08-05T09:37:25.815,03196T,depth
2026-08-05T09:37:25.894,03194T,depth
2026-08-05T09:37:25.894,03195T,depth
2026-08-05T09:37:25.894,03197T,depth
2026-08-05T09:37:28.336,03046T,depth
2026-08-05T09:37:28.405,03011T,depth
2026-08-05T09:37:28.405,03182T,depth
2026-08-05T09:37:28.405,03077T,depth
2026-08-05T09:37:28.927,03077T,depth
2026-08-05T09:37:28.996,03046T,depth
2026-08-05T09:37:28.996,03182T,depth
2026-08-05T09:37:28.996,03077T,depth
2026-08-05T09:37:28.996,03046T,depth
2026-08-05T09:37:28.996,03011T,depth
2026-08-05T09:37:30.131,03077T,depth
2026-08-05T09:37:30.191,03046T,depth
2026-08-05T09:37:30.468,03197T,depth
2026-08-05T09:37:30.545,03196T,depth
2026-08-05T09:37:30.545,03195T,depth
2026-08-05T09:37:30.545,03194T,depth
2026-08-05T09:37:30.545,03182T,depth
2026-08-05T09:37:30.613,03182T,depth
2026-08-05T09:37:30.677,03011T,depth
2026-08-05T09:37:30.677,03011T,depth
2026-08-05T09:37:30.996,03195T,depth
2026-08-05T09:37:31.076,03194T,depth
2026-08-05T09:37:31.076,03197T,depth
2026-08-05T09:37:31.076,03196T,depth
2026-08-05T09:37:31.701,03196T,depth
2026-08-05T09:37:31.779,03197T,depth
2026-08-05T09:37:31.781,03194T,depth
2026-08-05T09:37:31.781,03195T,depth
2026-08-05T09:37:32.240,03197T,depth
2026-08-05T09:37:32.309,03195T,depth
2026-08-05T09:37:32.311,03196T,depth
2026-08-05T09:37:32.311,03194T,depth
2026-08-05T09:37:32.390,03195T,match
2026-08-05T09:37:32.455,03195T,depth
2026-08-05T09:37:33.030,03196T,depth
2026-08-05T09:37:33.109,03197T,depth
2026-08-05T09:37:33.111,03195T,depth
2026-08-05T09:37:33.111,03194T,depth
2026-08-05T09:37:33.574,03197T,depth
2026-08-05T09:37:33.654,03195T,depth
2026-08-05T09:37:33.656,03196T,depth
2026-08-05T09:37:33.656,03194T,depth
2026-08-05T09:37:35.247,03046T,depth
2026-08-05T09:37:35.315,03011T,depth
2026-08-05T09:37:35.315,03182T,depth
2026-08-05T09:37:35.315,03077T,depth
2026-08-05T09:37:36.149,03046T,depth
2026-08-05T09:37:36.240,03077T,depth
2026-08-05T09:37:36.708,03011T,depth
2026-08-05T09:37:36.773,03182T,depth
2026-08-05T09:37:41.312,03046T,depth
2026-08-05T09:37:41.394,03182T,depth
2026-08-05T09:37:41.394,03077T,depth
2026-08-05T09:37:41.394,03011T,depth
2026-08-05T09:37:42.078,03077T,depth
2026-08-05T09:37:42.148,03046T,depth
2026-08-05T09:37:42.627,03182T,depth
2026-08-05T09:37:42.691,03011T,depth
2026-08-05T09:37:42.691,03197T,depth
2026-08-05T09:37:42.691,03196T,depth
2026-08-05T09:37:42.691,03195T,depth
2026-08-05T09:37:42.691,03194T,depth
2026-08-05T09:37:43.138,03197T,depth
2026-08-05T09:37:43.217,03194T,depth
2026-08-05T09:37:43.217,03196T,depth
2026-08-05T09:37:43.217,03195T,depth
2026-08-05T09:37:43.281,03011T,depth
2026-08-05T09:37:43.281,03046T,depth
2026-08-05T09:37:43.281,03182T,depth
2026-08-05T09:37:43.293,03077T,depth
2026-08-05T09:37:43.346,03074T,match
2026-08-05T09:37:43.348,03074T,depth
2026-08-05T09:37:44.260,03046T,depth
2026-08-05T09:37:44.324,03077T,depth
2026-08-05T09:37:44.808,03182T,depth
2026-08-05T09:37:44.880,03011T,depth
2026-08-05T09:37:46.020,03196T,depth
2026-08-05T09:37:46.084,03197T,depth
2026-08-05T09:37:46.084,03194T,depth
2026-08-05T09:37:46.091,03195T,depth
2026-08-05T09:37:46.538,03194T,depth
2026-08-05T09:37:46.617,03196T,depth
2026-08-05T09:37:46.617,03195T,depth
2026-08-05T09:37:46.617,03197T,depth
2026-08-05T09:37:48.103,03046T,depth
2026-08-05T09:37:48.184,03011T,depth
2026-08-05T09:37:48.184,03077T,depth
2026-08-05T09:37:48.184,03182T,depth
2026-08-05T09:37:48.184,03074T,depth
2026-08-05T09:37:48.921,03194T,depth
2026-08-05T09:37:48.997,03195T,depth
2026-08-05T09:37:48.999,03197T,depth
2026-08-05T09:37:48.999,03196T,depth
2026-08-05T09:37:49.185,03182T,depth
2026-08-05T09:37:49.255,03077T,depth
2026-08-05T09:37:49.318,03011T,depth
2026-08-05T09:37:49.320,03046T,depth
2026-08-05T09:37:49.320,03011T,depth
2026-08-05T09:37:49.320,03182T,depth
2026-08-05T09:37:49.320,03077T,depth
2026-08-05T09:37:49.320,03046T,depth
2026-08-05T09:37:49.477,03195T,depth
2026-08-05T09:37:49.542,03197T,depth
2026-08-05T09:37:49.542,03196T,depth
2026-08-05T09:37:49.542,03194T,depth
2026-08-05T09:37:50.255,03077T,depth
2026-08-05T09:37:50.323,03046T,depth
2026-08-05T09:37:50.798,03182T,depth
2026-08-05T09:37:50.867,03011T,depth
2026-08-05T09:37:54.283,03046T,depth
2026-08-05T09:37:54.352,03011T,depth
2026-08-05T09:37:54.352,03182T,depth
2026-08-05T09:37:54.352,03077T,depth
2026-08-05T09:37:55.043,03196T,depth
2026-08-05T09:37:55.115,03197T,depth
2026-08-05T09:37:55.115,03194T,depth
2026-08-05T09:37:55.115,03195T,depth
2026-08-05T09:37:55.179,03046T,depth
2026-08-05T09:37:55.243,03077T,depth
2026-08-05T09:37:55.574,03197T,depth
2026-08-05T09:37:55.643,03195T,depth
2026-08-05T09:37:55.645,03196T,depth
2026-08-05T09:37:55.645,03194T,depth
2026-08-05T09:37:55.707,03182T,depth
2026-08-05T09:37:55.771,03011T,depth
2026-08-05T09:37:59.009,03195T,depth
2026-08-05T09:37:59.045,03195T,depth
2026-08-05T09:37:59.045,03195T,depth
2026-08-05T09:37:59.048,03199T,depth
2026-08-05T09:37:59.048,03199T,depth
2026-08-05T09:37:59.048,03199T,depth
2026-08-05T09:37:59.048,03194T,depth
2026-08-05T09:37:59.048,03194T,depth
2026-08-05T09:37:59.048,03194T,depth
2026-08-05T09:37:59.048,03198T,depth
2026-08-05T09:37:59.048,03198T,depth
2026-08-05T09:37:59.048,03198T,depth
2026-08-05T09:37:59.048,031678,depth
2026-08-05T09:37:59.048,031678,depth
2026-08-05T09:37:59.048,03197T,depth
2026-08-05T09:37:59.048,03197T,depth
2026-08-05T09:37:59.048,03197T,depth
2026-08-05T09:37:59.048,03196T,depth
2026-08-05T09:37:59.048,03196T,depth
2026-08-05T09:37:59.048,03196T,depth
2026-08-05T09:37:59.053,03199T,depth
2026-08-05T09:37:59.053,03199T,depth
2026-08-05T09:37:59.053,03199T,depth
2026-08-05T09:37:59.053,03195T,depth
2026-08-05T09:37:59.053,03195T,depth
2026-08-05T09:37:59.053,03195T,depth
2026-08-05T09:37:59.109,03194T,depth
2026-08-05T09:37:59.109,03194T,depth
2026-08-05T09:37:59.109,03194T,depth
2026-08-05T09:37:59.109,03198T,depth
2026-08-05T09:37:59.109,03198T,depth
2026-08-05T09:37:59.120,03198T,depth
2026-08-05T09:37:59.120,031678,depth
2026-08-05T09:37:59.120,031678,depth
2026-08-05T09:37:59.120,03197T,depth
2026-08-05T09:37:59.120,03197T,depth
2026-08-05T09:37:59.123,03197T,depth
2026-08-05T09:37:59.123,03196T,depth
2026-08-05T09:37:59.123,03196T,depth
2026-08-05T09:37:59.125,03196T,depth
2026-08-05T09:38:00.302,03011T,depth
2026-08-05T09:38:00.382,03046T,depth
2026-08-05T09:38:00.382,03182T,depth
2026-08-05T09:38:00.382,03077T,depth
2026-08-05T09:38:00.674,03046T,depth
2026-08-05T09:38:00.750,03011T,depth
2026-08-05T09:38:00.750,03182T,depth
2026-08-05T09:38:00.750,03077T,depth
2026-08-05T09:38:01.661,03077T,depth
2026-08-05T09:38:01.757,03046T,depth
2026-08-05T09:38:01.757,03077T,depth
2026-08-05T09:38:01.757,03046T,depth
2026-08-05T09:38:01.953,03011T,depth
2026-08-05T09:38:02.018,03011T,depth
2026-08-05T09:38:02.129,03182T,depth
2026-08-05T09:38:02.194,03182T,depth
2026-08-05T09:38:03.132,03046T,depth
2026-08-05T09:38:03.199,03011T,depth
2026-08-05T09:38:03.199,03182T,depth
2026-08-05T09:38:03.199,03077T,depth
2026-08-05T09:38:03.610,03195T,depth
2026-08-05T09:38:03.680,03194T,depth
2026-08-05T09:38:03.680,03196T,depth
2026-08-05T09:38:03.682,03197T,depth
2026-08-05T09:38:03.902,03046T,depth
2026-08-05T09:38:03.982,03077T,depth
2026-08-05T09:38:04.126,03196T,depth
2026-08-05T09:38:04.201,03194T,depth
2026-08-05T09:38:04.201,03195T,depth
2026-08-05T09:38:04.201,03197T,depth
2026-08-05T09:38:04.458,03182T,depth
2026-08-05T09:38:04.528,03011T,depth
2026-08-05T09:38:04.658,03195T,depth
2026-08-05T09:38:04.737,03194T,depth
2026-08-05T09:38:04.737,03197T,depth
2026-08-05T09:38:04.737,03196T,depth
2026-08-05T09:38:05.201,03195T,depth
2026-08-05T09:38:05.280,03197T,depth
2026-08-05T09:38:05.280,03194T,depth
2026-08-05T09:38:05.282,03196T,depth
2026-08-05T09:38:05.395,03195T,depth
2026-08-05T09:38:05.472,03194T,depth
2026-08-05T09:38:05.472,03197T,depth
2026-08-05T09:38:05.472,03196T,depth
2026-08-05T09:38:05.922,03195T,depth
2026-08-05T09:38:05.995,03197T,depth
2026-08-05T09:38:05.995,03194T,depth
2026-08-05T09:38:05.995,03196T,depth
2026-08-05T09:38:06.097,03195T,depth
2026-08-05T09:38:06.177,03194T,depth
2026-08-05T09:38:06.177,03197T,depth
2026-08-05T09:38:06.179,03196T,depth
2026-08-05T09:38:06.179,03125T,depth
2026-08-05T09:38:06.179,03125T,depth
2026-08-05T09:38:06.546,03125T,depth
2026-08-05T09:38:06.625,03125T,depth
2026-08-05T09:38:06.625,03195T,depth
2026-08-05T09:38:06.625,03197T,depth
2026-08-05T09:38:06.625,03194T,depth
2026-08-05T09:38:06.690,03196T,depth
2026-08-05T09:38:06.945,03195T,depth
2026-08-05T09:38:07.020,03194T,depth
2026-08-05T09:38:07.020,03105T,depth
2026-08-05T09:38:07.020,03080T,depth
2026-08-05T09:38:07.020,03196T,depth
2026-08-05T09:38:07.020,03197T,depth
2026-08-05T09:38:07.471,03195T,depth
2026-08-05T09:38:07.534,03197T,depth
2026-08-05T09:38:07.541,03194T,depth
2026-08-05T09:38:07.541,03196T,depth
2026-08-05T09:38:08.608,03105T,depth
2026-08-05T09:38:08.686,03080T,depth
2026-08-05T09:38:10.886,03195T,depth
2026-08-05T09:38:10.965,03194T,depth
2026-08-05T09:38:10.965,03197T,depth
2026-08-05T09:38:10.965,03196T,depth
2026-08-05T09:38:11.332,03077T,depth
2026-08-05T09:38:11.410,03182T,depth
2026-08-05T09:38:11.412,03011T,depth
2026-08-05T09:38:11.412,03046T,depth
2026-08-05T09:38:11.475,03196T,depth
2026-08-05T09:38:11.475,03194T,depth
2026-08-05T09:38:11.475,03195T,depth
2026-08-05T09:38:11.475,03197T,depth
2026-08-05T09:38:12.265,03077T,depth
2026-08-05T09:38:12.334,03046T,depth
2026-08-05T09:38:12.464,03105T,depth
2026-08-05T09:38:12.526,03195T,depth
2026-08-05T09:38:12.528,03194T,depth
2026-08-05T09:38:12.528,03197T,depth
2026-08-05T09:38:12.528,03196T,depth
2026-08-05T09:38:12.528,03080T,depth
2026-08-05T09:38:12.528,03011T,depth
2026-08-05T09:38:12.590,03182T,depth
2026-08-05T09:38:12.979,03194T,depth
2026-08-05T09:38:13.053,03196T,depth
2026-08-05T09:38:13.053,03197T,depth
2026-08-05T09:38:13.055,03195T,depth
2026-08-05T09:38:13.418,03195T,depth
2026-08-05T09:38:13.486,03194T,depth
2026-08-05T09:38:13.486,03197T,depth
2026-08-05T09:38:13.486,03196T,depth
2026-08-05T09:38:13.946,03195T,depth
2026-08-05T09:38:14.014,03194T,depth
2026-08-05T09:38:14.016,03197T,depth
2026-08-05T09:38:14.016,03196T,depth
2026-08-05T09:38:14.078,03195T,depth
2026-08-05T09:38:14.078,03194T,depth
2026-08-05T09:38:14.078,03197T,depth
2026-08-05T09:38:14.080,03196T,depth
2026-08-05T09:38:14.142,03105T,depth
2026-08-05T09:38:14.207,03080T,depth
2026-08-05T09:38:14.537,03182T,depth
2026-08-05T09:38:14.602,03077T,depth
2026-08-05T09:38:14.604,03046T,depth
2026-08-05T09:38:14.604,03011T,depth
2026-08-05T09:38:14.604,03194T,depth
2026-08-05T09:38:14.604,03196T,depth
2026-08-05T09:38:14.604,03195T,depth
2026-08-05T09:38:14.604,03197T,depth
2026-08-05T09:38:14.763,03182T,depth
2026-08-05T09:38:14.825,03077T,depth
2026-08-05T09:38:14.828,03011T,depth
2026-08-05T09:38:14.828,03046T,depth
2026-08-05T09:38:15.574,03046T,depth
2026-08-05T09:38:15.652,03046T,depth
2026-08-05T09:38:15.762,03077T,depth
2026-08-05T09:38:15.829,03077T,depth
2026-08-05T09:38:16.110,03182T,depth
2026-08-05T09:38:16.179,03182T,depth
2026-08-05T09:38:16.238,03011T,depth
2026-08-05T09:38:16.238,03011T,depth
2026-08-05T09:38:18.172,03196T,depth
2026-08-05T09:38:18.255,03197T,depth
2026-08-05T09:38:18.257,03195T,depth
2026-08-05T09:38:18.257,03194T,depth
2026-08-05T09:38:18.715,03197T,depth
2026-08-05T09:38:18.784,03196T,depth
2026-08-05T09:38:18.784,03195T,depth
2026-08-05T09:38:18.784,03194T,depth
2026-08-05T09:38:19.083,03195T,depth
2026-08-05T09:38:19.152,03194T,depth
2026-08-05T09:38:19.152,03197T,depth
2026-08-05T09:38:19.152,03196T,depth
2026-08-05T09:38:19.421,03195T,depth
2026-08-05T09:38:19.601,03196T,depth
2026-08-05T09:38:19.680,03194T,depth
2026-08-05T09:38:19.680,03197T,depth
2026-08-05T09:38:19.680,03195T,depth
2026-08-05T09:38:20.508,03197T,depth
2026-08-05T09:38:20.570,03196T,depth
2026-08-05T09:38:20.570,03195T,depth
2026-08-05T09:38:20.577,03194T,depth
2026-08-05T09:38:21.023,03197T,depth
2026-08-05T09:38:21.102,03194T,depth
2026-08-05T09:38:21.102,03196T,depth
2026-08-05T09:38:21.102,03195T,depth
2026-08-05T09:38:21.164,03046T,depth
2026-08-05T09:38:21.166,03196T,depth
2026-08-05T09:38:21.166,03197T,depth
2026-08-05T09:38:21.166,03077T,depth
2026-08-05T09:38:21.166,03182T,depth
2026-08-05T09:38:21.166,03011T,depth
2026-08-05T09:38:21.166,03195T,depth
2026-08-05T09:38:21.166,03194T,depth
2026-08-05T09:38:21.406,03046T,depth
2026-08-05T09:38:21.479,03011T,depth
2026-08-05T09:38:21.479,03077T,depth
2026-08-05T09:38:21.479,03182T,depth
2026-08-05T09:38:21.643,03197T,depth
2026-08-05T09:38:21.708,03196T,depth
2026-08-05T09:38:21.708,03195T,depth
2026-08-05T09:38:21.708,03194T,depth
2026-08-05T09:38:22.109,03046T,depth
2026-08-05T09:38:22.173,03046T,depth
2026-08-05T09:38:22.173,03077T,depth
2026-08-05T09:38:22.233,03077T,depth
2026-08-05T09:38:22.660,03182T,depth
2026-08-05T09:38:22.729,03182T,depth
2026-08-05T09:38:22.729,03011T,depth
2026-08-05T09:38:22.793,03011T,depth
2026-08-05T09:38:25.940,03195T,depth
2026-08-05T09:38:26.005,03194T,depth
2026-08-05T09:38:26.005,03196T,depth
2026-08-05T09:38:26.005,03197T,depth
2026-08-05T09:38:26.496,03196T,depth
2026-08-05T09:38:26.564,03194T,depth
2026-08-05T09:38:26.566,03195T,depth
2026-08-05T09:38:26.566,03197T,depth
2026-08-05T09:38:28.148,03195T,depth
2026-08-05T09:38:28.227,03194T,depth
2026-08-05T09:38:28.227,03197T,depth
2026-08-05T09:38:28.227,03196T,depth
2026-08-05T09:38:28.709,03196T,depth
2026-08-05T09:38:28.773,03194T,depth
2026-08-05T09:38:28.773,03196T,depth
2026-08-05T09:38:28.773,03197T,depth
2026-08-05T09:38:28.773,03194T,depth
2026-08-05T09:38:28.773,03195T,depth
2026-08-05T09:38:29.090,03198T,depth
2026-08-05T09:38:29.170,03198T,depth
2026-08-05T09:38:29.170,03198T,depth
2026-08-05T09:38:29.170,031678,depth
2026-08-05T09:38:29.173,031678,depth
2026-08-05T09:38:29.175,03199T,depth
2026-08-05T09:38:29.175,03199T,depth
2026-08-05T09:38:29.175,03199T,depth
2026-08-05T09:38:29.177,03198T,depth
2026-08-05T09:38:29.177,03198T,depth
2026-08-05T09:38:29.177,03198T,depth
2026-08-05T09:38:29.177,031678,depth
2026-08-05T09:38:29.177,031678,depth
2026-08-05T09:38:29.177,03199T,depth
2026-08-05T09:38:29.177,03199T,depth
2026-08-05T09:38:29.177,03199T,depth
2026-08-05T09:38:29.271,03196T,depth
2026-08-05T09:38:29.351,03196T,depth
2026-08-05T09:38:29.351,03196T,depth
2026-08-05T09:38:29.353,03196T,depth
2026-08-05T09:38:29.353,03196T,depth
2026-08-05T09:38:29.353,03194T,depth
2026-08-05T09:38:29.353,03194T,depth
2026-08-05T09:38:29.353,03194T,depth
2026-08-05T09:38:29.353,03194T,depth
2026-08-05T09:38:29.353,03194T,depth
2026-08-05T09:38:29.416,03197T,depth
2026-08-05T09:38:29.416,03196T,depth
2026-08-05T09:38:29.416,03195T,depth
2026-08-05T09:38:29.416,03194T,depth
2026-08-05T09:38:29.878,03194T,depth
2026-08-05T09:38:29.943,03195T,depth
2026-08-05T09:38:29.945,03195T,depth
2026-08-05T09:38:29.945,03196T,depth
2026-08-05T09:38:29.945,03197T,depth
2026-08-05T09:38:29.945,03197T,depth
2026-08-05T09:38:29.945,03197T,depth
2026-08-05T09:38:29.945,03197T,depth
2026-08-05T09:38:29.945,03197T,depth
2026-08-05T09:38:29.945,03195T,depth
2026-08-05T09:38:29.945,03195T,depth
2026-08-05T09:38:29.945,03195T,depth
2026-08-05T09:38:31.093,03195T,depth
2026-08-05T09:38:31.170,03194T,depth
2026-08-05T09:38:31.170,03197T,depth
2026-08-05T09:38:31.170,03196T,depth
2026-08-05T09:38:31.616,03194T,depth
2026-08-05T09:38:31.681,03196T,depth
2026-08-05T09:38:31.681,03195T,depth
2026-08-05T09:38:31.681,03197T,depth
2026-08-05T09:38:33.037,03182T,depth
2026-08-05T09:38:38.239,03046T,depth
2026-08-05T09:38:38.304,03011T,depth
2026-08-05T09:38:38.304,03182T,depth
2026-08-05T09:38:38.304,03077T,depth
2026-08-05T09:38:38.381,03197T,depth
2026-08-05T09:38:38.447,03196T,depth
2026-08-05T09:38:38.447,03195T,depth
2026-08-05T09:38:38.447,03194T,depth
2026-08-05T09:38:38.942,03195T,depth
2026-08-05T09:38:39.008,03197T,depth
2026-08-05T09:38:39.008,03194T,depth
2026-08-05T09:38:39.008,03196T,depth
2026-08-05T09:38:39.146,03077T,depth
2026-08-05T09:38:39.210,03046T,depth
2026-08-05T09:38:39.643,03182T,depth
2026-08-05T09:38:39.715,03011T,depth
2026-08-05T09:38:39.791,03197T,depth
2026-08-05T09:38:39.791,03196T,depth
2026-08-05T09:38:39.791,03195T,depth
2026-08-05T09:38:39.791,03194T,depth
2026-08-05T09:38:40.299,03197T,depth
2026-08-05T09:38:40.380,03195T,depth
2026-08-05T09:38:40.444,03196T,depth
2026-08-05T09:38:40.444,03194T,depth
2026-08-05T09:38:41.425,03197T,depth
2026-08-05T09:38:41.494,03196T,depth
2026-08-05T09:38:41.494,03195T,depth
2026-08-05T09:38:41.494,03194T,depth
2026-08-05T09:38:41.957,03195T,depth
2026-08-05T09:38:42.035,03194T,depth
2026-08-05T09:38:42.035,03197T,depth
2026-08-05T09:38:42.035,03196T,depth
2026-08-05T09:38:42.035,03183T,depth
2026-08-05T09:38:43.131,03195T,depth
2026-08-05T09:38:43.204,03194T,depth
2026-08-05T09:38:43.204,03197T,depth
2026-08-05T09:38:43.208,03196T,depth
2026-08-05T09:38:43.681,03196T,depth
2026-08-05T09:38:43.747,03194T,depth
2026-08-05T09:38:43.747,03195T,depth
2026-08-05T09:38:43.747,03197T,depth
2026-08-05T09:38:44.915,03197T,depth
2026-08-05T09:38:44.993,03196T,depth
2026-08-05T09:38:44.993,03195T,depth
2026-08-05T09:38:44.993,03194T,depth
2026-08-05T09:38:45.470,03195T,depth
2026-08-05T09:38:45.540,03197T,depth
2026-08-05T09:38:45.540,03194T,depth
2026-08-05T09:38:45.540,03196T,depth
2026-08-05T09:38:45.550,03195T,depth
2026-08-05T09:38:45.550,03194T,depth
2026-08-05T09:38:45.550,03196T,depth
2026-08-05T09:38:45.550,03197T,depth
2026-08-05T09:38:46.008,03197T,depth
2026-08-05T09:38:46.083,03195T,depth
2026-08-05T09:38:46.083,03196T,depth
2026-08-05T09:38:46.083,03194T,depth
2026-08-05T09:38:46.901,03195T,depth
2026-08-05T09:38:46.975,03194T,depth
2026-08-05T09:38:46.975,03197T,depth
2026-08-05T09:38:46.975,03196T,depth
2026-08-05T09:38:47.455,03194T,depth
2026-08-05T09:38:47.524,03196T,depth
2026-08-05T09:38:47.524,03195T,depth
2026-08-05T09:38:47.524,03197T,depth
2026-08-05T09:38:47.701,03195T,depth
2026-08-05T09:38:47.779,03194T,depth
2026-08-05T09:38:47.779,03197T,depth
2026-08-05T09:38:47.779,03196T,depth
2026-08-05T09:38:48.255,030573,depth
2026-08-05T09:38:48.325,03195T,depth
2026-08-05T09:38:48.325,03197T,depth
2026-08-05T09:38:48.325,03194T,depth
2026-08-05T09:38:48.325,03196T,depth
2026-08-05T09:38:48.595,03195T,depth
2026-08-05T09:38:48.674,03194T,depth
2026-08-05T09:38:48.676,03197T,depth
2026-08-05T09:38:48.676,03196T,depth
2026-08-05T09:38:49.121,03194T,depth
2026-08-05T09:38:49.204,03196T,depth
2026-08-05T09:38:49.204,03195T,depth
2026-08-05T09:38:49.204,03197T,depth
2026-08-05T09:38:49.204,03195T,depth
2026-08-05T09:38:49.204,03194T,depth
2026-08-05T09:38:49.207,03197T,depth
2026-08-05T09:38:49.207,03196T,depth
2026-08-05T09:38:49.715,03195T,depth
2026-08-05T09:38:49.795,03197T,depth
2026-08-05T09:38:49.795,03194T,depth
2026-08-05T09:38:49.797,03196T,depth
2026-08-05T09:38:49.860,03195T,depth
2026-08-05T09:38:49.860,03194T,depth
2026-08-05T09:38:49.860,03197T,depth
2026-08-05T09:38:49.860,03196T,depth
2026-08-05T09:38:49.924,03074T,match
2026-08-05T09:38:49.924,03074T,depth
2026-08-05T09:38:50.335,03197T,depth
2026-08-05T09:38:50.403,03195T,depth
2026-08-05T09:38:50.403,03196T,depth
2026-08-05T09:38:50.403,03194T,depth
2026-08-05T09:38:50.737,03105T,depth
2026-08-05T09:38:50.817,03080T,depth
2026-08-05T09:38:50.817,03196T,depth
2026-08-05T09:38:50.819,03197T,depth
2026-08-05T09:38:50.819,03195T,depth
2026-08-05T09:38:50.819,03194T,depth
2026-08-05T09:38:51.023,03046T,depth
2026-08-05T09:38:51.091,03182T,depth
2026-08-05T09:38:51.091,03077T,depth
2026-08-05T09:38:51.091,03011T,depth
2026-08-05T09:38:51.091,03074T,depth
2026-08-05T09:38:51.250,03197T,depth
2026-08-05T09:38:51.315,03195T,depth
2026-08-05T09:38:51.379,03196T,depth
2026-08-05T09:38:51.379,03194T,depth
2026-08-05T09:38:51.440,03197T,depth
2026-08-05T09:38:51.440,03196T,depth
2026-08-05T09:38:51.440,03195T,depth
2026-08-05T09:38:51.440,03194T,depth
2026-08-05T09:38:51.626,03077T,depth
2026-08-05T09:38:51.695,03046T,depth
2026-08-05T09:38:51.949,03194T,depth
2026-08-05T09:38:52.012,03196T,depth
2026-08-05T09:38:52.077,03195T,depth
2026-08-05T09:38:52.077,03197T,depth
2026-08-05T09:38:52.142,03194T,depth
2026-08-05T09:38:52.142,03195T,depth
2026-08-05T09:38:52.142,03197T,depth
2026-08-05T09:38:52.142,03196T,depth
2026-08-05T09:38:52.233,03011T,depth
2026-08-05T09:38:52.301,03182T,depth
2026-08-05T09:38:52.412,03105T,depth
2026-08-05T09:38:52.493,03080T,depth
2026-08-05T09:38:52.616,03195T,depth
2026-08-05T09:38:52.685,03197T,depth
2026-08-05T09:38:52.754,03194T,depth
2026-08-05T09:38:52.756,03196T,depth
2026-08-05T09:38:54.322,03195T,depth
2026-08-05T09:38:54.388,03194T,depth
2026-08-05T09:38:54.388,03197T,depth
2026-08-05T09:38:54.391,03196T,depth
2026-08-05T09:38:54.849,03194T,depth
2026-08-05T09:38:54.916,03196T,depth
2026-08-05T09:38:54.916,03195T,depth
2026-08-05T09:38:54.916,03197T,depth
2026-08-05T09:38:55.166,03195T,depth
2026-08-05T09:38:55.234,03194T,depth
2026-08-05T09:38:55.236,03197T,depth
2026-08-05T09:38:55.236,03196T,depth
2026-08-05T09:38:55.693,03194T,depth
2026-08-05T09:38:55.762,03196T,depth
2026-08-05T09:38:55.762,03197T,depth
2026-08-05T09:38:55.762,03195T,depth
2026-08-05T09:38:59.509,03197T,depth
2026-08-05T09:38:59.587,03196T,depth
2026-08-05T09:38:59.587,03195T,depth
2026-08-05T09:38:59.587,03194T,depth
2026-08-05T09:38:59.768,03046T,depth
2026-08-05T09:38:59.843,03011T,depth
2026-08-05T09:38:59.843,03182T,depth
2026-08-05T09:38:59.845,03077T,depth
2026-08-05T09:39:00.036,03196T,depth
2026-08-05T09:39:00.116,03194T,depth
2026-08-05T09:39:00.116,03197T,depth
2026-08-05T09:39:00.116,03195T,depth
2026-08-05T09:39:00.180,03046T,depth
2026-08-05T09:39:00.182,03011T,depth
2026-08-05T09:39:00.182,03077T,depth
2026-08-05T09:39:00.182,03182T,depth
2026-08-05T09:39:00.502,03196T,depth
2026-08-05T09:39:00.577,03197T,depth
2026-08-05T09:39:00.577,03195T,depth
2026-08-05T09:39:00.577,03194T,depth
2026-08-05T09:39:00.947,03046T,depth
2026-08-05T09:39:01.012,03077T,depth
2026-08-05T09:39:01.012,03046T,depth
2026-08-05T09:39:01.012,03077T,depth
2026-08-05T09:39:01.077,03197T,depth
2026-08-05T09:39:01.077,03196T,depth
2026-08-05T09:39:01.077,03195T,depth
2026-08-05T09:39:01.077,03194T,depth
2026-08-05T09:39:01.489,03182T,depth
2026-08-05T09:39:01.551,03182T,depth
2026-08-05T09:39:01.551,03011T,depth
2026-08-05T09:39:01.620,03011T,depth
2026-08-05T09:39:02.114,03195T,depth
2026-08-05T09:39:02.114,03194T,depth
2026-08-05T09:39:02.114,03197T,depth
2026-08-05T09:39:02.116,03196T,depth
2026-08-05T09:39:02.654,03195T,depth
2026-08-05T09:39:02.715,03197T,depth
2026-08-05T09:39:02.721,03194T,depth
2026-08-05T09:39:02.721,03196T,depth
2026-08-05T09:39:03.192,03195T,depth
2026-08-05T09:39:03.262,03194T,depth
2026-08-05T09:39:03.262,03196T,depth
2026-08-05T09:39:03.262,03197T,depth
2026-08-05T09:39:03.724,03196T,depth
2026-08-05T09:39:03.802,03194T,depth
2026-08-05T09:39:03.802,03195T,depth
2026-08-05T09:39:03.802,03197T,depth
2026-08-05T09:39:04.090,03196T,depth
2026-08-05T09:39:04.169,03197T,depth
2026-08-05T09:39:04.169,03195T,depth
2026-08-05T09:39:04.169,03194T,depth
2026-08-05T09:39:04.659,03197T,depth
2026-08-05T09:39:04.726,03196T,depth
2026-08-05T09:39:04.726,03195T,depth
2026-08-05T09:39:04.726,03194T,depth
2026-08-05T09:39:07.157,03195T,depth
2026-08-05T09:39:07.225,03194T,depth
2026-08-05T09:39:07.225,03197T,depth
2026-08-05T09:39:07.227,03196T,depth
2026-08-05T09:39:07.734,03194T,depth
2026-08-05T09:39:07.813,03195T,depth
2026-08-05T09:39:07.813,03196T,depth
2026-08-05T09:39:07.813,03197T,depth
2026-08-05T09:39:09.594,03194T,depth
2026-08-05T09:39:09.658,03195T,depth
2026-08-05T09:39:09.666,03197T,depth
2026-08-05T09:39:09.666,03196T,depth
2026-08-05T09:39:10.149,03195T,depth
2026-08-05T09:39:10.225,03194T,depth
2026-08-05T09:39:10.225,03197T,depth
2026-08-05T09:39:10.225,03196T,depth
2026-08-05T09:39:10.489,03195T,depth
2026-08-05T09:39:10.555,03194T,depth
2026-08-05T09:39:10.555,03196T,depth
2026-08-05T09:39:10.555,03197T,depth
2026-08-05T09:39:10.999,03194T,depth
2026-08-05T09:39:11.089,03196T,depth
2026-08-05T09:39:11.090,03197T,depth
2026-08-05T09:39:11.090,03195T,depth
2026-08-05T09:39:11.705,03195T,depth
2026-08-05T09:39:11.775,03194T,depth
2026-08-05T09:39:11.775,03196T,depth
2026-08-05T09:39:11.777,03197T,depth
2026-08-05T09:39:12.210,03194T,depth
2026-08-05T09:39:12.278,03196T,depth
2026-08-05T09:39:12.280,03195T,depth
2026-08-05T09:39:12.281,03197T,depth
2026-08-05T09:39:12.852,03182T,depth
2026-08-05T09:39:12.930,03077T,depth
2026-08-05T09:39:12.930,03011T,depth
2026-08-05T09:39:12.930,03046T,depth
2026-08-05T09:39:12.993,03195T,depth
2026-08-05T09:39:12.993,03194T,depth
2026-08-05T09:39:12.995,03197T,depth
2026-08-05T09:39:12.995,03196T,depth
2026-08-05T09:39:13.484,03194T,depth
2026-08-05T09:39:13.554,03195T,depth
2026-08-05T09:39:13.554,03196T,depth
2026-08-05T09:39:13.554,03197T,depth
2026-08-05T09:39:13.633,03194T,depth
2026-08-05T09:39:13.711,03195T,depth
2026-08-05T09:39:13.713,03196T,depth
2026-08-05T09:39:13.713,03197T,depth
2026-08-05T09:39:13.713,03077T,depth
2026-08-05T09:39:13.713,03046T,depth
2026-08-05T09:39:14.177,03197T,depth
2026-08-05T09:39:14.256,03195T,depth
2026-08-05T09:39:14.256,03196T,depth
2026-08-05T09:39:14.256,03194T,depth
2026-08-05T09:39:14.319,03182T,depth
2026-08-05T09:39:14.383,03011T,depth
2026-08-05T09:39:14.624,03125T,match
2026-08-05T09:39:14.697,03125T,depth
2026-08-05T09:39:17.700,03195T,depth
2026-08-05T09:39:17.772,03194T,depth
2026-08-05T09:39:17.772,03197T,depth
2026-08-05T09:39:17.772,03196T,depth
2026-08-05T09:39:18.226,03196T,depth
2026-08-05T09:39:18.290,03194T,depth
2026-08-05T09:39:18.292,03195T,depth
2026-08-05T09:39:18.292,03197T,depth
2026-08-05T09:39:19.200,03194T,depth
2026-08-05T09:39:19.266,03195T,depth
2026-08-05T09:39:19.266,03196T,depth
2026-08-05T09:39:19.266,03197T,depth
2026-08-05T09:39:19.730,03195T,depth
2026-08-05T09:39:19.864,03197T,depth
2026-08-05T09:39:19.864,03194T,depth
2026-08-05T09:39:19.864,03196T,depth
2026-08-05T09:39:20.802,03195T,depth
2026-08-05T09:39:20.935,03194T,depth
2026-08-05T09:39:20.945,03197T,depth
2026-08-05T09:39:20.945,03196T,depth
2026-08-05T09:39:21.128,03011T,depth
2026-08-05T09:39:21.207,03182T,depth
2026-08-05T09:39:21.207,03077T,depth
2026-08-05T09:39:21.207,03046T,depth
2026-08-05T09:39:21.320,03195T,depth
2026-08-05T09:39:21.397,03194T,depth
2026-08-05T09:39:21.397,03197T,depth
2026-08-05T09:39:21.397,03196T,depth
2026-08-05T09:39:21.684,03125T,match
2026-08-05T09:39:21.746,03125T,depth
2026-08-05T09:39:21.887,03194T,depth
2026-08-05T09:39:21.951,03195T,depth
2026-08-05T09:39:21.957,03197T,depth
2026-08-05T09:39:21.957,03196T,depth
2026-08-05T09:39:21.959,03046T,depth
2026-08-05T09:39:21.959,03077T,depth
2026-08-05T09:39:22.420,03194T,depth
2026-08-05T09:39:22.499,03196T,depth
2026-08-05T09:39:22.499,03195T,depth
2026-08-05T09:39:22.501,03197T,depth
2026-08-05T09:39:22.501,03182T,depth
2026-08-05T09:39:22.501,03011T,depth
2026-08-05T09:39:22.807,03011T,depth
2026-08-05T09:39:22.867,03182T,depth
2026-08-05T09:39:22.867,03077T,depth
2026-08-05T09:39:22.867,03046T,depth
2026-08-05T09:39:23.187,03195T,depth
2026-08-05T09:39:23.267,03194T,depth
2026-08-05T09:39:23.268,03197T,depth
2026-08-05T09:39:23.268,03196T,depth
2026-08-05T09:39:23.554,03046T,depth
2026-08-05T09:39:23.618,03077T,depth
2026-08-05T09:39:23.710,03194T,depth
2026-08-05T09:39:23.778,03196T,depth
2026-08-05T09:39:23.778,03195T,depth
2026-08-05T09:39:23.778,03197T,depth
2026-08-05T09:39:24.098,03182T,depth
2026-08-05T09:39:24.179,03011T,depth
2026-08-05T09:39:25.122,03182T,match
2026-08-05T09:39:25.205,03182T,depth
2026-08-05T09:39:26.509,03046T,depth
2026-08-05T09:39:26.586,03077T,depth
2026-08-05T09:39:26.586,03182T,depth
2026-08-05T09:39:26.588,03011T,depth
2026-08-05T09:39:27.209,03046T,depth
2026-08-05T09:39:27.287,03182T,depth
2026-08-05T09:39:27.287,03077T,depth
2026-08-05T09:39:27.287,03011T,depth
2026-08-05T09:39:27.904,03197T,depth
2026-08-05T09:39:27.968,03080T,depth
2026-08-05T09:39:27.968,03196T,depth
2026-08-05T09:39:27.968,03105T,depth
2026-08-05T09:39:27.968,03195T,depth
2026-08-05T09:39:27.968,03194T,depth
2026-08-05T09:39:28.047,03046T,depth
2026-08-05T09:39:28.049,03046T,depth
2026-08-05T09:39:28.110,03077T,depth
2026-08-05T09:39:28.175,03077T,depth
2026-08-05T09:39:28.446,03197T,depth
2026-08-05T09:39:28.508,03195T,depth
2026-08-05T09:39:28.508,03182T,depth
2026-08-05T09:39:28.508,03196T,depth
2026-08-05T09:39:28.508,03194T,depth
2026-08-05T09:39:28.508,03182T,depth
2026-08-05T09:39:28.573,03011T,depth
2026-08-05T09:39:28.573,03011T,depth
2026-08-05T09:39:29.545,03197T,depth
2026-08-05T09:39:29.612,03196T,depth
2026-08-05T09:39:29.614,03195T,depth
2026-08-05T09:39:29.614,03194T,depth
2026-08-05T09:39:29.614,03105T,depth
2026-08-05T09:39:29.677,03080T,depth
2026-08-05T09:39:30.040,03197T,depth
2026-08-05T09:39:30.108,03196T,depth
2026-08-05T09:39:30.108,03194T,depth
2026-08-05T09:39:30.108,03195T,depth
2026-08-05T09:39:30.486,03196T,depth
2026-08-05T09:39:30.554,03197T,depth
2026-08-05T09:39:30.556,03195T,depth
2026-08-05T09:39:30.556,03194T,depth
2026-08-05T09:39:31.010,03196T,depth
2026-08-05T09:39:31.081,03197T,depth
2026-08-05T09:39:31.081,03194T,depth
2026-08-05T09:39:31.083,03195T,depth
2026-08-05T09:39:31.224,03195T,depth
2026-08-05T09:39:31.304,03194T,depth
2026-08-05T09:39:31.305,03197T,depth
2026-08-05T09:39:31.306,03196T,depth
2026-08-05T09:39:31.763,03195T,depth
2026-08-05T09:39:31.825,03197T,depth
2026-08-05T09:39:31.825,03194T,depth
2026-08-05T09:39:31.825,03196T,depth
2026-08-05T09:39:31.888,03195T,depth
2026-08-05T09:39:31.888,03194T,depth
2026-08-05T09:39:31.888,03197T,depth
2026-08-05T09:39:31.888,03080T,depth
2026-08-05T09:39:31.888,03196T,depth
2026-08-05T09:39:31.888,03105T,depth
2026-08-05T09:39:32.379,03195T,depth
2026-08-05T09:39:32.459,03197T,depth
2026-08-05T09:39:32.461,03194T,depth
2026-08-05T09:39:32.461,03196T,depth
2026-08-05T09:39:32.882,03046T,depth
2026-08-05T09:39:32.949,03011T,depth
2026-08-05T09:39:32.951,03182T,depth
2026-08-05T09:39:32.951,03077T,depth
2026-08-05T09:39:33.030,03194T,depth
2026-08-05T09:39:33.110,03195T,depth
2026-08-05T09:39:33.110,03197T,depth
2026-08-05T09:39:33.110,03196T,depth
2026-08-05T09:39:33.517,03105T,depth
2026-08-05T09:39:33.584,03195T,depth
2026-08-05T09:39:33.584,03197T,depth
2026-08-05T09:39:33.649,03080T,depth
2026-08-05T09:39:33.649,03194T,depth
2026-08-05T09:39:33.649,03196T,depth
2026-08-05T09:39:33.932,03077T,depth
2026-08-05T09:39:34.002,03011T,depth
2026-08-05T09:39:34.002,03046T,depth
2026-08-05T09:39:34.318,03195T,depth
2026-08-05T09:39:34.382,03194T,depth
2026-08-05T09:39:34.382,03197T,depth
2026-08-05T09:39:34.382,03196T,depth
2026-08-05T09:39:34.558,03182T,depth
2026-08-05T09:39:34.868,03195T,depth
2026-08-05T09:39:34.931,03197T,depth
2026-08-05T09:39:34.931,03194T,depth
2026-08-05T09:39:34.931,03196T,depth
2026-08-05T09:39:35.792,03195T,depth
2026-08-05T09:39:35.857,03194T,depth
2026-08-05T09:39:35.859,03196T,depth
2026-08-05T09:39:35.859,03197T,depth
2026-08-05T09:39:36.113,03046T,depth
2026-08-05T09:39:36.194,03011T,depth
2026-08-05T09:39:36.194,03182T,depth
2026-08-05T09:39:36.194,03077T,depth
2026-08-05T09:39:36.333,03195T,depth
2026-08-05T09:39:36.403,03197T,depth
2026-08-05T09:39:36.467,03194T,depth
2026-08-05T09:39:36.467,03196T,depth
2026-08-05T09:39:36.704,03195T,depth
2026-08-05T09:39:36.767,03194T,depth
2026-08-05T09:39:36.775,03196T,depth
2026-08-05T09:39:36.775,03197T,depth
2026-08-05T09:39:37.205,03046T,depth
2026-08-05T09:39:37.283,03011T,depth
2026-08-05T09:39:37.283,03194T,depth
2026-08-05T09:39:37.287,03196T,depth
2026-08-05T09:39:37.287,03077T,depth
2026-08-05T09:39:37.287,03197T,depth
2026-08-05T09:39:37.287,03195T,depth
2026-08-05T09:39:37.348,03182T,depth
2026-08-05T09:39:38.721,03011T,depth
2026-08-05T09:39:38.801,03046T,depth
2026-08-05T09:39:38.801,03182T,depth
2026-08-05T09:39:38.809,03077T,depth
2026-08-05T09:39:39.398,03077T,depth
2026-08-05T09:39:39.460,03046T,depth
2026-08-05T09:39:39.912,03194T,depth
2026-08-05T09:39:39.988,03195T,depth
2026-08-05T09:39:39.988,03196T,depth
2026-08-05T09:39:39.988,03197T,depth
2026-08-05T09:39:39.988,03182T,depth
2026-08-05T09:39:40.054,03011T,depth
2026-08-05T09:39:40.472,03195T,depth
2026-08-05T09:39:40.551,03197T,depth
2026-08-05T09:39:40.551,03194T,depth
2026-08-05T09:39:40.551,03196T,depth
2026-08-05T09:39:42.137,03105T,depth
2026-08-05T09:39:42.217,03080T,depth
2026-08-05T09:39:42.219,03197T,depth
2026-08-05T09:39:42.219,03196T,depth
2026-08-05T09:39:42.219,03195T,depth
2026-08-05T09:39:42.219,03194T,depth
2026-08-05T09:39:42.681,03197T,depth
2026-08-05T09:39:42.761,03196T,depth
2026-08-05T09:39:42.761,03194T,depth
2026-08-05T09:39:42.761,03195T,depth
2026-08-05T09:39:43.269,03195T,depth
2026-08-05T09:39:43.337,03194T,depth
2026-08-05T09:39:43.337,03197T,depth
2026-08-05T09:39:43.337,03196T,depth
2026-08-05T09:39:43.799,03197T,depth
2026-08-05T09:39:43.876,03195T,depth
2026-08-05T09:39:43.878,03194T,depth
2026-08-05T09:39:43.878,03196T,depth
2026-08-05T09:39:43.878,03105T,depth
2026-08-05T09:39:43.941,03080T,depth
2026-08-05T09:39:43.941,03195T,depth
2026-08-05T09:39:43.943,03194T,depth
2026-08-05T09:39:43.943,03197T,depth
2026-08-05T09:39:43.944,03196T,depth
2026-08-05T09:39:44.427,03195T,depth
2026-08-05T09:39:44.493,03197T,depth
2026-08-05T09:39:44.493,03196T,depth
2026-08-05T09:39:44.493,03194T,depth
2026-08-05T09:39:46.012,03182T,depth
2026-08-05T09:39:46.090,03077T,depth
2026-08-05T09:39:46.090,03046T,depth
2026-08-05T09:39:46.090,03011T,depth
2026-08-05T09:39:47.066,03077T,depth
2026-08-05T09:39:47.127,03182T,depth
2026-08-05T09:39:47.130,03046T,depth
2026-08-05T09:39:47.130,03011T,depth
2026-08-05T09:39:49.186,03195T,depth
2026-08-05T09:39:49.255,03194T,depth
2026-08-05T09:39:49.257,03196T,depth
2026-08-05T09:39:49.257,03197T,depth
2026-08-05T09:39:49.685,03196T,depth
2026-08-05T09:39:49.766,03194T,depth
2026-08-05T09:39:49.766,03195T,depth
2026-08-05T09:39:49.766,03197T,depth
2026-08-05T09:39:54.517,03194T,depth
2026-08-05T09:39:54.592,03195T,depth
2026-08-05T09:39:54.592,03197T,depth
2026-08-05T09:39:54.592,03196T,depth
2026-08-05T09:39:54.592,03011T,depth
2026-08-05T09:39:54.592,03046T,depth
2026-08-05T09:39:54.592,03077T,depth
2026-08-05T09:39:54.592,03182T,depth
2026-08-05T09:39:55.049,03194T,depth
2026-08-05T09:39:55.118,03195T,depth
2026-08-05T09:39:55.118,03196T,depth
2026-08-05T09:39:55.118,03197T,depth
2026-08-05T09:39:55.261,03046T,depth
2026-08-05T09:39:55.325,03077T,depth
2026-08-05T09:39:55.327,03197T,depth
2026-08-05T09:39:55.327,03196T,depth
2026-08-05T09:39:55.327,03194T,depth
2026-08-05T09:39:55.327,03195T,depth
2026-08-05T09:39:55.790,03194T,depth
2026-08-05T09:39:55.870,03196T,depth
2026-08-05T09:39:55.870,03195T,depth
2026-08-05T09:39:55.870,03197T,depth
2026-08-05T09:39:55.870,03182T,depth
2026-08-05T09:39:55.870,03011T,depth
2026-08-05T09:39:57.865,03197T,depth
2026-08-05T09:39:57.935,03196T,depth
2026-08-05T09:39:57.935,03195T,depth
2026-08-05T09:39:57.935,03194T,depth
2026-08-05T09:39:58.381,03194T,depth
2026-08-05T09:39:58.462,03195T,depth
2026-08-05T09:39:58.462,03196T,depth
2026-08-05T09:39:58.464,03197T,depth
2026-08-05T09:39:58.464,03195T,depth
2026-08-05T09:39:58.464,03194T,depth
2026-08-05T09:39:58.464,03196T,depth
2026-08-05T09:39:58.467,03197T,depth
2026-08-05T09:39:58.633,03011T,depth
2026-08-05T09:39:58.699,03046T,depth
2026-08-05T09:39:58.699,03077T,depth
2026-08-05T09:39:58.699,03182T,depth
2026-08-05T09:39:58.891,03046T,depth
2026-08-05T09:39:58.954,03182T,depth
2026-08-05T09:39:58.954,03077T,depth
2026-08-05T09:39:58.954,03011T,depth
2026-08-05T09:39:59.020,03196T,depth
2026-08-05T09:39:59.081,03194T,depth
2026-08-05T09:39:59.081,03197T,depth
2026-08-05T09:39:59.081,03195T,depth
2026-08-05T09:39:59.621,03077T,depth
2026-08-05T09:39:59.688,03046T,depth
2026-08-05T09:39:59.688,03077T,depth
2026-08-05T09:39:59.688,03046T,depth
2026-08-05T09:40:00.169,03011T,depth
2026-08-05T09:40:00.248,03182T,depth
2026-08-05T09:40:00.248,03011T,depth
2026-08-05T09:40:00.248,03182T,depth
2026-08-05T09:40:02.609,03195T,depth
2026-08-05T09:40:02.702,03194T,depth
2026-08-05T09:40:02.702,03197T,depth
2026-08-05T09:40:02.705,03196T,depth
2026-08-05T09:40:03.124,03194T,depth
2026-08-05T09:40:03.203,03196T,depth
2026-08-05T09:40:03.203,03195T,depth
2026-08-05T09:40:03.205,03197T,depth
2026-08-05T09:40:03.635,03194T,depth
2026-08-05T09:40:03.713,03195T,depth
2026-08-05T09:40:03.713,03196T,depth
2026-08-05T09:40:03.713,03197T,depth
2026-08-05T09:40:04.210,03197T,depth
2026-08-05T09:40:04.275,03195T,depth
2026-08-05T09:40:04.275,03196T,depth
2026-08-05T09:40:04.275,03194T,depth
2026-08-05T09:40:06.880,03195T,depth
2026-08-05T09:40:06.959,03194T,depth
2026-08-05T09:40:06.961,03197T,depth
2026-08-05T09:40:06.961,03196T,depth
2026-08-05T09:40:07.213,03011T,depth
2026-08-05T09:40:07.280,03046T,depth
2026-08-05T09:40:07.280,03182T,depth
2026-08-05T09:40:07.280,03077T,depth
2026-08-05T09:40:07.407,03195T,depth
2026-08-05T09:40:07.487,03194T,depth
2026-08-05T09:40:07.489,03197T,depth
2026-08-05T09:40:07.489,03196T,depth
2026-08-05T09:40:07.824,03046T,depth
2026-08-05T09:40:07.886,03077T,depth
2026-08-05T09:40:08.350,03011T,depth
2026-08-05T09:40:08.431,03182T,depth
2026-08-05T09:40:09.259,03011T,depth
2026-08-05T09:40:09.329,03046T,depth
2026-08-05T09:40:09.329,03077T,depth
2026-08-05T09:40:09.329,03182T,depth
2026-08-05T09:40:09.954,03077T,depth
2026-08-05T09:40:10.015,03046T,depth
2026-08-05T09:40:10.500,03011T,depth
2026-08-05T09:40:10.577,03182T,depth
2026-08-05T09:40:11.199,03011T,depth
2026-08-05T09:40:11.284,03046T,depth
2026-08-05T09:40:11.284,03182T,depth
2026-08-05T09:40:11.284,03077T,depth
2026-08-05T09:40:11.363,03182T,depth
2026-08-05T09:40:11.442,03077T,depth
2026-08-05T09:40:11.442,03011T,depth
2026-08-05T09:40:11.442,03046T,depth
2026-08-05T09:40:11.662,03195T,depth
2026-08-05T09:40:11.729,03194T,depth
2026-08-05T09:40:11.729,03197T,depth
2026-08-05T09:40:11.729,03196T,depth
2026-08-05T09:40:12.123,03077T,depth
2026-08-05T09:40:12.190,03046T,depth
2026-08-05T09:40:12.190,03077T,depth
2026-08-05T09:40:12.190,03046T,depth
2026-08-05T09:40:12.256,03194T,depth
2026-08-05T09:40:12.256,03196T,depth
2026-08-05T09:40:12.256,03197T,depth
2026-08-05T09:40:12.256,03195T,depth
2026-08-05T09:40:12.748,03011T,depth
2026-08-05T09:40:12.817,03011T,depth
2026-08-05T09:40:12.817,03182T,depth
2026-08-05T09:40:12.882,03182T,depth
2026-08-05T09:40:16.060,03197T,depth
2026-08-05T09:40:16.141,03196T,depth
2026-08-05T09:40:16.141,03195T,depth
2026-08-05T09:40:16.141,03194T,depth
2026-08-05T09:40:16.592,03194T,depth
2026-08-05T09:40:16.668,03196T,depth
2026-08-05T09:40:16.668,03197T,depth
2026-08-05T09:40:16.668,03195T,depth
2026-08-05T09:40:18.056,03195T,depth
2026-08-05T09:40:18.125,03194T,depth
2026-08-05T09:40:18.125,03196T,depth
2026-08-05T09:40:18.128,03197T,depth
2026-08-05T09:40:18.574,03195T,depth
2026-08-05T09:40:18.655,03197T,depth
2026-08-05T09:40:18.656,03196T,depth
2026-08-05T09:40:18.656,03194T,depth
2026-08-05T09:40:19.327,03194T,depth
2026-08-05T09:40:19.397,03195T,depth
2026-08-05T09:40:19.397,03197T,depth
2026-08-05T09:40:19.405,03196T,depth
2026-08-05T09:40:19.864,03194T,depth
2026-08-05T09:40:19.935,03195T,depth
2026-08-05T09:40:19.935,03196T,depth
2026-08-05T09:40:19.935,03197T,depth
2026-08-05T09:40:23.234,03197T,depth
2026-08-05T09:40:23.296,03196T,depth
2026-08-05T09:40:23.296,03195T,depth
2026-08-05T09:40:23.296,03194T,depth
2026-08-05T09:40:23.743,03197T,depth
2026-08-05T09:40:23.817,03195T,depth
2026-08-05T09:40:23.825,03196T,depth
2026-08-05T09:40:23.825,03194T,depth
2026-08-05T09:40:23.968,03197T,depth
2026-08-05T09:40:24.044,03196T,depth
2026-08-05T09:40:24.046,03195T,depth
2026-08-05T09:40:24.046,03194T,depth
2026-08-05T09:40:24.488,03196T,depth
2026-08-05T09:40:24.557,03194T,depth
2026-08-05T09:40:24.557,03195T,depth
2026-08-05T09:40:24.557,03197T,depth
2026-08-05T09:40:25.166,03046T,depth
2026-08-05T09:40:25.230,03011T,depth
2026-08-05T09:40:25.230,03182T,depth
2026-08-05T09:40:25.230,03077T,depth
2026-08-05T09:40:25.230,030573,depth
2026-08-05T09:40:25.793,03077T,depth
2026-08-05T09:40:25.871,03046T,depth
2026-08-05T09:40:25.935,03046T,depth
2026-08-05T09:40:25.994,03011T,depth
2026-08-05T09:40:26.001,03182T,depth
2026-08-05T09:40:26.001,03077T,depth
2026-08-05T09:40:26.194,03011T,depth
2026-08-05T09:40:26.272,03182T,depth
2026-08-05T09:40:26.272,03077T,depth
2026-08-05T09:40:26.272,03046T,depth
2026-08-05T09:40:26.873,03046T,depth
2026-08-05T09:40:26.941,03077T,depth
2026-08-05T09:40:26.943,03046T,depth
2026-08-05T09:40:26.943,03077T,depth
2026-08-05T09:40:27.263,03182T,depth
2026-08-05T09:40:27.338,03182T,depth
2026-08-05T09:40:27.345,03182T,depth
2026-08-05T09:40:27.473,03011T,depth
2026-08-05T09:40:27.551,03011T,depth
2026-08-05T09:40:27.551,03011T,depth
2026-08-05T09:40:27.663,03195T,depth
2026-08-05T09:40:27.742,03194T,depth
2026-08-05T09:40:27.742,03196T,depth
2026-08-05T09:40:27.742,03197T,depth
2026-08-05T09:40:28.239,03197T,depth
2026-08-05T09:40:28.320,03196T,depth
2026-08-05T09:40:28.320,03195T,depth
2026-08-05T09:40:28.322,03194T,depth
2026-08-05T09:40:29.144,03046T,depth
2026-08-05T09:40:29.229,03011T,depth
2026-08-05T09:40:29.229,03182T,depth
2026-08-05T09:40:29.229,03077T,depth
2026-08-05T09:40:30.188,03046T,depth
2026-08-05T09:40:30.262,03077T,depth
2026-08-05T09:40:30.344,03195T,depth
2026-08-05T09:40:30.409,03194T,depth
2026-08-05T09:40:30.411,03197T,depth
2026-08-05T09:40:30.411,03196T,depth
2026-08-05T09:40:30.778,03011T,depth
2026-08-05T09:40:30.858,03182T,depth
2026-08-05T09:40:30.923,03196T,depth
2026-08-05T09:40:30.923,03197T,depth
2026-08-05T09:40:30.925,03194T,depth
2026-08-05T09:40:30.925,03195T,depth
2026-08-05T09:40:31.307,03197T,depth
2026-08-05T09:40:31.384,03196T,depth
2026-08-05T09:40:31.386,03195T,depth
2026-08-05T09:40:31.386,03194T,depth
2026-08-05T09:40:31.843,03197T,depth
2026-08-05T09:40:31.913,03195T,depth
2026-08-05T09:40:31.913,03196T,depth
2026-08-05T09:40:31.913,03194T,depth
2026-08-05T09:40:34.295,03011T,depth
2026-08-05T09:40:34.375,03046T,depth
2026-08-05T09:40:34.375,03182T,depth
2026-08-05T09:40:34.375,03077T,depth
2026-08-05T09:40:34.824,03195T,depth
2026-08-05T09:40:34.900,03194T,depth
2026-08-05T09:40:34.902,03197T,depth
2026-08-05T09:40:34.902,03196T,depth
2026-08-05T09:40:35.202,03046T,depth
2026-08-05T09:40:35.266,03077T,depth
2026-08-05T09:40:35.345,03197T,depth
2026-08-05T09:40:35.409,03196T,depth
2026-08-05T09:40:35.411,03194T,depth
2026-08-05T09:40:35.553,03195T,depth
2026-08-05T09:40:35.697,03011T,depth
2026-08-05T09:40:35.760,03182T,depth
2026-08-05T09:40:37.850,03196T,depth
2026-08-05T09:40:37.928,03197T,depth
2026-08-05T09:40:37.930,03195T,depth
2026-08-05T09:40:37.930,03194T,depth
2026-08-05T09:40:38.388,03195T,depth
2026-08-05T09:40:38.458,03194T,depth
2026-08-05T09:40:38.458,03197T,depth
2026-08-05T09:40:38.458,03196T,depth
2026-08-05T09:40:38.458,03182T,depth
2026-08-05T09:40:38.458,03077T,depth
2026-08-05T09:40:38.458,03011T,depth
2026-08-05T09:40:38.458,03046T,depth
2026-08-05T09:40:38.516,03195T,depth
2026-08-05T09:40:38.516,03194T,depth
2026-08-05T09:40:38.516,03197T,depth
2026-08-05T09:40:38.516,03196T,depth
2026-08-05T09:40:38.982,03195T,depth
2026-08-05T09:40:39.049,03197T,depth
2026-08-05T09:40:39.049,03077T,depth
2026-08-05T09:40:39.049,03046T,depth
2026-08-05T09:40:39.049,03194T,depth
2026-08-05T09:40:39.049,03196T,depth
2026-08-05T09:40:39.549,03182T,depth
2026-08-05T09:40:39.641,03011T,depth
2026-08-05T09:40:40.539,03195T,depth
2026-08-05T09:40:40.617,03194T,depth
2026-08-05T09:40:40.617,03197T,depth
2026-08-05T09:40:40.617,03196T,depth
2026-08-05T09:40:41.097,03195T,depth
2026-08-05T09:40:41.175,03194T,depth
2026-08-05T09:40:41.177,03197T,depth
2026-08-05T09:40:41.177,03196T,depth
2026-08-05T09:40:41.363,03195T,depth
2026-08-05T09:40:41.432,03194T,depth
2026-08-05T09:40:41.432,03080T,depth
2026-08-05T09:40:41.432,03197T,depth
2026-08-05T09:40:41.432,03196T,depth
2026-08-05T09:40:41.432,03105T,depth
2026-08-05T09:40:41.894,03197T,depth
2026-08-05T09:40:41.985,03195T,depth
2026-08-05T09:40:41.988,03194T,depth
2026-08-05T09:40:41.988,03196T,depth
2026-08-05T09:40:42.372,03197T,depth
2026-08-05T09:40:42.439,03196T,depth
2026-08-05T09:40:42.439,03195T,depth
2026-08-05T09:40:42.439,03194T,depth
2026-08-05T09:40:42.943,03194T,depth
2026-08-05T09:40:43.011,03196T,depth
2026-08-05T09:40:43.011,03197T,depth
2026-08-05T09:40:43.011,03195T,depth
2026-08-05T09:40:43.074,03105T,depth
2026-08-05T09:40:43.139,03080T,depth
2026-08-05T09:40:45.134,03195T,depth
2026-08-05T09:40:45.202,03194T,depth
2026-08-05T09:40:45.203,03196T,depth
2026-08-05T09:40:45.204,03197T,depth
2026-08-05T09:40:45.266,03105T,depth
2026-08-05T09:40:45.266,03080T,depth
2026-08-05T09:40:45.659,03197T,depth
2026-08-05T09:40:45.729,03195T,depth
2026-08-05T09:40:45.729,03194T,depth
2026-08-05T09:40:45.729,03196T,depth
2026-08-05T09:40:46.828,03197T,depth
2026-08-05T09:40:46.896,03196T,depth
2026-08-05T09:40:46.898,03195T,depth
2026-08-05T09:40:46.898,03194T,depth
2026-08-05T09:40:46.962,03105T,depth
2026-08-05T09:40:46.962,03080T,depth
2026-08-05T09:40:47.376,03194T,depth
2026-08-05T09:40:47.454,03196T,depth
2026-08-05T09:40:47.454,03195T,depth
2026-08-05T09:40:47.454,03197T,depth
2026-08-05T09:40:47.585,03195T,depth
2026-08-05T09:40:47.662,03194T,depth
2026-08-05T09:40:47.662,03197T,depth
2026-08-05T09:40:47.662,03196T,depth
2026-08-05T09:40:48.125,03195T,depth
2026-08-05T09:40:48.188,03194T,depth
2026-08-05T09:40:48.190,03197T,depth
2026-08-05T09:40:48.190,03196T,depth
2026-08-05T09:40:48.987,030573,depth
2026-08-05T09:40:49.113,03196T,depth
2026-08-05T09:40:49.179,03197T,depth
2026-08-05T09:40:49.179,03195T,depth
2026-08-05T09:40:49.179,03194T,depth
2026-08-05T09:40:49.691,03196T,depth
2026-08-05T09:40:49.756,03194T,depth
2026-08-05T09:40:49.756,03195T,depth
2026-08-05T09:40:49.756,03197T,depth
2026-08-05T09:40:49.980,03196T,depth
2026-08-05T09:40:50.060,03197T,depth
2026-08-05T09:40:50.060,03195T,depth
2026-08-05T09:40:50.060,03194T,depth
2026-08-05T09:40:50.539,03197T,depth
2026-08-05T09:40:50.622,03195T,depth
2026-08-05T09:40:50.622,03196T,depth
2026-08-05T09:40:50.622,03194T,depth
2026-08-05T09:40:50.810,03197T,depth
2026-08-05T09:40:50.875,03196T,depth
2026-08-05T09:40:50.877,03195T,depth
2026-08-05T09:40:50.877,03194T,depth
2026-08-05T09:40:51.350,03195T,depth
2026-08-05T09:40:51.418,03194T,depth
2026-08-05T09:40:51.420,03197T,depth
2026-08-05T09:40:51.420,03196T,depth
2026-08-05T09:40:51.831,03197T,depth
2026-08-05T09:40:51.895,03196T,depth
2026-08-05T09:40:51.898,03195T,depth
2026-08-05T09:40:51.900,03194T,depth
2026-08-05T09:40:52.377,03194T,depth
2026-08-05T09:40:52.442,03196T,depth
2026-08-05T09:40:52.442,03195T,depth
2026-08-05T09:40:52.442,03197T,depth
2026-08-05T09:40:52.852,03046T,depth
2026-08-05T09:40:52.938,03182T,depth
2026-08-05T09:40:52.938,03077T,depth
2026-08-05T09:40:52.940,03011T,depth
2026-08-05T09:40:53.114,03194T,depth
2026-08-05T09:40:53.177,03195T,depth
2026-08-05T09:40:53.177,03196T,depth
2026-08-05T09:40:53.177,03197T,depth
2026-08-05T09:40:53.417,03105T,depth
2026-08-05T09:40:53.481,03080T,depth
2026-08-05T09:40:53.625,03195T,depth
2026-08-05T09:40:53.706,03197T,depth
2026-08-05T09:40:53.706,03046T,depth
2026-08-05T09:40:53.706,03194T,depth
2026-08-05T09:40:53.706,03196T,depth
2026-08-05T09:40:53.706,03077T,depth
2026-08-05T09:40:54.200,03195T,depth
2026-08-05T09:40:54.277,03194T,depth
2026-08-05T09:40:54.278,03197T,depth
2026-08-05T09:40:54.279,03196T,depth
2026-08-05T09:40:54.279,03182T,depth
2026-08-05T09:40:54.339,03011T,depth
2026-08-05T09:40:54.736,03195T,depth
2026-08-05T09:40:54.814,03194T,depth
2026-08-05T09:40:54.814,03197T,depth
2026-08-05T09:40:54.814,03196T,depth
2026-08-05T09:40:55.096,03105T,depth
2026-08-05T09:40:55.161,03080T,depth
2026-08-05T09:40:56.486,03195T,depth
2026-08-05T09:40:56.549,03194T,depth
2026-08-05T09:40:56.549,03196T,depth
2026-08-05T09:40:56.549,03197T,depth
2026-08-05T09:40:57.015,03195T,depth
2026-08-05T09:40:57.092,03197T,depth
2026-08-05T09:40:57.094,03196T,depth
2026-08-05T09:40:57.094,03194T,depth
2026-08-05T09:40:57.264,03197T,depth
2026-08-05T09:40:57.332,03196T,depth
2026-08-05T09:40:57.334,03195T,depth
2026-08-05T09:40:57.334,03194T,depth
2026-08-05T09:40:57.790,03194T,depth
2026-08-05T09:40:57.859,03196T,depth
2026-08-05T09:40:57.923,03195T,depth
2026-08-05T09:40:57.923,03197T,depth
2026-08-05T09:41:00.335,03195T,depth
2026-08-05T09:41:00.420,03194T,depth
2026-08-05T09:41:00.420,03196T,depth
2026-08-05T09:41:00.420,03197T,depth
2026-08-05T09:41:00.654,03046T,depth
2026-08-05T09:41:00.722,03011T,depth
2026-08-05T09:41:00.722,03077T,depth
2026-08-05T09:41:00.722,03182T,depth
2026-08-05T09:41:00.847,03197T,depth
2026-08-05T09:41:00.915,03196T,depth
2026-08-05T09:41:00.915,03194T,depth
2026-08-05T09:41:00.915,03195T,depth
2026-08-05T09:41:01.190,03197T,depth
2026-08-05T09:41:01.254,03196T,depth
2026-08-05T09:41:01.254,03195T,depth
2026-08-05T09:41:01.254,03194T,depth
2026-08-05T09:41:01.397,03077T,depth
2026-08-05T09:41:01.476,03046T,depth
2026-08-05T09:41:01.702,03197T,depth
2026-08-05T09:41:01.781,03195T,depth
2026-08-05T09:41:01.781,03194T,depth
2026-08-05T09:41:01.793,03196T,depth
2026-08-05T09:41:01.924,03182T,depth
2026-08-05T09:41:01.993,03011T,depth
2026-08-05T09:41:02.633,03196T,depth
2026-08-05T09:41:02.712,03197T,depth
2026-08-05T09:41:02.712,03195T,depth
2026-08-05T09:41:02.712,03194T,depth
2026-08-05T09:41:03.175,03196T,depth
2026-08-05T09:41:03.254,03194T,depth
2026-08-05T09:41:03.320,03197T,depth
2026-08-05T09:41:03.320,03195T,depth
2026-08-05T09:41:04.391,03196T,depth
2026-08-05T09:41:04.468,03197T,depth
2026-08-05T09:41:04.468,03195T,depth
2026-08-05T09:41:04.468,03194T,depth
2026-08-05T09:41:04.820,03046T,depth
2026-08-05T09:41:04.900,03011T,depth
2026-08-05T09:41:04.900,03182T,depth
2026-08-05T09:41:04.902,03077T,depth
2026-08-05T09:41:04.963,03197T,depth
2026-08-05T09:41:04.965,03196T,depth
2026-08-05T09:41:04.965,03195T,depth
2026-08-05T09:41:04.968,03194T,depth
2026-08-05T09:41:05.143,03195T,depth
2026-08-05T09:41:05.221,03194T,depth
2026-08-05T09:41:05.223,03197T,depth
2026-08-05T09:41:05.223,03196T,depth
2026-08-05T09:41:05.662,03195T,depth
2026-08-05T09:41:05.729,03197T,depth
2026-08-05T09:41:05.729,03196T,depth
2026-08-05T09:41:05.729,03194T,depth
2026-08-05T09:41:05.794,03046T,depth
2026-08-05T09:41:05.860,03077T,depth
2026-08-05T09:41:05.937,03195T,depth
2026-08-05T09:41:05.939,03194T,depth
2026-08-05T09:41:05.939,03197T,depth
2026-08-05T09:41:05.941,03196T,depth
2026-08-05T09:41:06.302,03182T,depth
2026-08-05T09:41:06.372,03011T,depth
2026-08-05T09:41:06.372,03194T,depth
2026-08-05T09:41:06.372,03196T,depth
2026-08-05T09:41:06.451,03195T,depth
2026-08-05T09:41:06.453,03197T,depth
2026-08-05T09:41:06.453,03195T,depth
2026-08-05T09:41:06.462,03194T,depth
2026-08-05T09:41:06.469,03196T,depth
2026-08-05T09:41:06.469,03197T,depth
2026-08-05T09:41:06.940,03195T,depth
2026-08-05T09:41:07.009,03197T,depth
2026-08-05T09:41:07.009,03194T,depth
2026-08-05T09:41:07.009,03196T,depth
2026-08-05T09:41:07.923,03197T,depth
2026-08-05T09:41:07.985,03196T,depth
2026-08-05T09:41:07.987,03195T,depth
2026-08-05T09:41:07.987,03194T,depth
2026-08-05T09:41:08.433,03195T,depth
2026-08-05T09:41:08.498,03196T,depth
2026-08-05T09:41:08.498,03194T,depth
2026-08-05T09:41:08.498,03197T,depth
2026-08-05T09:41:08.561,03197T,depth
2026-08-05T09:41:08.561,03196T,depth
2026-08-05T09:41:08.561,03195T,depth
2026-08-05T09:41:08.563,03194T,depth
2026-08-05T09:41:09.038,03195T,depth
2026-08-05T09:41:09.108,03197T,depth
2026-08-05T09:41:09.108,03196T,depth
2026-08-05T09:41:09.108,03194T,depth
2026-08-05T09:41:09.171,03197T,depth
2026-08-05T09:41:09.173,03196T,depth
2026-08-05T09:41:09.173,03046T,depth
2026-08-05T09:41:09.173,03195T,depth
2026-08-05T09:41:09.173,03194T,depth
2026-08-05T09:41:09.173,03011T,depth
2026-08-05T09:41:09.235,03077T,depth
2026-08-05T09:41:09.235,03182T,depth
2026-08-05T09:41:09.713,03196T,depth
2026-08-05T09:41:09.793,03194T,depth
2026-08-05T09:41:09.793,03197T,depth
2026-08-05T09:41:09.793,03195T,depth
2026-08-05T09:41:10.269,03046T,depth
2026-08-05T09:41:10.339,03011T,depth
2026-08-05T09:41:10.339,03182T,depth
2026-08-05T09:41:10.401,03077T,depth
2026-08-05T09:41:10.403,03195T,depth
2026-08-05T09:41:10.403,03194T,depth
2026-08-05T09:41:10.403,03197T,depth
2026-08-05T09:41:10.403,03196T,depth
2026-08-05T09:41:10.960,03197T,depth
2026-08-05T09:41:11.029,03195T,depth
2026-08-05T09:41:11.029,03196T,depth
2026-08-05T09:41:11.031,03194T,depth
2026-08-05T09:41:12.398,03197T,depth
2026-08-05T09:41:12.466,03196T,depth
2026-08-05T09:41:12.468,03195T,depth
2026-08-05T09:41:12.468,03194T,depth
2026-08-05T09:41:12.947,03197T,depth
2026-08-05T09:41:13.012,03196T,depth
2026-08-05T09:41:13.012,03195T,depth
2026-08-05T09:41:13.015,03194T,depth
2026-08-05T09:41:13.442,03195T,depth
2026-08-05T09:41:13.524,03194T,depth
2026-08-05T09:41:13.524,03197T,depth
2026-08-05T09:41:13.526,03196T,depth
2026-08-05T09:41:13.979,03194T,depth
2026-08-05T09:41:14.049,03196T,depth
2026-08-05T09:41:14.049,03195T,depth
2026-08-05T09:41:14.049,03197T,depth
2026-08-05T09:41:14.289,03197T,depth
2026-08-05T09:41:14.353,03196T,depth
2026-08-05T09:41:14.353,03195T,depth
2026-08-05T09:41:14.353,03194T,depth
2026-08-05T09:41:14.801,03195T,depth
2026-08-05T09:41:14.880,03197T,depth
2026-08-05T09:41:14.882,03194T,depth
2026-08-05T09:41:14.882,03196T,depth
2026-08-05T09:41:16.003,03197T,depth
2026-08-05T09:41:16.071,03196T,depth
2026-08-05T09:41:16.071,03194T,depth
2026-08-05T09:41:16.071,03195T,depth
2026-08-05T09:41:16.532,03197T,depth
2026-08-05T09:41:16.601,03195T,depth
2026-08-05T09:41:16.601,03196T,depth
2026-08-05T09:41:16.601,03194T,depth
2026-08-05T09:41:18.435,03196T,depth
2026-08-05T09:41:18.519,03197T,depth
2026-08-05T09:41:18.519,03195T,depth
2026-08-05T09:41:18.522,03194T,depth
2026-08-05T09:41:18.868,03046T,depth
2026-08-05T09:41:18.947,03011T,depth
2026-08-05T09:41:18.949,03077T,depth
2026-08-05T09:41:18.949,03182T,depth
2026-08-05T09:41:19.012,03197T,depth
2026-08-05T09:41:19.012,03195T,depth
2026-08-05T09:41:19.075,03194T,depth
2026-08-05T09:41:19.075,03196T,depth
2026-08-05T09:41:19.700,03046T,depth
2026-08-05T09:41:19.764,03077T,depth
2026-08-05T09:41:20.174,03182T,depth
2026-08-05T09:41:20.239,03011T,depth
2026-08-05T09:41:21.118,03195T,depth
2026-08-05T09:41:21.181,03194T,depth
2026-08-05T09:41:21.181,03197T,depth
2026-08-05T09:41:21.183,03196T,depth
2026-08-05T09:41:21.657,03197T,depth
2026-08-05T09:41:21.726,03196T,depth
2026-08-05T09:41:21.728,03195T,depth
2026-08-05T09:41:21.728,03194T,depth
2026-08-05T09:41:22.271,03011T,depth
2026-08-05T09:41:22.349,03046T,depth
2026-08-05T09:41:22.349,03182T,depth
2026-08-05T09:41:22.349,03077T,depth
2026-08-05T09:41:22.844,03046T,depth
2026-08-05T09:41:22.922,03077T,depth
2026-08-05T09:41:23.414,03011T,depth
2026-08-05T09:41:23.483,03182T,depth
2026-08-05T09:41:25.129,030573,depth
2026-08-05T09:41:26.117,03125T,depth
2026-08-05T09:41:26.186,03125T,depth
2026-08-05T09:41:26.637,03125T,depth
2026-08-05T09:41:26.706,03125T,depth
2026-08-05T09:41:27.304,03195T,depth
2026-08-05T09:41:27.372,03194T,depth
2026-08-05T09:41:27.373,03196T,depth
2026-08-05T09:41:27.374,03197T,depth
2026-08-05T09:41:27.374,03074T,match
2026-08-05T09:41:27.381,03074T,depth
2026-08-05T09:41:27.828,03197T,depth
2026-08-05T09:41:27.906,03195T,depth
2026-08-05T09:41:27.908,03196T,depth
2026-08-05T09:41:27.909,03194T,depth
2026-08-05T09:41:30.461,03196T,depth
2026-08-05T09:41:30.544,03197T,depth
2026-08-05T09:41:30.544,03195T,depth
2026-08-05T09:41:30.544,03194T,depth
2026-08-05T09:41:31.017,03197T,depth
2026-08-05T09:41:31.085,03195T,depth
2026-08-05T09:41:31.087,03196T,depth
2026-08-05T09:41:31.087,03194T,depth
2026-08-05T09:41:37.130,03011T,depth
2026-08-05T09:41:37.205,03046T,depth
2026-08-05T09:41:37.207,03077T,depth
2026-08-05T09:41:37.209,03182T,depth
2026-08-05T09:41:37.209,03074T,match
2026-08-05T09:41:37.209,03074T,depth
2026-08-05T09:41:37.991,03046T,depth
2026-08-05T09:41:38.055,03077T,depth
2026-08-05T09:41:38.536,03182T,depth
2026-08-05T09:41:38.644,03011T,depth
2026-08-05T09:41:38.805,03011T,depth
2026-08-05T09:41:38.874,03182T,depth
2026-08-05T09:41:38.875,03077T,depth
2026-08-05T09:41:38.875,03046T,depth
2026-08-05T09:41:39.484,03046T,depth
2026-08-05T09:41:39.564,03077T,depth
2026-08-05T09:41:40.155,03182T,depth
2026-08-05T09:41:40.220,03011T,depth
2026-08-05T09:41:40.299,03011T,depth
2026-08-05T09:41:40.377,03182T,depth
2026-08-05T09:41:40.379,03077T,depth
2026-08-05T09:41:40.379,03046T,depth
2026-08-05T09:41:41.253,03077T,depth
2026-08-05T09:41:41.322,03046T,depth
2026-08-05T09:41:41.721,03195T,depth
2026-08-05T09:41:41.780,03194T,depth
2026-08-05T09:41:41.787,03197T,depth
2026-08-05T09:41:41.789,03196T,depth
2026-08-05T09:41:41.789,03182T,depth
2026-08-05T09:41:41.849,03011T,depth
2026-08-05T09:41:42.239,03195T,depth
2026-08-05T09:41:42.315,03197T,depth
2026-08-05T09:41:42.315,03194T,depth
2026-08-05T09:41:42.315,03196T,depth
2026-08-05T09:41:42.482,03197T,depth
2026-08-05T09:41:42.552,03196T,depth
2026-08-05T09:41:42.552,03195T,depth
2026-08-05T09:41:42.552,03194T,depth
2026-08-05T09:41:42.998,03196T,depth
2026-08-05T09:41:43.062,03194T,depth
2026-08-05T09:41:43.062,03197T,depth
2026-08-05T09:41:43.066,03195T,depth
2026-08-05T09:41:45.840,03046T,depth
2026-08-05T09:41:45.918,03182T,depth
2026-08-05T09:41:45.918,03077T,depth
2026-08-05T09:41:45.918,03011T,depth
2026-08-05T09:41:45.918,03196T,depth
2026-08-05T09:41:45.918,03197T,depth
2026-08-05T09:41:45.918,03195T,depth
2026-08-05T09:41:45.918,03194T,depth
2026-08-05T09:41:46.388,03197T,depth
2026-08-05T09:41:46.459,03196T,depth
2026-08-05T09:41:46.461,03195T,depth
2026-08-05T09:41:46.461,03194T,depth
2026-08-05T09:41:46.628,03046T,depth
2026-08-05T09:41:46.712,03077T,depth
2026-08-05T09:41:47.205,03011T,depth
2026-08-05T09:41:47.290,03182T,depth
2026-08-05T09:41:48.057,03195T,depth
2026-08-05T09:41:48.137,03194T,depth
2026-08-05T09:41:48.137,03197T,depth
2026-08-05T09:41:48.137,03196T,depth
2026-08-05T09:41:48.328,03080T,depth
2026-08-05T09:41:48.392,03105T,depth
2026-08-05T09:41:48.601,03195T,depth
2026-08-05T09:41:48.681,03197T,depth
2026-08-05T09:41:48.681,03194T,depth
2026-08-05T09:41:48.686,03196T,depth
2026-08-05T09:41:48.983,03195T,depth
2026-08-05T09:41:49.047,03194T,depth
2026-08-05T09:41:49.047,03197T,depth
2026-08-05T09:41:49.047,03196T,depth
2026-08-05T09:41:49.047,03080T,depth
2026-08-05T09:41:49.270,03011T,depth
2026-08-05T09:41:49.350,03182T,depth
2026-08-05T09:41:49.350,03077T,depth
2026-08-05T09:41:49.350,03046T,depth
2026-08-05T09:41:49.511,03197T,depth
2026-08-05T09:41:49.575,03196T,depth
2026-08-05T09:41:49.575,03195T,depth
2026-08-05T09:41:49.575,03194T,depth
2026-08-05T09:41:49.913,03077T,depth
2026-08-05T09:41:49.991,03046T,depth
2026-08-05T09:41:50.053,03105T,depth
2026-08-05T09:41:50.119,03080T,depth
2026-08-05T09:41:50.119,03080T,depth
2026-08-05T09:41:50.629,03011T,depth
2026-08-05T09:41:50.717,03197T,depth
2026-08-05T09:41:50.719,03196T,depth
2026-08-05T09:41:50.720,03195T,depth
2026-08-05T09:41:50.720,03194T,depth
2026-08-05T09:41:50.720,03182T,depth
2026-08-05T09:41:51.180,03195T,depth
2026-08-05T09:41:51.248,03197T,depth
2026-08-05T09:41:51.248,03194T,depth
2026-08-05T09:41:51.252,03196T,depth
2026-08-05T09:41:51.698,03197T,depth
2026-08-05T09:41:51.772,03196T,depth
2026-08-05T09:41:51.774,03195T,depth
2026-08-05T09:41:51.774,03194T,depth
2026-08-05T09:41:52.227,03194T,depth
2026-08-05T09:41:52.296,03196T,depth
2026-08-05T09:41:52.296,03197T,depth
2026-08-05T09:41:52.299,03195T,depth
2026-08-05T09:41:53.222,03195T,depth
2026-08-05T09:41:53.301,03194T,depth
2026-08-05T09:41:53.301,03197T,depth
2026-08-05T09:41:53.301,03196T,depth
2026-08-05T09:41:53.744,03197T,depth
2026-08-05T09:41:53.814,03195T,depth
2026-08-05T09:41:53.814,03196T,depth
2026-08-05T09:41:53.814,03194T,depth
2026-08-05T09:41:54.518,03195T,depth
2026-08-05T09:41:54.604,03194T,depth
2026-08-05T09:41:54.604,03197T,depth
2026-08-05T09:41:54.604,03196T,depth
2026-08-05T09:41:55.035,03197T,depth
2026-08-05T09:41:55.112,03196T,depth
2026-08-05T09:41:55.112,03195T,depth
2026-08-05T09:41:55.112,03194T,depth
2026-08-05T09:41:56.471,03197T,depth
2026-08-05T09:41:56.559,03196T,depth
2026-08-05T09:41:56.559,03194T,depth
2026-08-05T09:41:56.561,03195T,depth
2026-08-05T09:41:56.938,03011T,depth
2026-08-05T09:41:57.016,03046T,depth
2026-08-05T09:41:57.016,03077T,depth
2026-08-05T09:41:57.016,03182T,depth
2026-08-05T09:41:57.080,03195T,depth
2026-08-05T09:41:57.082,03197T,depth
2026-08-05T09:41:57.240,03194T,depth
2026-08-05T09:41:57.240,03196T,depth
2026-08-05T09:41:57.714,03046T,depth
2026-08-05T09:41:57.783,03077T,depth
2026-08-05T09:41:57.864,03195T,depth
2026-08-05T09:41:57.926,03194T,depth
2026-08-05T09:41:57.926,03197T,depth
2026-08-05T09:41:57.926,03196T,depth
2026-08-05T09:41:58.256,03182T,depth
2026-08-05T09:41:58.388,03011T,depth
2026-08-05T09:41:58.455,03197T,depth
2026-08-05T09:41:58.455,03195T,depth
2026-08-05T09:41:58.534,03196T,depth
2026-08-05T09:41:58.615,03194T,depth
2026-08-05T09:41:59.217,03046T,depth
2026-08-05T09:41:59.295,03182T,depth
2026-08-05T09:41:59.296,03077T,depth
2026-08-05T09:41:59.296,03011T,depth
2026-08-05T09:41:59.831,03046T,depth
2026-08-05T09:41:59.915,03077T,depth
2026-08-05T09:42:00.059,03182T,depth
2026-08-05T09:42:00.133,03077T,depth
2026-08-05T09:42:00.133,03046T,depth
2026-08-05T09:42:00.133,03011T,depth
2026-08-05T09:42:00.963,03077T,depth
2026-08-05T09:42:01.043,03046T,depth
2026-08-05T09:42:01.477,03011T,depth
2026-08-05T09:42:01.556,03182T,depth
2026-08-05T09:42:01.556,03011T,depth
2026-08-05T09:42:01.556,03182T,depth
2026-08-05T09:42:01.889,03195T,depth
2026-08-05T09:42:01.968,03194T,depth
2026-08-05T09:42:01.968,03197T,depth
2026-08-05T09:42:01.968,03196T,depth
2026-08-05T09:42:02.416,03196T,depth
2026-08-05T09:42:02.495,03194T,depth
2026-08-05T09:42:02.495,03197T,depth
2026-08-05T09:42:02.497,03195T,depth
2026-08-05T09:42:02.825,03197T,depth
2026-08-05T09:42:02.893,03196T,depth
2026-08-05T09:42:02.893,03195T,depth
2026-08-05T09:42:02.893,03194T,depth
2026-08-05T09:42:03.354,03197T,depth
2026-08-05T09:42:03.424,03196T,depth
2026-08-05T09:42:03.424,03195T,depth
2026-08-05T09:42:03.424,03194T,depth
2026-08-05T09:42:04.217,03197T,depth
2026-08-05T09:42:04.286,03196T,depth
2026-08-05T09:42:04.286,03195T,depth
2026-08-05T09:42:04.286,03194T,depth
2026-08-05T09:42:04.750,03196T,depth
2026-08-05T09:42:04.811,03194T,depth
2026-08-05T09:42:04.811,03197T,depth
2026-08-05T09:42:04.811,03195T,depth
2026-08-05T09:42:05.069,03182T,depth
2026-08-05T09:42:05.134,03077T,depth
2026-08-05T09:42:05.134,03011T,depth
2026-08-05T09:42:05.134,03046T,depth
2026-08-05T09:42:05.841,03046T,depth
2026-08-05T09:42:05.916,03077T,depth
2026-08-05T09:42:06.375,03182T,depth
2026-08-05T09:42:06.445,03011T,depth
2026-08-05T09:42:06.527,03196T,depth
2026-08-05T09:42:06.603,03197T,depth
2026-08-05T09:42:06.605,03195T,depth
2026-08-05T09:42:06.605,03194T,depth
2026-08-05T09:42:07.088,03196T,depth
2026-08-05T09:42:07.150,03194T,depth
2026-08-05T09:42:07.152,03197T,depth
2026-08-05T09:42:07.152,03195T,depth
2026-08-05T09:42:07.642,03196T,depth
2026-08-05T09:42:07.711,03197T,depth
2026-08-05T09:42:07.711,03195T,depth
2026-08-05T09:42:07.711,03194T,depth
2026-08-05T09:42:07.711,03074T,depth
2026-08-05T09:42:08.075,03074T,depth
2026-08-05T09:42:08.160,03194T,depth
2026-08-05T09:42:08.225,03196T,depth
2026-08-05T09:42:08.225,03195T,depth
2026-08-05T09:42:08.229,03197T,depth
2026-08-05T09:42:10.825,03195T,depth
2026-08-05T09:42:10.895,03194T,depth
2026-08-05T09:42:10.895,03197T,depth
2026-08-05T09:42:10.895,03196T,depth
2026-08-05T09:42:11.359,03196T,depth
2026-08-05T09:42:11.421,03194T,depth
2026-08-05T09:42:11.423,03197T,depth
2026-08-05T09:42:11.423,03195T,depth
2026-08-05T09:42:12.521,03196T,depth
2026-08-05T09:42:12.587,03080T,depth
2026-08-05T09:42:12.589,03197T,depth
2026-08-05T09:42:12.589,03195T,depth
2026-08-05T09:42:12.589,03194T,depth
2026-08-05T09:42:12.589,03105T,depth
2026-08-05T09:42:12.763,03011T,depth
2026-08-05T09:42:12.843,03046T,depth
2026-08-05T09:42:12.843,03077T,depth
2026-08-05T09:42:12.845,03182T,depth
2026-08-05T09:42:13.051,03197T,depth
2026-08-05T09:42:13.130,03195T,depth
2026-08-05T09:42:13.130,03196T,depth
2026-08-05T09:42:13.130,03194T,depth
2026-08-05T09:42:13.339,03195T,depth
2026-08-05T09:42:13.404,03194T,depth
2026-08-05T09:42:13.404,03196T,depth
2026-08-05T09:42:13.404,03197T,depth
2026-08-05T09:42:13.529,03077T,depth
2026-08-05T09:42:13.595,03046T,depth
2026-08-05T09:42:13.868,03197T,depth
2026-08-05T09:42:13.931,03195T,depth
2026-08-05T09:42:13.933,03194T,depth
2026-08-05T09:42:13.933,03196T,depth
2026-08-05T09:42:14.076,03011T,depth
2026-08-05T09:42:14.188,03105T,depth
2026-08-05T09:42:14.253,03080T,depth
2026-08-05T09:42:14.318,03182T,depth
2026-08-05T09:42:14.519,03195T,depth
2026-08-05T09:42:14.583,03194T,depth
2026-08-05T09:42:14.583,03197T,depth
2026-08-05T09:42:14.594,03196T,depth
2026-08-05T09:42:15.037,03197T,depth
2026-08-05T09:42:15.100,03195T,depth
2026-08-05T09:42:15.100,03196T,depth
2026-08-05T09:42:15.100,03194T,depth
2026-08-05T09:42:15.178,03046T,depth
2026-08-05T09:42:15.178,03182T,depth
2026-08-05T09:42:15.178,03077T,depth
2026-08-05T09:42:15.180,03011T,depth
2026-08-05T09:42:15.728,03046T,depth
2026-08-05T09:42:15.804,03077T,depth
2026-08-05T09:42:16.140,03195T,depth
2026-08-05T09:42:16.218,03194T,depth
2026-08-05T09:42:16.218,03197T,depth
2026-08-05T09:42:16.218,03196T,depth
2026-08-05T09:42:16.282,03182T,depth
2026-08-05T09:42:16.427,03011T,depth
2026-08-05T09:42:16.693,03197T,depth
2026-08-05T09:42:16.756,03195T,depth
2026-08-05T09:42:16.756,03196T,depth
2026-08-05T09:42:16.756,03194T,depth
2026-08-05T09:42:17.578,03196T,depth
2026-08-05T09:42:17.656,03197T,depth
2026-08-05T09:42:17.656,03195T,depth
2026-08-05T09:42:17.656,03194T,depth
2026-08-05T09:42:18.114,03196T,depth
2026-08-05T09:42:18.181,03194T,depth
2026-08-05T09:42:18.245,03197T,depth
2026-08-05T09:42:18.245,03195T,depth
2026-08-05T09:42:18.558,03195T,depth
2026-08-05T09:42:18.626,03194T,depth
2026-08-05T09:42:18.626,03197T,depth
2026-08-05T09:42:18.638,03196T,depth
2026-08-05T09:42:19.091,03194T,depth
2026-08-05T09:42:19.169,03196T,depth
2026-08-05T09:42:19.169,03195T,depth
2026-08-05T09:42:19.502,03197T,depth
2026-08-05T09:42:20.158,03197T,depth
2026-08-05T09:42:20.226,03196T,depth
2026-08-05T09:42:20.226,03195T,depth
2026-08-05T09:42:20.226,03194T,depth
2026-08-05T09:42:20.687,03196T,depth
2026-08-05T09:42:20.754,03194T,depth
2026-08-05T09:42:20.756,03197T,depth
2026-08-05T09:42:20.756,03195T,depth
2026-08-05T09:42:21.042,03197T,depth
2026-08-05T09:42:21.123,03080T,depth
2026-08-05T09:42:21.123,03196T,depth
2026-08-05T09:42:21.123,03195T,depth
2026-08-05T09:42:21.123,03194T,depth
2026-08-05T09:42:21.123,03105T,depth
2026-08-05T09:42:21.612,03197T,depth
2026-08-05T09:42:21.682,03195T,depth
2026-08-05T09:42:21.682,03197T,depth
2026-08-05T09:42:21.682,03195T,depth
2026-08-05T09:42:21.745,03196T,depth
2026-08-05T09:42:21.747,03194T,depth
2026-08-05T09:42:22.188,03197T,depth
2026-08-05T09:42:22.257,03195T,depth
2026-08-05T09:42:22.724,03105T,depth
2026-08-05T09:42:22.802,03080T,depth
2026-08-05T09:42:27.287,03195T,depth
2026-08-05T09:42:27.366,03194T,depth
2026-08-05T09:42:27.369,03197T,depth
2026-08-05T09:42:27.369,03196T,depth
2026-08-05T09:42:27.543,03011T,depth
2026-08-05T09:42:27.622,03182T,depth
2026-08-05T09:42:27.622,03077T,depth
2026-08-05T09:42:27.622,03046T,depth
2026-08-05T09:42:27.815,03195T,depth
2026-08-05T09:42:27.894,03197T,depth
2026-08-05T09:42:27.896,03194T,depth
2026-08-05T09:42:27.896,03196T,depth
2026-08-05T09:42:28.088,03046T,depth
2026-08-05T09:42:28.167,03011T,depth
2026-08-05T09:42:28.167,03182T,depth
2026-08-05T09:42:28.167,03077T,depth
2026-08-05T09:42:28.936,03046T,depth
2026-08-05T09:42:29.015,03077T,depth
2026-08-05T09:42:29.015,03046T,depth
2026-08-05T09:42:29.015,03077T,depth
2026-08-05T09:42:29.503,03011T,depth
2026-08-05T09:42:29.572,03182T,depth
2026-08-05T09:42:29.572,03011T,depth
2026-08-05T09:42:29.572,03182T,depth
2026-08-05T09:42:30.590,03196T,depth
2026-08-05T09:42:30.654,03197T,depth
2026-08-05T09:42:30.654,03195T,depth
2026-08-05T09:42:30.654,03194T,depth
2026-08-05T09:42:31.122,03197T,depth
2026-08-05T09:42:31.202,03196T,depth
2026-08-05T09:42:31.202,03195T,depth
2026-08-05T09:42:31.202,03194T,depth
2026-08-05T09:42:33.111,03046T,depth
2026-08-05T09:42:33.196,03077T,depth
2026-08-05T09:42:33.196,03182T,depth
2026-08-05T09:42:33.196,03011T,depth
2026-08-05T09:42:33.917,03077T,depth
2026-08-05T09:42:33.979,03046T,depth
2026-08-05T09:42:34.478,03011T,depth
2026-08-05T09:42:34.558,03182T,depth
2026-08-05T09:42:34.558,03011T,depth
2026-08-05T09:42:34.562,03046T,depth
2026-08-05T09:42:34.562,03182T,depth
2026-08-05T09:42:34.562,03077T,depth
2026-08-05T09:42:35.569,03046T,depth
2026-08-05T09:42:35.646,03077T,depth
2026-08-05T09:42:36.137,03182T,depth
2026-08-05T09:42:36.205,03011T,depth
2026-08-05T09:42:36.352,03197T,depth
2026-08-05T09:42:36.430,03196T,depth
2026-08-05T09:42:36.430,03195T,depth
2026-08-05T09:42:36.430,03194T,depth
2026-08-05T09:42:36.896,03197T,depth
2026-08-05T09:42:36.973,03195T,depth
2026-08-05T09:42:36.973,03196T,depth
2026-08-05T09:42:36.973,03194T,depth
2026-08-05T09:42:37.772,03197T,depth
2026-08-05T09:42:37.852,03196T,depth
2026-08-05T09:42:37.852,03195T,depth
2026-08-05T09:42:37.852,03194T,depth
2026-08-05T09:42:38.331,03196T,depth
2026-08-05T09:42:38.404,03197T,depth
2026-08-05T09:42:38.411,03194T,depth
2026-08-05T09:42:38.411,03195T,depth
2026-08-05T09:42:40.051,03182T,depth
2026-08-05T09:42:40.121,03077T,depth
2026-08-05T09:42:40.121,03046T,depth
2026-08-05T09:42:40.121,03011T,depth
2026-08-05T09:42:41.069,03077T,depth
2026-08-05T09:42:41.140,03046T,depth
2026-08-05T09:42:41.479,03011T,depth
2026-08-05T09:42:41.661,03182T,depth
2026-08-05T09:42:42.127,03182T,depth
2026-08-05T09:42:42.191,03077T,depth
2026-08-05T09:42:42.191,03011T,depth
2026-08-05T09:42:42.191,03046T,depth
2026-08-05T09:42:42.607,03195T,depth
2026-08-05T09:42:42.684,03194T,depth
2026-08-05T09:42:42.684,03197T,depth
2026-08-05T09:42:42.684,03196T,depth
2026-08-05T09:42:42.813,03046T,depth
2026-08-05T09:42:42.901,03077T,depth
2026-08-05T09:42:43.130,03194T,depth
2026-08-05T09:42:43.209,03196T,depth
2026-08-05T09:42:43.209,03195T,depth
2026-08-05T09:42:43.209,03197T,depth
2026-08-05T09:42:43.337,03182T,depth
2026-08-05T09:42:43.401,03011T,depth
2026-08-05T09:42:43.624,03011T,depth
2026-08-05T09:42:43.704,03046T,depth
2026-08-05T09:42:43.704,03182T,depth
2026-08-05T09:42:43.704,03077T,depth
2026-08-05T09:42:44.375,03074T,match
2026-08-05T09:42:44.439,03074T,depth
2026-08-05T09:42:44.518,03046T,depth
2026-08-05T09:42:44.679,03077T,depth
2026-08-05T09:42:45.008,03011T,depth
2026-08-05T09:42:45.078,03182T,depth
2026-08-05T09:42:45.142,03011T,depth
2026-08-05T09:42:45.207,03046T,depth
2026-08-05T09:42:45.207,03182T,depth
2026-08-05T09:42:45.207,03077T,depth
2026-08-05T09:42:46.133,03077T,depth
2026-08-05T09:42:46.214,03046T,depth
2026-08-05T09:42:46.656,03182T,depth
2026-08-05T09:42:46.799,03011T,depth
2026-08-05T09:42:46.867,03011T,depth
2026-08-05T09:42:46.869,03046T,depth
2026-08-05T09:42:46.869,03182T,depth
2026-08-05T09:42:46.869,03077T,depth
2026-08-05T09:42:47.374,03196T,depth
2026-08-05T09:42:47.461,03197T,depth
2026-08-05T09:42:47.461,03195T,depth
2026-08-05T09:42:47.461,03194T,depth
2026-08-05T09:42:47.746,03046T,depth
2026-08-05T09:42:47.828,03077T,depth
2026-08-05T09:42:47.890,03195T,depth
2026-08-05T09:42:47.973,03196T,depth
2026-08-05T09:42:47.973,03194T,depth
2026-08-05T09:42:47.973,03197T,depth
2026-08-05T09:42:48.308,03011T,depth
2026-08-05T09:42:48.374,03182T,depth
2026-08-05T09:42:53.864,03011T,depth
2026-08-05T09:42:53.927,03182T,depth
2026-08-05T09:42:53.934,03077T,depth
2026-08-05T09:42:53.934,03046T,depth
2026-08-05T09:42:54.079,03195T,depth
2026-08-05T09:42:54.157,03194T,depth
2026-08-05T09:42:54.157,03011T,depth
2026-08-05T09:42:54.157,03182T,depth
2026-08-05T09:42:54.157,03077T,depth
2026-08-05T09:42:54.157,03197T,depth
2026-08-05T09:42:54.157,03196T,depth
2026-08-05T09:42:54.157,03046T,depth
2026-08-05T09:42:54.589,03194T,depth
2026-08-05T09:42:54.652,03196T,depth
2026-08-05T09:42:54.654,03196T,depth
2026-08-05T09:42:54.654,03194T,depth
2026-08-05T09:42:54.654,03195T,depth
2026-08-05T09:42:54.716,03197T,depth
2026-08-05T09:42:54.908,03077T,depth
2026-08-05T09:42:54.988,03046T,depth
2026-08-05T09:42:54.990,03077T,depth
2026-08-05T09:42:54.990,03046T,depth
2026-08-05T09:42:55.148,03194T,depth
2026-08-05T09:42:55.227,03196T,depth
2026-08-05T09:42:55.501,03182T,depth
2026-08-05T09:42:55.579,03182T,depth
2026-08-05T09:42:55.644,03011T,depth
2026-08-05T09:42:55.644,03011T,depth
2026-08-05T09:42:57.357,03182T,depth
2026-08-05T09:42:57.428,03077T,depth
2026-08-05T09:42:57.428,03011T,depth
2026-08-05T09:42:57.428,03046T,depth
2026-08-05T09:42:58.204,03046T,depth
2026-08-05T09:42:58.273,03077T,depth
2026-08-05T09:42:58.687,03197T,depth
2026-08-05T09:42:58.765,03080T,depth
2026-08-05T09:42:58.767,03196T,depth
2026-08-05T09:42:58.767,03195T,depth
2026-08-05T09:42:58.767,03194T,depth
2026-08-05T09:42:58.767,03105T,depth
2026-08-05T09:42:58.767,03182T,depth
2026-08-05T09:42:58.828,03011T,depth
2026-08-05T09:42:59.241,03195T,depth
2026-08-05T09:42:59.310,03197T,depth
2026-08-05T09:42:59.310,03194T,depth
2026-08-05T09:42:59.310,03196T,depth
2026-08-05T09:43:00.345,03105T,depth
2026-08-05T09:43:00.417,03080T,depth
2026-08-05T09:43:01.803,03011T,depth
2026-08-05T09:43:01.888,03182T,depth
2026-08-05T09:43:01.890,03077T,depth
2026-08-05T09:43:01.891,03046T,depth
2026-08-05T09:43:02.321,03196T,depth
2026-08-05T09:43:02.385,03197T,depth
2026-08-05T09:43:02.385,03195T,depth
2026-08-05T09:43:02.389,03194T,depth
2026-08-05T09:43:02.576,03046T,depth
2026-08-05T09:43:02.643,03077T,depth
2026-08-05T09:43:02.826,03196T,depth
2026-08-05T09:43:02.897,03194T,depth
2026-08-05T09:43:02.897,03197T,depth
2026-08-05T09:43:02.899,03195T,depth
2026-08-05T09:43:03.111,03182T,depth
2026-08-05T09:43:03.183,03011T,depth
2026-08-05T09:43:03.391,03196T,depth
2026-08-05T09:43:03.471,03197T,depth
2026-08-05T09:43:03.471,03194T,depth
2026-08-05T09:43:03.471,03195T,depth
2026-08-05T09:43:03.630,03046T,depth
2026-08-05T09:43:03.693,03182T,depth
2026-08-05T09:43:03.693,03077T,depth
2026-08-05T09:43:03.693,03011T,depth
2026-08-05T09:43:03.913,03197T,depth
2026-08-05T09:43:03.977,03195T,depth
2026-08-05T09:43:03.979,03194T,depth
2026-08-05T09:43:03.979,03196T,depth
2026-08-05T09:43:04.217,03046T,depth
2026-08-05T09:43:04.285,03077T,depth
2026-08-05T09:43:04.788,03011T,depth
2026-08-05T09:43:04.874,03182T,depth
2026-08-05T09:43:05.234,030573,depth
2026-08-05T09:43:06.067,03195T,depth
2026-08-05T09:43:06.131,03194T,depth
2026-08-05T09:43:06.133,03197T,depth
2026-08-05T09:43:06.133,03196T,depth
2026-08-05T09:43:06.388,03077T,depth
2026-08-05T09:43:06.452,03182T,depth
2026-08-05T09:43:06.452,03011T,depth
2026-08-05T09:43:06.452,03046T,depth
2026-08-05T09:43:06.610,03194T,depth
2026-08-05T09:43:06.675,03196T,depth
2026-08-05T09:43:06.675,03195T,depth
2026-08-05T09:43:06.675,03197T,depth
2026-08-05T09:43:06.675,03195T,depth
2026-08-05T09:43:06.675,03194T,depth
2026-08-05T09:43:06.675,03197T,depth
2026-08-05T09:43:06.675,03196T,depth
2026-08-05T09:43:07.045,03046T,depth
2026-08-05T09:43:07.123,03077T,depth
2026-08-05T09:43:07.202,03011T,depth
2026-08-05T09:43:07.266,03195T,depth
2026-08-05T09:43:07.268,03194T,depth
2026-08-05T09:43:07.268,03046T,depth
2026-08-05T09:43:07.268,03197T,depth
2026-08-05T09:43:07.268,03196T,depth
2026-08-05T09:43:07.268,03182T,depth
2026-08-05T09:43:07.268,03077T,depth
2026-08-05T09:43:07.568,03195T,depth
2026-08-05T09:43:07.646,03194T,depth
2026-08-05T09:43:07.646,03197T,depth
2026-08-05T09:43:07.646,03196T,depth
2026-08-05T09:43:08.065,03077T,depth
2026-08-05T09:43:08.129,03046T,depth
2026-08-05T09:43:08.129,03196T,depth
2026-08-05T09:43:08.129,03194T,depth
2026-08-05T09:43:08.129,03195T,depth
2026-08-05T09:43:08.129,03197T,depth
2026-08-05T09:43:08.565,03196T,depth
2026-08-05T09:43:08.642,03197T,depth
2026-08-05T09:43:08.642,03195T,depth
2026-08-05T09:43:08.642,03194T,depth
2026-08-05T09:43:08.642,03182T,depth
2026-08-05T09:43:08.642,03011T,depth
2026-08-05T09:43:08.642,03182T,depth
2026-08-05T09:43:08.722,03011T,depth
2026-08-05T09:43:09.122,03197T,depth
2026-08-05T09:43:09.201,03195T,depth
2026-08-05T09:43:09.203,03194T,depth
2026-08-05T09:43:09.203,03196T,depth
2026-08-05T09:43:10.856,03197T,depth
2026-08-05T09:43:10.940,03196T,depth
2026-08-05T09:43:10.940,03195T,depth
2026-08-05T09:43:10.942,03194T,depth
2026-08-05T09:43:11.389,03196T,depth
2026-08-05T09:43:11.454,03194T,depth
2026-08-05T09:43:11.454,03195T,depth
2026-08-05T09:43:11.454,03197T,depth
2026-08-05T09:43:12.309,03046T,depth
2026-08-05T09:43:12.393,03011T,depth
2026-08-05T09:43:12.393,03182T,depth
2026-08-05T09:43:12.395,03077T,depth
2026-08-05T09:43:12.980,03077T,depth
2026-08-05T09:43:13.048,03046T,depth
2026-08-05T09:43:13.663,03182T,depth
2026-08-05T09:43:13.743,03011T,depth
2026-08-05T09:43:13.903,03195T,depth
2026-08-05T09:43:13.980,03194T,depth
2026-08-05T09:43:13.980,03196T,depth
2026-08-05T09:43:13.980,03197T,depth
2026-08-05T09:43:14.439,03195T,depth
2026-08-05T09:43:14.508,03197T,depth
2026-08-05T09:43:14.510,03194T,depth
2026-08-05T09:43:14.510,03196T,depth
2026-08-05T09:43:14.732,03195T,depth
2026-08-05T09:43:14.796,03194T,depth
2026-08-05T09:43:14.798,03197T,depth
2026-08-05T09:43:14.798,03196T,depth
2026-08-05T09:43:14.798,03074T,depth
2026-08-05T09:43:14.798,03074T,depth
2026-08-05T09:43:15.260,03194T,depth
2026-08-05T09:43:15.325,03196T,depth
2026-08-05T09:43:15.391,03195T,depth
2026-08-05T09:43:15.391,03197T,depth
2026-08-05T09:43:18.684,03195T,depth
2026-08-05T09:43:18.759,03194T,depth
2026-08-05T09:43:18.759,03196T,depth
2026-08-05T09:43:18.761,03197T,depth
2026-08-05T09:43:18.966,03080T,depth
2026-08-05T09:43:19.046,03105T,depth
2026-08-05T09:43:19.202,03194T,depth
2026-08-05T09:43:19.271,03196T,depth
2026-08-05T09:43:19.271,03195T,depth
2026-08-05T09:43:19.271,03197T,depth
2026-08-05T09:43:19.929,03195T,depth
2026-08-05T09:43:20.008,03194T,depth
2026-08-05T09:43:20.008,03197T,depth
2026-08-05T09:43:20.008,03196T,depth
2026-08-05T09:43:20.457,03195T,depth
2026-08-05T09:43:20.537,03194T,depth
2026-08-05T09:43:20.537,03197T,depth
2026-08-05T09:43:20.537,03196T,depth
2026-08-05T09:43:20.632,03105T,depth
2026-08-05T09:43:20.695,03080T,depth
2026-08-05T09:43:20.788,03011T,depth
2026-08-05T09:43:20.856,03046T,depth
2026-08-05T09:43:20.856,03182T,depth
2026-08-05T09:43:20.856,03077T,depth
2026-08-05T09:43:21.077,03195T,depth
2026-08-05T09:43:21.143,03194T,depth
2026-08-05T09:43:21.143,03197T,depth
2026-08-05T09:43:21.143,03196T,depth
2026-08-05T09:43:21.574,03195T,depth
2026-08-05T09:43:21.635,03197T,depth
2026-08-05T09:43:21.703,03194T,depth
2026-08-05T09:43:21.705,03196T,depth
2026-08-05T09:43:21.844,03046T,depth
2026-08-05T09:43:21.911,03077T,depth
2026-08-05T09:43:21.998,03196T,depth
2026-08-05T09:43:22.071,03197T,depth
2026-08-05T09:43:22.071,03194T,depth
2026-08-05T09:43:22.071,03195T,depth
2026-08-05T09:43:22.371,03011T,depth
2026-08-05T09:43:22.456,03182T,depth
2026-08-05T09:43:22.531,03195T,depth
2026-08-05T09:43:22.599,03197T,depth
2026-08-05T09:43:22.599,03194T,depth
2026-08-05T09:43:22.599,03196T,depth
2026-08-05T09:43:22.809,03195T,depth
2026-08-05T09:43:22.874,03194T,depth
2026-08-05T09:43:22.874,03197T,depth
2026-08-05T09:43:22.874,03196T,depth
2026-08-05T09:43:23.336,03197T,depth
2026-08-05T09:43:23.400,03195T,depth
2026-08-05T09:43:23.400,03196T,depth
2026-08-05T09:43:23.400,03194T,depth
2026-08-05T09:43:25.945,03197T,depth
2026-08-05T09:43:26.024,03196T,depth
2026-08-05T09:43:26.025,03195T,depth
2026-08-05T09:43:26.025,03194T,depth
2026-08-05T09:43:26.470,03197T,depth
2026-08-05T09:43:26.548,03195T,depth
2026-08-05T09:43:26.548,03196T,depth
2026-08-05T09:43:26.548,03194T,depth
2026-08-05T09:43:28.775,03195T,depth
2026-08-05T09:43:28.847,03194T,depth
2026-08-05T09:43:28.847,03196T,depth
2026-08-05T09:43:28.847,03197T,depth
2026-08-05T09:43:29.285,03197T,depth
2026-08-05T09:43:29.358,03194T,depth
2026-08-05T09:43:29.360,03195T,depth
2026-08-05T09:43:29.360,03196T,depth
2026-08-05T09:43:30.465,03195T,depth
2026-08-05T09:43:30.544,03194T,depth
2026-08-05T09:43:30.544,03197T,depth
2026-08-05T09:43:30.544,03196T,depth
2026-08-05T09:43:31.025,03195T,depth
2026-08-05T09:43:31.087,03197T,depth
2026-08-05T09:43:31.147,03195T,depth
2026-08-05T09:43:31.147,03194T,depth
2026-08-05T09:43:31.147,03197T,depth
2026-08-05T09:43:31.147,03196T,depth
2026-08-05T09:43:31.641,03195T,depth
2026-08-05T09:43:31.710,03197T,depth
2026-08-05T09:43:32.082,03195T,depth
2026-08-05T09:43:32.156,03194T,depth
2026-08-05T09:43:32.156,03105T,depth
2026-08-05T09:43:32.158,03197T,depth
2026-08-05T09:43:32.158,03080T,depth
2026-08-05T09:43:32.158,03196T,depth
2026-08-05T09:43:32.219,03182T,depth
2026-08-05T09:43:32.219,03077T,depth
2026-08-05T09:43:32.222,03046T,depth
2026-08-05T09:43:32.222,03011T,depth
2026-08-05T09:43:32.603,03194T,depth
2026-08-05T09:43:32.681,03196T,depth
2026-08-05T09:43:32.681,03195T,depth
2026-08-05T09:43:32.684,03197T,depth
2026-08-05T09:43:32.782,03046T,depth
2026-08-05T09:43:32.856,03077T,depth
2026-08-05T09:43:33.065,03195T,depth
2026-08-05T09:43:33.144,03194T,depth
2026-08-05T09:43:33.144,03197T,depth
2026-08-05T09:43:33.144,03196T,depth
2026-08-05T09:43:33.319,03182T,depth
2026-08-05T09:43:33.400,03011T,depth
2026-08-05T09:43:33.608,03194T,depth
2026-08-05T09:43:33.670,03196T,depth
2026-08-05T09:43:33.672,03195T,depth
2026-08-05T09:43:33.674,03197T,depth
2026-08-05T09:43:33.735,03105T,depth
2026-08-05T09:43:33.801,03080T,depth
2026-08-05T09:43:35.175,03195T,depth
2026-08-05T09:43:35.240,03194T,depth
2026-08-05T09:43:35.240,03197T,depth
2026-08-05T09:43:35.240,03196T,depth
2026-08-05T09:43:35.682,03195T,depth
2026-08-05T09:43:35.751,03197T,depth
2026-08-05T09:43:35.753,03194T,depth
2026-08-05T09:43:35.753,03196T,depth
2026-08-05T09:43:40.084,030573,depth
2026-08-05T09:43:41.724,03195T,depth
2026-08-05T09:43:41.792,03194T,depth
2026-08-05T09:43:41.792,03196T,depth
2026-08-05T09:43:41.792,03197T,depth
2026-08-05T09:43:42.270,03197T,depth
2026-08-05T09:43:42.328,03195T,depth
2026-08-05T09:43:42.328,03194T,depth
2026-08-05T09:43:42.328,03196T,depth
2026-08-05T09:43:42.638,03195T,depth
2026-08-05T09:43:42.718,03194T,depth
2026-08-05T09:43:42.718,03196T,depth
2026-08-05T09:43:42.718,03197T,depth
2026-08-05T09:43:43.182,03195T,depth
2026-08-05T09:43:43.262,03197T,depth
2026-08-05T09:43:43.326,03194T,depth
2026-08-05T09:43:43.326,03196T,depth
2026-08-05T09:43:43.661,03195T,depth
2026-08-05T09:43:43.743,03194T,depth
2026-08-05T09:43:43.743,03105T,depth
2026-08-05T09:43:43.743,03196T,depth
2026-08-05T09:43:43.743,03197T,depth
2026-08-05T09:43:43.743,03080T,depth
2026-08-05T09:43:44.153,03197T,depth
2026-08-05T09:43:44.237,03011T,depth
2026-08-05T09:43:44.239,03195T,depth
2026-08-05T09:43:44.239,03194T,depth
2026-08-05T09:43:44.239,03046T,depth
2026-08-05T09:43:44.239,03182T,depth
2026-08-05T09:43:44.239,03077T,depth
2026-08-05T09:43:44.239,03196T,depth
2026-08-05T09:43:44.300,03011T,depth
2026-08-05T09:43:44.300,03077T,depth
2026-08-05T09:43:44.300,03182T,depth
2026-08-05T09:43:44.300,03046T,depth
2026-08-05T09:43:44.876,03077T,depth
2026-08-05T09:43:44.940,03077T,depth
2026-08-05T09:43:45.021,03046T,depth
2026-08-05T09:43:45.100,03046T,depth
2026-08-05T09:43:45.159,03195T,depth
2026-08-05T09:43:45.166,03194T,depth
2026-08-05T09:43:45.166,03197T,depth
2026-08-05T09:43:45.168,03196T,depth
2026-08-05T09:43:45.320,03105T,depth
2026-08-05T09:43:45.388,03080T,depth
2026-08-05T09:43:45.453,03182T,depth
2026-08-05T09:43:45.515,03011T,depth
2026-08-05T09:43:45.515,03182T,depth
2026-08-05T09:43:45.515,03011T,depth
2026-08-05T09:43:45.693,03194T,depth
2026-08-05T09:43:45.773,03195T,depth
2026-08-05T09:43:45.775,03196T,depth
2026-08-05T09:43:45.775,03197T,depth
2026-08-05T09:43:48.876,03195T,depth
2026-08-05T09:43:48.938,03194T,depth
2026-08-05T09:43:48.938,03196T,depth
2026-08-05T09:43:48.938,03197T,depth
2026-08-05T09:43:49.416,03194T,depth
2026-08-05T09:43:49.494,03196T,depth
2026-08-05T09:43:49.496,03195T,depth
2026-08-05T09:43:49.497,03197T,depth
2026-08-05T09:43:49.716,03195T,depth
2026-08-05T09:43:49.774,03194T,depth
2026-08-05T09:43:49.779,03196T,depth
2026-08-05T09:43:49.779,03197T,depth
2026-08-05T09:43:50.261,03197T,depth
2026-08-05T09:43:50.341,03195T,depth
2026-08-05T09:43:50.341,03194T,depth
2026-08-05T09:43:50.341,03196T,depth
2026-08-05T09:43:52.427,03197T,depth
2026-08-05T09:43:52.496,03080T,depth
2026-08-05T09:43:52.496,03196T,depth
2026-08-05T09:43:52.496,03195T,depth
2026-08-05T09:43:52.496,03194T,depth
2026-08-05T09:43:52.496,03105T,depth
2026-08-05T09:43:52.860,03182T,depth
2026-08-05T09:43:52.927,03077T,depth
2026-08-05T09:43:52.927,03046T,depth
2026-08-05T09:43:52.927,03011T,depth
2026-08-05T09:43:52.993,03197T,depth
2026-08-05T09:43:52.993,03195T,depth
2026-08-05T09:43:52.995,03196T,depth
2026-08-05T09:43:52.995,03194T,depth
2026-08-05T09:43:53.056,03046T,depth
2026-08-05T09:43:53.056,03182T,depth
2026-08-05T09:43:53.056,03077T,depth
2026-08-05T09:43:53.056,03011T,depth
2026-08-05T09:43:53.121,03011T,depth
2026-08-05T09:43:53.199,03046T,depth
2026-08-05T09:43:53.199,03182T,depth
2026-08-05T09:43:53.199,03077T,depth
2026-08-05T09:43:53.745,03194T,depth
2026-08-05T09:43:53.807,03195T,depth
2026-08-05T09:43:53.809,03197T,depth
2026-08-05T09:43:53.809,03196T,depth
2026-08-05T09:43:54.086,03046T,depth
2026-08-05T09:43:54.157,03077T,depth
2026-08-05T09:43:54.157,03046T,depth
2026-08-05T09:43:54.157,03105T,depth
2026-08-05T09:43:54.157,03077T,depth
2026-08-05T09:43:54.157,03080T,depth
2026-08-05T09:43:54.219,03077T,depth
2026-08-05T09:43:54.221,03182T,depth
2026-08-05T09:43:54.221,03182T,depth
2026-08-05T09:43:54.286,03011T,depth
2026-08-05T09:43:54.286,03182T,depth
2026-08-05T09:43:54.286,03011T,depth
2026-08-05T09:43:54.286,03195T,depth
2026-08-05T09:43:54.286,03194T,depth
2026-08-05T09:43:54.286,03197T,depth
2026-08-05T09:43:54.286,03196T,depth
2026-08-05T09:43:54.347,03011T,depth
2026-08-05T09:43:54.877,03011T,depth
2026-08-05T09:43:54.939,03046T,depth
2026-08-05T09:43:54.939,03182T,depth
2026-08-05T09:43:54.939,03077T,depth
2026-08-05T09:43:55.002,03011T,depth
2026-08-05T09:43:55.004,03182T,depth
2026-08-05T09:43:55.004,03077T,depth
2026-08-05T09:43:55.062,03046T,depth
2026-08-05T09:43:55.853,03046T,depth
2026-08-05T09:43:55.933,03077T,depth
2026-08-05T09:43:55.933,03077T,depth
2026-08-05T09:43:55.933,03046T,depth
2026-08-05T09:43:56.387,03182T,depth
2026-08-05T09:43:56.460,03011T,depth
2026-08-05T09:43:56.460,03182T,depth
2026-08-05T09:43:56.460,03011T,depth
2026-08-05T09:43:56.590,03195T,depth
2026-08-05T09:43:56.655,03194T,depth
2026-08-05T09:43:56.655,03196T,depth
2026-08-05T09:43:56.655,03197T,depth
2026-08-05T09:43:57.091,03195T,depth
2026-08-05T09:43:57.166,03194T,depth
2026-08-05T09:43:57.166,03196T,depth
2026-08-05T09:43:57.166,03197T,depth
2026-08-05T09:43:59.630,03195T,depth
2026-08-05T09:43:59.694,03194T,depth
2026-08-05T09:43:59.696,03197T,depth
2026-08-05T09:43:59.696,03196T,depth
2026-08-05T09:44:00.157,03194T,depth
2026-08-05T09:44:00.222,03196T,depth
2026-08-05T09:44:00.222,03195T,depth
2026-08-05T09:44:00.222,03197T,depth
2026-08-05T09:44:01.304,03195T,depth
2026-08-05T09:44:01.387,03194T,depth
2026-08-05T09:44:01.389,03105T,depth
2026-08-05T09:44:01.389,03197T,depth
2026-08-05T09:44:01.389,03080T,depth
2026-08-05T09:44:01.389,03196T,depth
2026-08-05T09:44:01.820,03197T,depth
2026-08-05T09:44:01.899,03194T,depth
2026-08-05T09:44:01.899,03196T,depth
2026-08-05T09:44:01.899,03195T,depth
2026-08-05T09:44:02.965,03105T,depth
2026-08-05T09:44:03.034,03080T,depth
2026-08-05T09:44:05.332,03069T,depth
2026-08-05T09:44:05.639,03077T,depth
2026-08-05T09:44:05.702,03182T,depth
2026-08-05T09:44:05.705,03046T,depth
2026-08-05T09:44:05.705,03011T,depth
2026-08-05T09:44:05.705,03195T,depth
2026-08-05T09:44:05.705,03194T,depth
2026-08-05T09:44:05.705,03105T,depth
2026-08-05T09:44:05.705,03197T,depth
2026-08-05T09:44:05.705,03080T,depth
2026-08-05T09:44:05.705,03196T,depth
2026-08-05T09:44:06.169,03194T,depth
2026-08-05T09:44:06.232,03196T,depth
2026-08-05T09:44:06.232,03195T,depth
2026-08-05T09:44:06.232,03197T,depth
2026-08-05T09:44:06.296,03077T,depth
2026-08-05T09:44:06.361,03046T,depth
2026-08-05T09:44:06.823,03182T,depth
2026-08-05T09:44:06.900,03011T,depth
2026-08-05T09:44:07.320,03105T,depth
2026-08-05T09:44:07.380,03080T,depth
2026-08-05T09:44:08.139,03195T,depth
2026-08-05T09:44:08.218,03194T,depth
2026-08-05T09:44:08.220,03197T,depth
2026-08-05T09:44:08.220,03196T,depth
2026-08-05T09:44:08.698,03194T,depth
2026-08-05T09:44:08.762,03196T,depth
2026-08-05T09:44:08.762,03197T,depth
2026-08-05T09:44:08.762,03195T,depth
2026-08-05T09:44:08.908,03011T,depth
2026-08-05T09:44:08.971,03046T,depth
2026-08-05T09:44:08.971,03182T,depth
2026-08-05T09:44:08.971,03077T,depth
2026-08-05T09:44:09.518,03046T,depth
2026-08-05T09:44:09.594,03077T,depth
2026-08-05T09:44:10.081,03011T,depth
2026-08-05T09:44:10.155,03182T,depth
2026-08-05T09:44:10.247,03195T,depth
2026-08-05T09:44:10.317,03194T,depth
2026-08-05T09:44:10.317,03196T,depth
2026-08-05T09:44:10.317,03197T,depth
2026-08-05T09:44:10.759,03195T,depth
2026-08-05T09:44:10.829,03197T,depth
2026-08-05T09:44:10.829,03194T,depth
2026-08-05T09:44:10.829,03196T,depth
2026-08-05T09:44:11.214,03195T,depth
2026-08-05T09:44:11.293,03194T,depth
2026-08-05T09:44:11.295,03196T,depth
2026-08-05T09:44:11.295,03197T,depth
2026-08-05T09:44:11.737,03194T,depth
2026-08-05T09:44:11.817,03196T,depth
2026-08-05T09:44:11.817,03195T,depth
2026-08-05T09:44:11.820,03197T,depth
2026-08-05T09:44:12.388,03194T,match
2026-08-05T09:44:12.459,03194T,depth
2026-08-05T09:44:13.274,03195T,depth
2026-08-05T09:44:13.341,03194T,depth
2026-08-05T09:44:13.341,03196T,depth
2026-08-05T09:44:13.341,03197T,depth
2026-08-05T09:44:13.773,03195T,depth
2026-08-05T09:44:13.851,03197T,depth
2026-08-05T09:44:13.851,03194T,depth
2026-08-05T09:44:13.853,03196T,depth
2026-08-05T09:44:15.129,03011T,depth
2026-08-05T09:44:15.194,03046T,depth
2026-08-05T09:44:15.194,03182T,depth
2026-08-05T09:44:15.194,03077T,depth
2026-08-05T09:44:16.141,03077T,depth
2026-08-05T09:44:16.218,03046T,depth
2026-08-05T09:44:16.700,03182T,depth
2026-08-05T09:44:16.790,03011T,depth
2026-08-05T09:44:17.782,03195T,depth
2026-08-05T09:44:17.851,03194T,depth
2026-08-05T09:44:17.853,03197T,depth
2026-08-05T09:44:17.853,03196T,depth
2026-08-05T09:44:18.315,03196T,depth
2026-08-05T09:44:18.381,03194T,depth
2026-08-05T09:44:18.381,03195T,depth
2026-08-05T09:44:18.381,03197T,depth
2026-08-05T09:44:20.670,03197T,depth
2026-08-05T09:44:20.751,03196T,depth
2026-08-05T09:44:20.751,03195T,depth
2026-08-05T09:44:20.751,03194T,depth
2026-08-05T09:44:21.129,03046T,depth
2026-08-05T09:44:21.198,03011T,depth
2026-08-05T09:44:21.198,03182T,depth
2026-08-05T09:44:21.198,03077T,depth
2026-08-05T09:44:21.198,03197T,depth
2026-08-05T09:44:21.198,03196T,depth
2026-08-05T09:44:21.262,03195T,depth
2026-08-05T09:44:21.262,03194T,depth
2026-08-05T09:44:21.404,03196T,depth
2026-08-05T09:44:21.470,03197T,depth
2026-08-05T09:44:21.480,03194T,depth
2026-08-05T09:44:21.481,03195T,depth
2026-08-05T09:44:21.927,03197T,depth
2026-08-05T09:44:21.990,03195T,depth
2026-08-05T09:44:21.992,03196T,depth
2026-08-05T09:44:21.994,03194T,depth
2026-08-05T09:44:22.207,03046T,depth
2026-08-05T09:44:22.276,03011T,depth
2026-08-05T09:44:22.276,03077T,depth
2026-08-05T09:44:22.276,03182T,depth
2026-08-05T09:44:22.278,03077T,depth
2026-08-05T09:44:22.406,03197T,depth
2026-08-05T09:44:22.479,03196T,depth
2026-08-05T09:44:22.481,03195T,depth
2026-08-05T09:44:22.481,03194T,depth
2026-08-05T09:44:22.916,03195T,depth
2026-08-05T09:44:22.977,03197T,depth
2026-08-05T09:44:22.977,03194T,depth
2026-08-05T09:44:22.977,03196T,depth
2026-08-05T09:44:23.235,03077T,depth
2026-08-05T09:44:23.807,03011T,depth
2026-08-05T09:44:23.876,03011T,depth
2026-08-05T09:44:23.876,03182T,depth
2026-08-05T09:44:23.939,03182T,depth
2026-08-05T09:44:24.272,030573,depth
2026-08-05T09:44:25.441,03195T,depth
2026-08-05T09:44:25.509,03194T,depth
2026-08-05T09:44:25.509,03197T,depth
2026-08-05T09:44:25.511,03196T,depth
2026-08-05T09:44:25.988,03197T,depth
2026-08-05T09:44:26.056,03195T,depth
2026-08-05T09:44:26.056,03194T,depth
2026-08-05T09:44:26.056,03196T,depth
2026-08-05T09:44:26.158,03197T,depth
2026-08-05T09:44:26.227,03196T,depth
2026-08-05T09:44:26.229,03195T,depth
2026-08-05T09:44:26.229,03194T,depth
2026-08-05T09:44:26.690,03196T,depth
2026-08-05T09:44:26.757,03194T,depth
2026-08-05T09:44:26.757,03197T,depth
2026-08-05T09:44:26.757,03195T,depth
2026-08-05T09:44:26.821,03197T,depth
2026-08-05T09:44:26.821,03196T,depth
2026-08-05T09:44:26.821,03195T,depth
2026-08-05T09:44:26.821,03194T,depth
2026-08-05T09:44:27.295,03196T,depth
2026-08-05T09:44:27.360,03194T,depth
2026-08-05T09:44:27.360,03196T,depth
2026-08-05T09:44:27.360,03197T,depth
2026-08-05T09:44:27.360,03194T,depth
2026-08-05T09:44:27.360,03195T,depth
2026-08-05T09:44:27.860,03196T,depth
2026-08-05T09:44:27.933,03194T,depth
2026-08-05T09:44:28.870,03046T,depth
2026-08-05T09:44:28.934,03011T,depth
2026-08-05T09:44:28.934,03182T,depth
2026-08-05T09:44:28.934,03077T,depth
2026-08-05T09:44:29.055,030573,depth
2026-08-05T09:44:29.766,03077T,depth
2026-08-05T09:44:29.827,03046T,depth
2026-08-05T09:44:29.827,03197T,depth
2026-08-05T09:44:29.827,03196T,depth
2026-08-05T09:44:29.827,03195T,depth
2026-08-05T09:44:29.827,03194T,depth
2026-08-05T09:44:30.309,03011T,depth
2026-08-05T09:44:30.390,03182T,depth
2026-08-05T09:44:30.390,03196T,depth
2026-08-05T09:44:30.390,03197T,depth
2026-08-05T09:44:30.390,03195T,depth
2026-08-05T09:44:30.390,03194T,depth
2026-08-05T09:44:30.516,03197T,depth
2026-08-05T09:44:30.591,03196T,depth
2026-08-05T09:44:30.591,03195T,depth
2026-08-05T09:44:30.591,03194T,depth
2026-08-05T09:44:31.076,03195T,depth
2026-08-05T09:44:31.139,03197T,depth
2026-08-05T09:44:31.141,03196T,depth
2026-08-05T09:44:31.141,03194T,depth
2026-08-05T09:44:32.925,030573,depth
2026-08-05T09:44:33.087,03197T,depth
2026-08-05T09:44:33.167,03196T,depth
2026-08-05T09:44:33.167,03195T,depth
2026-08-05T09:44:33.167,03194T,depth
2026-08-05T09:44:33.616,03195T,depth
2026-08-05T09:44:33.681,03197T,depth
2026-08-05T09:44:33.681,03194T,depth
2026-08-05T09:44:33.681,03196T,depth
2026-08-05T09:44:34.012,03195T,depth
2026-08-05T09:44:34.082,03194T,depth
2026-08-05T09:44:34.082,03197T,depth
2026-08-05T09:44:34.082,03196T,depth
2026-08-05T09:44:34.542,03194T,depth
2026-08-05T09:44:34.607,03196T,depth
2026-08-05T09:44:34.671,03195T,depth
2026-08-05T09:44:34.671,03197T,depth
2026-08-05T09:44:36.632,030573,depth
2026-08-05T09:44:36.695,03197T,depth
2026-08-05T09:44:36.695,03196T,depth
2026-08-05T09:44:36.703,03195T,depth
2026-08-05T09:44:36.703,03194T,depth
2026-08-05T09:44:37.226,03194T,depth
2026-08-05T09:44:37.293,03196T,depth
2026-08-05T09:44:37.355,03195T,depth
2026-08-05T09:44:37.434,03197T,depth
2026-08-05T09:44:39.413,03194T,depth
2026-08-05T09:44:39.476,03195T,depth
2026-08-05T09:44:39.484,03197T,depth
2026-08-05T09:44:39.484,03196T,depth
2026-08-05T09:44:39.947,03194T,depth
2026-08-05T09:44:40.025,03196T,depth
2026-08-05T09:44:40.088,03197T,depth
2026-08-05T09:44:40.090,03195T,depth
2026-08-05T09:44:40.983,03195T,depth
2026-08-05T09:44:41.047,03194T,depth
2026-08-05T09:44:41.047,03196T,depth
2026-08-05T09:44:41.047,03197T,depth
2026-08-05T09:44:41.528,03196T,depth
2026-08-05T09:44:41.607,03194T,depth
2026-08-05T09:44:41.607,03197T,depth
2026-08-05T09:44:41.607,03195T,depth
2026-08-05T09:44:41.847,03195T,depth
2026-08-05T09:44:41.907,03194T,depth
2026-08-05T09:44:41.907,03197T,depth
2026-08-05T09:44:41.907,03196T,depth
2026-08-05T09:44:42.391,03196T,depth
2026-08-05T09:44:42.467,03194T,depth
2026-08-05T09:44:42.469,03197T,depth
2026-08-05T09:44:42.469,03195T,depth
2026-08-05T09:44:43.357,03046T,depth
2026-08-05T09:44:43.442,03011T,depth
2026-08-05T09:44:43.442,03182T,depth
2026-08-05T09:44:43.442,03077T,depth
2026-08-05T09:44:43.506,03196T,depth
2026-08-05T09:44:43.506,03197T,depth
2026-08-05T09:44:43.506,03194T,depth
2026-08-05T09:44:43.506,03195T,depth
2026-08-05T09:44:44.002,03196T,depth
2026-08-05T09:44:44.066,03194T,depth
2026-08-05T09:44:44.131,03077T,depth
2026-08-05T09:44:44.131,03046T,depth
2026-08-05T09:44:44.131,03197T,depth
2026-08-05T09:44:44.196,03195T,depth
2026-08-05T09:44:44.196,03197T,depth
2026-08-05T09:44:44.196,03196T,depth
2026-08-05T09:44:44.196,03195T,depth
2026-08-05T09:44:44.196,03194T,depth
2026-08-05T09:44:44.611,03182T,depth
2026-08-05T09:44:44.694,03011T,depth
2026-08-05T09:44:44.694,03197T,depth
2026-08-05T09:44:44.694,03196T,depth
2026-08-05T09:44:44.696,03195T,depth
2026-08-05T09:44:44.696,03194T,depth
2026-08-05T09:44:44.756,03196T,depth
2026-08-05T09:44:44.756,03197T,depth
2026-08-05T09:44:44.756,03195T,depth
2026-08-05T09:44:44.756,03194T,depth
2026-08-05T09:44:45.246,03194T,depth
2026-08-05T09:44:45.331,03196T,depth
2026-08-05T09:44:45.334,03197T,depth
2026-08-05T09:44:45.334,03195T,depth
2026-08-05T09:44:46.122,03125T,depth
2026-08-05T09:44:46.198,03125T,depth
2026-08-05T09:44:46.481,030573,depth
2026-08-05T09:44:46.641,03125T,depth
2026-08-05T09:44:46.709,03125T,depth
2026-08-05T09:44:49.426,03195T,depth
2026-08-05T09:44:49.495,03194T,depth
2026-08-05T09:44:49.499,03196T,depth
2026-08-05T09:44:49.499,03197T,depth
2026-08-05T09:44:49.971,03194T,depth
2026-08-05T09:44:50.037,03196T,depth
2026-08-05T09:44:50.037,03195T,depth
2026-08-05T09:44:50.037,03197T,depth
2026-08-05T09:44:50.579,03195T,depth
2026-08-05T09:44:50.659,03194T,depth
2026-08-05T09:44:50.661,03196T,depth
2026-08-05T09:44:50.661,03197T,depth
2026-08-05T09:44:51.136,03195T,depth
2026-08-05T09:44:51.205,03194T,depth
2026-08-05T09:44:51.206,03197T,depth
2026-08-05T09:44:51.206,03196T,depth
2026-08-05T09:44:52.825,03197T,depth
2026-08-05T09:44:52.909,03196T,depth
2026-08-05T09:44:52.911,03195T,depth
2026-08-05T09:44:52.911,03194T,depth
2026-08-05T09:44:53.342,03194T,depth
2026-08-05T09:44:53.423,03196T,depth
2026-08-05T09:44:53.423,03195T,depth
2026-08-05T09:44:53.423,03197T,depth
2026-08-05T09:44:53.869,03195T,depth
2026-08-05T09:44:53.934,03194T,depth
2026-08-05T09:44:53.934,03197T,depth
2026-08-05T09:44:53.934,03196T,depth
2026-08-05T09:44:54.394,03196T,depth
2026-08-05T09:44:54.462,03194T,depth
2026-08-05T09:44:54.462,03197T,depth
2026-08-05T09:44:54.462,03195T,depth
2026-08-05T09:44:55.065,03196T,depth
2026-08-05T09:44:55.136,03197T,depth
2026-08-05T09:44:55.136,03194T,depth
2026-08-05T09:44:55.136,03195T,depth
2026-08-05T09:44:55.650,03197T,depth
2026-08-05T09:44:55.729,03196T,depth
2026-08-05T09:44:55.729,03195T,depth
2026-08-05T09:44:55.729,03194T,depth
2026-08-05T09:44:56.240,03150T,depth
2026-08-05T09:44:57.024,03182T,depth
2026-08-05T09:44:57.089,03077T,depth
2026-08-05T09:44:57.091,03046T,depth
2026-08-05T09:44:57.091,03011T,depth
2026-08-05T09:44:57.664,03077T,depth
2026-08-05T09:44:57.743,03046T,depth
2026-08-05T09:44:58.220,03011T,depth
2026-08-05T09:44:58.288,03182T,depth
2026-08-05T09:44:59.028,03194T,depth
2026-08-05T09:44:59.105,03195T,depth
2026-08-05T09:44:59.105,03197T,depth
2026-08-05T09:44:59.109,03196T,depth
2026-08-05T09:44:59.543,03195T,depth
2026-08-05T09:44:59.608,03197T,depth
2026-08-05T09:44:59.681,03194T,depth
2026-08-05T09:44:59.750,03196T,depth
2026-08-05T09:45:00.384,03197T,depth
2026-08-05T09:45:00.462,03196T,depth
2026-08-05T09:45:00.462,03194T,depth
2026-08-05T09:45:00.465,03195T,depth
2026-08-05T09:45:00.893,03197T,depth
2026-08-05T09:45:00.969,03195T,depth
2026-08-05T09:45:00.969,03196T,depth
2026-08-05T09:45:00.969,03194T,depth
2026-08-05T09:45:00.969,03011T,depth
2026-08-05T09:45:00.969,03077T,depth
2026-08-05T09:45:00.969,03182T,depth
2026-08-05T09:45:00.969,03046T,depth
2026-08-05T09:45:01.139,03011T,depth
2026-08-05T09:45:01.209,03182T,depth
2026-08-05T09:45:01.209,03077T,depth
2026-08-05T09:45:01.209,03046T,depth
2026-08-05T09:45:01.209,03182T,depth
2026-08-05T09:45:01.209,03077T,depth
2026-08-05T09:45:01.209,03046T,depth
2026-08-05T09:45:01.209,03011T,depth
2026-08-05T09:45:02.011,03077T,depth
2026-08-05T09:45:02.079,03046T,depth
2026-08-05T09:45:02.079,03077T,depth
2026-08-05T09:45:02.079,03046T,depth
2026-08-05T09:45:02.079,03077T,depth
2026-08-05T09:45:02.563,03182T,depth
2026-08-05T09:45:02.626,03182T,depth
2026-08-05T09:45:02.626,03011T,depth
2026-08-05T09:45:02.690,03182T,depth
2026-08-05T09:45:02.690,03011T,depth
2026-08-05T09:45:02.690,03011T,depth
2026-08-05T09:45:02.834,03046T,depth
2026-08-05T09:45:02.899,03011T,depth
2026-08-05T09:45:02.899,03077T,depth
2026-08-05T09:45:02.899,03182T,depth
2026-08-05T09:45:02.899,03105T,depth
2026-08-05T09:45:02.899,03197T,depth
2026-08-05T09:45:02.899,03080T,depth
2026-08-05T09:45:02.899,03196T,depth
2026-08-05T09:45:02.899,03195T,depth
2026-08-05T09:45:02.899,03194T,depth
2026-08-05T09:45:03.373,03194T,depth
2026-08-05T09:45:03.441,03195T,depth
2026-08-05T09:45:03.441,03196T,depth
2026-08-05T09:45:03.441,03197T,depth
2026-08-05T09:45:03.676,03046T,depth
2026-08-05T09:45:03.746,03077T,depth
2026-08-05T09:45:04.241,03182T,depth
2026-08-05T09:45:04.374,03011T,depth
2026-08-05T09:45:04.436,03046T,depth
2026-08-05T09:45:04.438,03182T,depth
2026-08-05T09:45:04.438,03077T,depth
2026-08-05T09:45:04.500,03105T,depth
2026-08-05T09:45:04.582,03080T,depth
2026-08-05T09:45:05.357,03077T,depth
2026-08-05T09:45:05.427,03046T,depth
2026-08-05T09:45:05.870,03182T,depth
2026-08-05T09:45:05.939,03197T,depth
2026-08-05T09:45:05.939,03196T,depth
2026-08-05T09:45:05.939,03195T,depth
2026-08-05T09:45:05.941,03194T,depth
2026-08-05T09:45:06.398,03197T,depth
2026-08-05T09:45:06.465,03195T,depth
2026-08-05T09:45:06.465,03196T,depth
2026-08-05T09:45:06.465,03194T,depth
2026-08-05T09:45:07.107,03046T,depth
2026-08-05T09:45:07.186,03182T,depth
2026-08-05T09:45:07.186,03077T,depth
2026-08-05T09:45:07.186,03011T,depth
2026-08-05T09:45:08.032,03046T,depth
2026-08-05T09:45:08.142,03077T,depth
2026-08-05T09:45:08.579,03182T,depth
2026-08-05T09:45:08.647,03011T,depth
2026-08-05T09:45:14.447,03011T,depth
2026-08-05T09:45:14.519,03046T,depth
2026-08-05T09:45:14.521,03182T,depth
2026-08-05T09:45:14.521,03077T,depth
2026-08-05T09:45:15.109,03197T,depth
2026-08-05T09:45:15.188,03196T,depth
2026-08-05T09:45:15.188,03195T,depth
2026-08-05T09:45:15.188,03194T,depth
2026-08-05T09:45:15.188,03046T,depth
2026-08-05T09:45:15.188,03077T,depth
2026-08-05T09:45:15.645,03195T,depth
2026-08-05T09:45:15.713,03197T,depth
2026-08-05T09:45:15.713,03196T,depth
2026-08-05T09:45:15.713,03194T,depth
2026-08-05T09:45:15.779,03182T,depth
2026-08-05T09:45:15.857,03011T,depth
2026-08-05T09:45:16.066,03197T,depth
2026-08-05T09:45:16.130,03196T,depth
2026-08-05T09:45:16.130,03195T,depth
2026-08-05T09:45:16.130,03194T,depth
2026-08-05T09:45:16.205,03195T,depth
2026-08-05T09:45:16.637,03196T,depth
2026-08-05T09:45:16.702,03194T,depth
2026-08-05T09:45:16.702,03197T,depth
2026-08-05T09:45:16.702,03195T,match
2026-08-05T09:45:16.711,03195T,depth
2026-08-05T09:45:17.905,03197T,depth
2026-08-05T09:45:17.980,03196T,depth
2026-08-05T09:45:17.982,03195T,depth
2026-08-05T09:45:17.982,03194T,depth
2026-08-05T09:45:18.419,03196T,depth
2026-08-05T09:45:18.499,03194T,depth
2026-08-05T09:45:18.499,03197T,depth
2026-08-05T09:45:18.499,03195T,depth
2026-08-05T09:45:19.579,03195T,depth
2026-08-05T09:45:19.647,03194T,depth
2026-08-05T09:45:19.647,03197T,depth
2026-08-05T09:45:19.650,03196T,depth
2026-08-05T09:45:19.919,03077T,depth
2026-08-05T09:45:19.998,03182T,depth
2026-08-05T09:45:19.998,03011T,depth
2026-08-05T09:45:19.998,03046T,depth
2026-08-05T09:45:20.120,03194T,depth
2026-08-05T09:45:20.205,03195T,depth
2026-08-05T09:45:20.205,03196T,depth
2026-08-05T09:45:20.205,03197T,depth
2026-08-05T09:45:20.444,03182T,depth
2026-08-05T09:45:20.523,03077T,depth
2026-08-05T09:45:20.523,03011T,depth
2026-08-05T09:45:20.523,03046T,depth
2026-08-05T09:45:21.050,03195T,depth
2026-08-05T09:45:21.117,03194T,depth
2026-08-05T09:45:21.117,03197T,depth
2026-08-05T09:45:21.119,03196T,depth
2026-08-05T09:45:21.197,03077T,depth
2026-08-05T09:45:21.277,03077T,depth
2026-08-05T09:45:21.277,03046T,depth
2026-08-05T09:45:21.340,03046T,depth
2026-08-05T09:45:21.565,03195T,depth
2026-08-05T09:45:21.645,03197T,depth
2026-08-05T09:45:21.647,03194T,depth
2026-08-05T09:45:21.647,03196T,depth
2026-08-05T09:45:21.724,03182T,depth
2026-08-05T09:45:21.788,03182T,depth
2026-08-05T09:45:21.788,03011T,depth
2026-08-05T09:45:21.848,03011T,depth
2026-08-05T09:45:21.848,03196T,depth
2026-08-05T09:45:21.848,03197T,depth
2026-08-05T09:45:21.848,03195T,depth
2026-08-05T09:45:21.848,03194T,depth
2026-08-05T09:45:22.383,03196T,depth
2026-08-05T09:45:22.444,03194T,depth
2026-08-05T09:45:22.446,03197T,depth
2026-08-05T09:45:22.446,03195T,depth
2026-08-05T09:45:28.374,03196T,depth
2026-08-05T09:45:28.444,03197T,depth
2026-08-05T09:45:28.446,03195T,depth
2026-08-05T09:45:28.446,03194T,depth
2026-08-05T09:45:28.767,03046T,depth
2026-08-05T09:45:28.847,03011T,depth
2026-08-05T09:45:28.854,03182T,depth
2026-08-05T09:45:28.854,03077T,depth
2026-08-05T09:45:28.941,03197T,depth
2026-08-05T09:45:29.004,03196T,depth
2026-08-05T09:45:29.004,03195T,depth
2026-08-05T09:45:29.004,03194T,depth
2026-08-05T09:45:29.486,03046T,depth
2026-08-05T09:45:29.551,03077T,depth
2026-08-05T09:45:29.919,03195T,depth
2026-08-05T09:45:29.981,03194T,depth
2026-08-05T09:45:29.983,03197T,depth
2026-08-05T09:45:29.983,03196T,depth
2026-08-05T09:45:30.046,03011T,depth
2026-08-05T09:45:30.046,03182T,depth
2026-08-05T09:45:30.486,03194T,depth
2026-08-05T09:45:30.557,03196T,depth
2026-08-05T09:45:30.623,03195T,depth
2026-08-05T09:45:30.623,03197T,depth
2026-08-05T09:45:32.884,03080T,depth
2026-08-05T09:45:32.950,03196T,depth
2026-08-05T09:45:32.950,03197T,depth
2026-08-05T09:45:32.952,03195T,depth
2026-08-05T09:45:32.952,03194T,depth
2026-08-05T09:45:32.952,03105T,depth
2026-08-05T09:45:33.409,03197T,depth
2026-08-05T09:45:33.479,03195T,depth
2026-08-05T09:45:33.479,03194T,depth
2026-08-05T09:45:33.479,03196T,depth
2026-08-05T09:45:34.402,03197T,depth
2026-08-05T09:45:34.471,03196T,depth
2026-08-05T09:45:34.471,03195T,depth
2026-08-05T09:45:34.471,03194T,depth
2026-08-05T09:45:34.569,03105T,depth
2026-08-05T09:45:34.647,03080T,depth
2026-08-05T09:45:34.920,03195T,depth
2026-08-05T09:45:35.000,03197T,depth
2026-08-05T09:45:35.000,03194T,depth
2026-08-05T09:45:35.000,03196T,depth
2026-08-05T09:45:35.831,03195T,depth
2026-08-05T09:45:35.911,03194T,depth
2026-08-05T09:45:35.911,03197T,depth
2026-08-05T09:45:35.911,03196T,depth
2026-08-05T09:45:36.360,03195T,depth
2026-08-05T09:45:36.425,03196T,depth
2026-08-05T09:45:36.425,03194T,depth
2026-08-05T09:45:36.425,03197T,depth
2026-08-05T09:45:36.825,03046T,depth
2026-08-05T09:45:36.904,03182T,depth
2026-08-05T09:45:36.904,03077T,depth
2026-08-05T09:45:36.904,03011T,depth
2026-08-05T09:45:37.717,03046T,depth
2026-08-05T09:45:37.788,03077T,depth
2026-08-05T09:45:38.057,03182T,depth
2026-08-05T09:45:38.253,03011T,depth
2026-08-05T09:45:39.271,03197T,depth
2026-08-05T09:45:39.340,03196T,depth
2026-08-05T09:45:39.340,03195T,depth
2026-08-05T09:45:39.340,03194T,depth
2026-08-05T09:45:39.794,03196T,depth
2026-08-05T09:45:39.889,03194T,depth
2026-08-05T09:45:39.889,03197T,depth
2026-08-05T09:45:39.893,03195T,depth
2026-08-05T09:45:40.349,03195T,depth
2026-08-05T09:45:40.419,03194T,depth
2026-08-05T09:45:40.419,03197T,depth
2026-08-05T09:45:40.419,03196T,depth
2026-08-05T09:45:40.885,03197T,depth
2026-08-05T09:45:40.964,03194T,depth
2026-08-05T09:45:40.964,03197T,depth
2026-08-05T09:45:40.964,03196T,depth
2026-08-05T09:45:40.964,03195T,depth
2026-08-05T09:45:41.107,03011T,depth
2026-08-05T09:45:41.171,03046T,depth
2026-08-05T09:45:41.171,03182T,depth
2026-08-05T09:45:41.173,03077T,depth
2026-08-05T09:45:41.237,03195T,depth
2026-08-05T09:45:41.237,03194T,depth
2026-08-05T09:45:41.237,03196T,depth
2026-08-05T09:45:41.492,03197T,depth
2026-08-05T09:45:41.694,03194T,depth
2026-08-05T09:45:41.758,03196T,depth
2026-08-05T09:45:41.761,03195T,depth
2026-08-05T09:45:41.956,03195T,depth
2026-08-05T09:45:42.028,03194T,depth
2026-08-05T09:45:42.028,03197T,depth
2026-08-05T09:45:42.028,03196T,depth
2026-08-05T09:45:42.028,03046T,depth
2026-08-05T09:45:42.092,03077T,depth
2026-08-05T09:45:42.474,03011T,depth
2026-08-05T09:45:42.548,03195T,depth
2026-08-05T09:45:42.548,03197T,depth
2026-08-05T09:45:42.548,03194T,depth
2026-08-05T09:45:42.548,03196T,depth
2026-08-05T09:45:42.548,03182T,depth
2026-08-05T09:45:44.631,03197T,depth
2026-08-05T09:45:44.706,03196T,depth
2026-08-05T09:45:44.706,03195T,depth
2026-08-05T09:45:44.710,03194T,depth
2026-08-05T09:45:45.154,03196T,depth
2026-08-05T09:45:45.213,03195T,depth
2026-08-05T09:45:45.220,03194T,depth
2026-08-05T09:45:45.220,03197T,depth
2026-08-05T09:45:45.389,03046T,depth
2026-08-05T09:45:45.458,03011T,depth
2026-08-05T09:45:45.458,03182T,depth
2026-08-05T09:45:45.458,03077T,depth
2026-08-05T09:45:46.347,03046T,depth
2026-08-05T09:45:46.427,03077T,depth
2026-08-05T09:45:46.845,03011T,depth
2026-08-05T09:45:46.933,03182T,depth
2026-08-05T09:45:48.135,03011T,depth
2026-08-05T09:45:48.204,03182T,depth
2026-08-05T09:45:48.204,03077T,depth
2026-08-05T09:45:48.204,03046T,depth
2026-08-05T09:45:49.021,03077T,depth
2026-08-05T09:45:49.097,03046T,depth
2026-08-05T09:45:49.309,03195T,depth
2026-08-05T09:45:49.375,03194T,depth
2026-08-05T09:45:49.375,03196T,depth
2026-08-05T09:45:49.384,03197T,depth
2026-08-05T09:45:49.607,03011T,depth
2026-08-05T09:45:49.677,03182T,depth
2026-08-05T09:45:49.832,03195T,depth
2026-08-05T09:45:49.900,03197T,depth
2026-08-05T09:45:49.900,03194T,depth
2026-08-05T09:45:49.900,03196T,depth
2026-08-05T09:45:50.662,03195T,depth
2026-08-05T09:45:50.732,03194T,depth
2026-08-05T09:45:50.732,03196T,depth
2026-08-05T09:45:50.732,03197T,depth
2026-08-05T09:45:51.174,03196T,depth
2026-08-05T09:45:51.238,03194T,depth
2026-08-05T09:45:51.420,03197T,depth
2026-08-05T09:45:51.482,03195T,depth
2026-08-05T09:45:53.983,03195T,depth
2026-08-05T09:45:54.062,03194T,depth
2026-08-05T09:45:54.062,03197T,depth
2026-08-05T09:45:54.062,03196T,depth
2026-08-05T09:45:54.511,03195T,depth
2026-08-05T09:45:54.590,03194T,depth
2026-08-05T09:45:54.590,03197T,depth
2026-08-05T09:45:54.590,03196T,depth
2026-08-05T09:45:55.866,03197T,depth
2026-08-05T09:45:55.933,03196T,depth
2026-08-05T09:45:55.935,03194T,depth
2026-08-05T09:45:55.935,03195T,depth
2026-08-05T09:45:56.401,03194T,depth
2026-08-05T09:45:56.495,03196T,depth
2026-08-05T09:45:56.495,03195T,depth
2026-08-05T09:45:56.495,03197T,depth
2026-08-05T09:45:56.972,03197T,depth
2026-08-05T09:45:57.037,03196T,depth
2026-08-05T09:45:57.039,03195T,depth
2026-08-05T09:45:57.041,03194T,depth
2026-08-05T09:45:57.500,03197T,depth
2026-08-05T09:45:57.563,03195T,depth
2026-08-05T09:45:57.643,03196T,depth
2026-08-05T09:45:57.709,03194T,depth
2026-08-05T09:45:57.773,03046T,depth
2026-08-05T09:45:57.773,03011T,depth
2026-08-05T09:45:57.773,03077T,depth
2026-08-05T09:45:57.773,03182T,depth
2026-08-05T09:45:58.351,03046T,depth
2026-08-05T09:45:58.509,03077T,depth
2026-08-05T09:45:58.846,03182T,depth
2026-08-05T09:45:58.911,03011T,depth
2026-08-05T09:46:01.314,03046T,depth
2026-08-05T09:46:01.384,03011T,depth
2026-08-05T09:46:01.384,03182T,depth
2026-08-05T09:46:01.384,03077T,depth
2026-08-05T09:46:02.104,03046T,depth
2026-08-05T09:46:02.184,03077T,depth
2026-08-05T09:46:02.268,03196T,depth
2026-08-05T09:46:02.343,03197T,depth
2026-08-05T09:46:02.343,03195T,depth
2026-08-05T09:46:02.343,03194T,depth
2026-08-05T09:46:02.645,03011T,depth
2026-08-05T09:46:02.726,03182T,depth
2026-08-05T09:46:02.787,03195T,depth
2026-08-05T09:46:02.852,03197T,depth
2026-08-05T09:46:02.854,03196T,depth
2026-08-05T09:46:02.854,03194T,depth
2026-08-05T09:46:02.992,03046T,depth
2026-08-05T09:46:03.059,03077T,depth
2026-08-05T09:46:03.059,03182T,depth
2026-08-05T09:46:03.059,03011T,depth
2026-08-05T09:46:03.239,03195T,depth
2026-08-05T09:46:03.312,03194T,depth
2026-08-05T09:46:03.315,03197T,depth
2026-08-05T09:46:03.318,03196T,depth
2026-08-05T09:46:03.747,03046T,depth
2026-08-05T09:46:03.821,03077T,depth
2026-08-05T09:46:03.823,03195T,depth
2026-08-05T09:46:03.823,03197T,depth
2026-08-05T09:46:03.823,03194T,depth
2026-08-05T09:46:03.823,03196T,depth
2026-08-05T09:46:04.307,03182T,depth
2026-08-05T09:46:04.379,03011T,depth
2026-08-05T09:46:06.012,03195T,depth
2026-08-05T09:46:06.100,03194T,depth
2026-08-05T09:46:06.100,03197T,depth
2026-08-05T09:46:06.100,03196T,depth
2026-08-05T09:46:06.546,03194T,depth
2026-08-05T09:46:06.626,03196T,depth
2026-08-05T09:46:06.628,03195T,depth
2026-08-05T09:46:06.628,03197T,depth
2026-08-05T09:46:07.470,03002T,depth
2026-08-05T09:46:08.628,03011T,depth
2026-08-05T09:46:08.702,03182T,depth
2026-08-05T09:46:08.710,03077T,depth
2026-08-05T09:46:08.710,03046T,depth
2026-08-05T09:46:09.125,03011T,depth
2026-08-05T09:46:09.189,03182T,depth
2026-08-05T09:46:09.191,03077T,depth
2026-08-05T09:46:09.191,03046T,depth
2026-08-05T09:46:09.366,03011T,depth
2026-08-05T09:46:09.445,03046T,depth
2026-08-05T09:46:09.445,03182T,depth
2026-08-05T09:46:09.448,03077T,depth
2026-08-05T09:46:10.245,03046T,depth
2026-08-05T09:46:10.324,03046T,depth
2026-08-05T09:46:10.324,03077T,depth
2026-08-05T09:46:10.400,03077T,depth
2026-08-05T09:46:10.400,03077T,depth
2026-08-05T09:46:10.797,03011T,depth
2026-08-05T09:46:10.876,03046T,depth
2026-08-05T09:46:10.876,03077T,depth
2026-08-05T09:46:10.876,03182T,depth
2026-08-05T09:46:10.876,03011T,depth
2026-08-05T09:46:10.876,03182T,depth
2026-08-05T09:46:10.876,03011T,depth
2026-08-05T09:46:10.876,03182T,depth
2026-08-05T09:46:11.147,03011T,depth
2026-08-05T09:46:11.208,03182T,depth
2026-08-05T09:46:11.210,03077T,depth
2026-08-05T09:46:11.210,03046T,depth
2026-08-05T09:46:11.901,03046T,depth
2026-08-05T09:46:11.970,03077T,depth
2026-08-05T09:46:11.970,03046T,depth
2026-08-05T09:46:11.970,03077T,depth
2026-08-05T09:46:12.557,03011T,depth
2026-08-05T09:46:12.626,03182T,depth
2026-08-05T09:46:14.390,03182T,depth
2026-08-05T09:46:14.457,03077T,depth
2026-08-05T09:46:14.457,03011T,depth
2026-08-05T09:46:14.457,03046T,depth
2026-08-05T09:46:15.166,03046T,depth
2026-08-05T09:46:15.279,03077T,depth
2026-08-05T09:46:15.616,03195T,depth
2026-08-05T09:46:15.679,03194T,depth
2026-08-05T09:46:15.679,03011T,depth
2026-08-05T09:46:15.681,03197T,depth
2026-08-05T09:46:15.681,03196T,depth
2026-08-05T09:46:15.681,03046T,depth
2026-08-05T09:46:15.681,03182T,depth
2026-08-05T09:46:15.681,03077T,depth
2026-08-05T09:46:16.142,03194T,depth
2026-08-05T09:46:16.208,03196T,depth
2026-08-05T09:46:16.208,03195T,depth
2026-08-05T09:46:16.208,03197T,depth
2026-08-05T09:46:16.273,03046T,depth
2026-08-05T09:46:16.335,03077T,depth
2026-08-05T09:46:16.797,03182T,depth
2026-08-05T09:46:16.860,03011T,depth
2026-08-05T09:46:16.860,03182T,depth
2026-08-05T09:46:16.860,03011T,depth
2026-08-05T09:46:17.657,03011T,depth
2026-08-05T09:46:17.725,03046T,depth
2026-08-05T09:46:17.727,03182T,depth
2026-08-05T09:46:17.727,03077T,depth
2026-08-05T09:46:18.029,03196T,depth
2026-08-05T09:46:18.093,03197T,depth
2026-08-05T09:46:18.093,03046T,depth
2026-08-05T09:46:18.093,03195T,depth
2026-08-05T09:46:18.093,03194T,depth
2026-08-05T09:46:18.093,03011T,depth
2026-08-05T09:46:18.093,03182T,depth
2026-08-05T09:46:18.093,03077T,depth
2026-08-05T09:46:18.469,03011T,depth
2026-08-05T09:46:18.534,03046T,depth
2026-08-05T09:46:18.536,03182T,depth
2026-08-05T09:46:18.536,03077T,depth
2026-08-05T09:46:18.601,03195T,depth
2026-08-05T09:46:18.603,03194T,depth
2026-08-05T09:46:18.603,03196T,depth
2026-08-05T09:46:18.603,03197T,depth
2026-08-05T09:46:19.321,03046T,depth
2026-08-05T09:46:19.381,03077T,depth
2026-08-05T09:46:19.381,03046T,depth
2026-08-05T09:46:19.381,03077T,depth
2026-08-05T09:46:19.446,03077T,depth
2026-08-05T09:46:19.525,03182T,depth
2026-08-05T09:46:19.591,03182T,depth
2026-08-05T09:46:19.591,03011T,depth
2026-08-05T09:46:19.653,03182T,depth
2026-08-05T09:46:19.653,03011T,depth
2026-08-05T09:46:19.655,03011T,depth
2026-08-05T09:46:21.982,03046T,depth
2026-08-05T09:46:22.050,03011T,depth
2026-08-05T09:46:22.052,03182T,depth
2026-08-05T09:46:22.052,03077T,depth
2026-08-05T09:46:22.753,03077T,depth
2026-08-05T09:46:22.820,03046T,depth
2026-08-05T09:46:22.820,03046T,depth
2026-08-05T09:46:22.822,03182T,depth
2026-08-05T09:46:22.822,03077T,depth
2026-08-05T09:46:22.822,03011T,depth
2026-08-05T09:46:23.588,03011T,depth
2026-08-05T09:46:23.666,03046T,depth
2026-08-05T09:46:23.666,03077T,depth
2026-08-05T09:46:23.666,03182T,depth
2026-08-05T09:46:24.401,03046T,depth
2026-08-05T09:46:24.468,03077T,depth
2026-08-05T09:46:24.468,03077T,depth
2026-08-05T09:46:24.468,03046T,depth
2026-08-05T09:46:24.975,03011T,depth
2026-08-05T09:46:25.056,03011T,depth
2026-08-05T09:46:25.056,03182T,depth
2026-08-05T09:46:25.056,03011T,depth
2026-08-05T09:46:25.121,03182T,depth
2026-08-05T09:46:25.124,03182T,depth
2026-08-05T09:46:26.655,03046T,depth
2026-08-05T09:46:26.733,03077T,depth
2026-08-05T09:46:26.733,03182T,depth
2026-08-05T09:46:26.733,03011T,depth
2026-08-05T09:46:27.450,03011T,depth
2026-08-05T09:46:27.515,03046T,depth
2026-08-05T09:46:27.517,03182T,depth
2026-08-05T09:46:27.517,03077T,depth
2026-08-05T09:46:28.200,03046T,depth
2026-08-05T09:46:28.264,03046T,depth
2026-08-05T09:46:28.328,03077T,depth
2026-08-05T09:46:28.328,03077T,depth
2026-08-05T09:46:28.770,03182T,depth
2026-08-05T09:46:28.837,031645,depth
2026-08-05T09:46:28.837,03182T,depth
2026-08-05T09:46:28.916,03011T,depth
2026-08-05T09:46:28.918,03011T,depth
2026-08-05T09:46:30.057,03197T,depth
2026-08-05T09:46:30.126,03196T,depth
2026-08-05T09:46:30.126,03195T,depth
2026-08-05T09:46:30.126,03194T,depth
2026-08-05T09:46:30.126,03011T,depth
2026-08-05T09:46:30.126,03182T,depth
2026-08-05T09:46:30.126,03077T,depth
2026-08-05T09:46:30.126,03046T,depth
2026-08-05T09:46:30.591,03195T,depth
2026-08-05T09:46:30.669,03197T,depth
2026-08-05T09:46:30.671,03196T,depth
2026-08-05T09:46:30.671,03194T,depth
2026-08-05T09:46:30.809,03197T,depth
2026-08-05T09:46:30.878,03196T,depth
2026-08-05T09:46:30.878,03046T,depth
2026-08-05T09:46:30.878,03182T,depth
2026-08-05T09:46:30.878,03077T,depth
2026-08-05T09:46:30.878,03195T,depth
2026-08-05T09:46:30.878,03194T,depth
2026-08-05T09:46:30.878,03011T,depth
2026-08-05T09:46:31.341,03197T,depth
2026-08-05T09:46:31.417,03195T,depth
2026-08-05T09:46:31.419,03196T,depth
2026-08-05T09:46:31.419,03194T,depth
2026-08-05T09:46:31.487,03046T,depth
2026-08-05T09:46:31.487,03077T,depth
2026-08-05T09:46:31.487,03046T,depth
2026-08-05T09:46:31.487,03077T,depth
2026-08-05T09:46:31.936,03046T,depth
2026-08-05T09:46:32.000,03011T,depth
2026-08-05T09:46:32.000,03077T,depth
2026-08-05T09:46:32.000,03182T,depth
2026-08-05T09:46:32.510,03046T,depth
2026-08-05T09:46:32.586,03077T,depth
2026-08-05T09:46:33.067,03182T,depth
2026-08-05T09:46:33.136,03011T,depth
2026-08-05T09:46:33.136,03182T,depth
2026-08-05T09:46:33.138,03011T,depth
2026-08-05T09:46:33.213,03182T,depth
2026-08-05T09:46:33.215,03011T,depth
2026-08-05T09:46:38.482,03195T,depth
2026-08-05T09:46:38.563,03194T,depth
2026-08-05T09:46:38.563,03011T,depth
2026-08-05T09:46:38.563,03197T,depth
2026-08-05T09:46:38.563,03196T,depth
2026-08-05T09:46:38.563,03046T,depth
2026-08-05T09:46:38.563,03182T,depth
2026-08-05T09:46:38.563,03077T,depth
2026-08-05T09:46:39.011,03195T,depth
2026-08-05T09:46:39.075,03197T,depth
2026-08-05T09:46:39.075,03196T,depth
2026-08-05T09:46:39.083,03194T,depth
2026-08-05T09:46:39.150,03077T,depth
2026-08-05T09:46:39.150,03046T,depth
2026-08-05T09:46:39.740,03011T,depth
2026-08-05T09:46:39.811,03182T,depth
2026-08-05T09:46:42.057,03195T,depth
2026-08-05T09:46:42.138,03194T,depth
2026-08-05T09:46:42.138,03197T,depth
2026-08-05T09:46:42.138,03196T,depth
2026-08-05T09:46:42.596,03194T,depth
2026-08-05T09:46:42.665,03196T,depth
2026-08-05T09:46:42.667,03195T,depth
2026-08-05T09:46:42.667,03197T,depth
2026-08-05T09:46:43.390,03197T,depth
2026-08-05T09:46:43.460,03196T,depth
2026-08-05T09:46:43.460,03195T,depth
2026-08-05T09:46:43.460,03194T,depth
2026-08-05T09:46:43.910,03196T,depth
2026-08-05T09:46:43.991,03197T,depth
2026-08-05T09:46:43.991,03194T,depth
2026-08-05T09:46:43.992,03195T,depth
2026-08-05T09:46:44.778,03046T,depth
2026-08-05T09:46:44.847,03011T,depth
2026-08-05T09:46:44.847,03182T,depth
2026-08-05T09:46:44.847,03077T,depth
2026-08-05T09:46:45.717,03077T,depth
2026-08-05T09:46:45.798,03046T,depth
2026-08-05T09:46:46.197,03011T,depth
2026-08-05T09:46:46.276,03182T,depth
2026-08-05T09:46:49.758,03011T,depth
2026-08-05T09:46:49.838,03182T,depth
2026-08-05T09:46:49.846,03077T,depth
2026-08-05T09:46:49.846,03046T,depth
2026-08-05T09:46:50.476,03077T,depth
2026-08-05T09:46:50.575,03046T,depth
2026-08-05T09:46:50.575,030573,depth
2026-08-05T09:46:51.092,03182T,depth
2026-08-05T09:46:51.176,03011T,depth
2026-08-05T09:46:53.089,03197T,depth
2026-08-05T09:46:53.166,03196T,depth
2026-08-05T09:46:53.169,03195T,depth
2026-08-05T09:46:53.169,03194T,depth
2026-08-05T09:46:53.609,03196T,depth
2026-08-05T09:46:53.675,03197T,depth
2026-08-05T09:46:53.675,03194T,depth
2026-08-05T09:46:53.675,03195T,depth
2026-08-05T09:46:55.940,03196T,depth
2026-08-05T09:46:56.020,03197T,depth
2026-08-05T09:46:56.020,03195T,depth
2026-08-05T09:46:56.022,03194T,depth
2026-08-05T09:46:56.452,03194T,depth
2026-08-05T09:46:56.530,03196T,depth
2026-08-05T09:46:56.530,03195T,depth
2026-08-05T09:46:56.530,03197T,depth
2026-08-05T09:46:59.221,03011T,depth
2026-08-05T09:46:59.283,03182T,depth
2026-08-05T09:46:59.283,03077T,depth
2026-08-05T09:46:59.283,03046T,depth
2026-08-05T09:46:59.367,03197T,depth
2026-08-05T09:46:59.367,03196T,depth
2026-08-05T09:46:59.367,03195T,depth
2026-08-05T09:46:59.367,03194T,depth
2026-08-05T09:46:59.842,03194T,depth
2026-08-05T09:46:59.910,03196T,depth
2026-08-05T09:46:59.910,03195T,depth
2026-08-05T09:46:59.910,03197T,depth
2026-08-05T09:46:59.974,03046T,depth
2026-08-05T09:47:00.036,03077T,depth
2026-08-05T09:47:00.467,03182T,depth
2026-08-05T09:47:00.581,03011T,depth
2026-08-05T09:47:01.650,03195T,depth
2026-08-05T09:47:01.714,03194T,depth
2026-08-05T09:47:01.714,03196T,depth
2026-08-05T09:47:01.714,03197T,depth
2026-08-05T09:47:02.204,03196T,depth
2026-08-05T09:47:02.275,03194T,depth
2026-08-05T09:47:02.275,03197T,depth
2026-08-05T09:47:02.275,03195T,depth
2026-08-05T09:47:02.401,03197T,depth
2026-08-05T09:47:02.466,03196T,depth
2026-08-05T09:47:02.466,03195T,depth
2026-08-05T09:47:02.468,03194T,depth
2026-08-05T09:47:02.940,03196T,depth
2026-08-05T09:47:03.010,03194T,depth
2026-08-05T09:47:03.010,03197T,depth
2026-08-05T09:47:03.010,03195T,depth
2026-08-05T09:47:05.113,03196T,depth
2026-08-05T09:47:05.177,03197T,depth
2026-08-05T09:47:05.177,03195T,depth
2026-08-05T09:47:05.177,03194T,depth
2026-08-05T09:47:05.642,03197T,depth
2026-08-05T09:47:05.706,03196T,depth
2026-08-05T09:47:05.708,03194T,depth
2026-08-05T09:47:05.770,03195T,depth
2026-08-05T09:47:06.580,03195T,depth
2026-08-05T09:47:06.646,03194T,depth
2026-08-05T09:47:06.646,03080T,depth
2026-08-05T09:47:06.646,03196T,depth
2026-08-05T09:47:06.646,03197T,depth
2026-08-05T09:47:06.646,03105T,depth
2026-08-05T09:47:07.113,03197T,depth
2026-08-05T09:47:07.190,03195T,depth
2026-08-05T09:47:07.190,03194T,depth
2026-08-05T09:47:07.190,03196T,depth
2026-08-05T09:47:08.242,03105T,depth
2026-08-05T09:47:08.308,03080T,depth
2026-08-05T09:47:11.350,03195T,depth
2026-08-05T09:47:11.414,03194T,depth
2026-08-05T09:47:11.414,03197T,depth
2026-08-05T09:47:11.414,03196T,depth
2026-08-05T09:47:11.888,03197T,depth
2026-08-05T09:47:11.970,03196T,depth
2026-08-05T09:47:11.970,03195T,depth
2026-08-05T09:47:11.970,03194T,depth
2026-08-05T09:47:17.128,03197T,depth
2026-08-05T09:47:17.195,03196T,depth
2026-08-05T09:47:17.195,03046T,depth
2026-08-05T09:47:17.195,03195T,depth
2026-08-05T09:47:17.195,03194T,depth
2026-08-05T09:47:17.195,03011T,depth
2026-08-05T09:47:17.195,03182T,depth
2026-08-05T09:47:17.195,03077T,depth
2026-08-05T09:47:17.449,03046T,depth
2026-08-05T09:47:17.511,03182T,depth
2026-08-05T09:47:17.511,03077T,depth
2026-08-05T09:47:17.513,03011T,depth
2026-08-05T09:47:17.652,03197T,depth
2026-08-05T09:47:17.721,03196T,depth
2026-08-05T09:47:17.721,03194T,depth
2026-08-05T09:47:17.721,03195T,depth
2026-08-05T09:47:18.159,03197T,depth
2026-08-05T09:47:18.226,03196T,depth
2026-08-05T09:47:18.226,03195T,depth
2026-08-05T09:47:18.226,03194T,depth
2026-08-05T09:47:18.535,03077T,depth
2026-08-05T09:47:18.611,03011T,depth
2026-08-05T09:47:18.611,03077T,depth
2026-08-05T09:47:18.611,03011T,depth
2026-08-05T09:47:18.675,03182T,depth
2026-08-05T09:47:18.675,03046T,depth
2026-08-05T09:47:18.675,03182T,depth
2026-08-05T09:47:18.675,03046T,depth
2026-08-05T09:47:18.753,03195T,depth
2026-08-05T09:47:18.755,03197T,depth
2026-08-05T09:47:18.755,03194T,depth
2026-08-05T09:47:18.755,03196T,depth
2026-08-05T09:47:18.852,03011T,depth
2026-08-05T09:47:18.914,03046T,depth
2026-08-05T09:47:18.914,03182T,depth
2026-08-05T09:47:18.914,03077T,depth
2026-08-05T09:47:19.645,03077T,depth
2026-08-05T09:47:19.726,03046T,depth
2026-08-05T09:47:20.234,03182T,depth
2026-08-05T09:47:20.303,03011T,depth
2026-08-05T09:47:20.744,03002T,depth
2026-08-05T09:47:20.954,03197T,depth
2026-08-05T09:47:21.034,03196T,depth
2026-08-05T09:47:21.035,03195T,depth
2026-08-05T09:47:21.035,03194T,depth
2026-08-05T09:47:21.117,03182T,depth
2026-08-05T09:47:21.191,03077T,depth
2026-08-05T09:47:21.193,03046T,depth
2026-08-05T09:47:21.193,03011T,depth
2026-08-05T09:47:21.475,03196T,depth
2026-08-05T09:47:21.545,03194T,depth
2026-08-05T09:47:21.545,03197T,depth
2026-08-05T09:47:21.545,03195T,depth
2026-08-05T09:47:21.861,03046T,depth
2026-08-05T09:47:21.955,03077T,depth
2026-08-05T09:47:22.389,03182T,depth
2026-08-05T09:47:22.482,03011T,depth
2026-08-05T09:47:23.450,03196T,depth
2026-08-05T09:47:23.536,03197T,depth
2026-08-05T09:47:23.536,03195T,depth
2026-08-05T09:47:23.536,03194T,depth
2026-08-05T09:47:24.110,03195T,depth
2026-08-05T09:47:24.189,03197T,depth
2026-08-05T09:47:24.189,03194T,depth
2026-08-05T09:47:24.189,03196T,depth
2026-08-05T09:47:24.520,03194T,depth
2026-08-05T09:47:24.589,03195T,depth
2026-08-05T09:47:24.589,03197T,depth
2026-08-05T09:47:24.589,03196T,depth
2026-08-05T09:47:25.046,03197T,depth
2026-08-05T09:47:25.117,03195T,depth
2026-08-05T09:47:25.117,03196T,depth
2026-08-05T09:47:25.117,03194T,depth
2026-08-05T09:47:28.517,03196T,depth
2026-08-05T09:47:28.586,03197T,depth
2026-08-05T09:47:28.586,03195T,depth
2026-08-05T09:47:28.588,03194T,depth
2026-08-05T09:47:29.066,03197T,depth
2026-08-05T09:47:29.145,03195T,depth
2026-08-05T09:47:29.145,03196T,depth
2026-08-05T09:47:29.145,03194T,depth
2026-08-05T09:47:29.208,03196T,depth
2026-08-05T09:47:29.210,03197T,depth
2026-08-05T09:47:29.210,03195T,depth
2026-08-05T09:47:29.210,03194T,depth
2026-08-05T09:47:29.669,03197T,depth
2026-08-05T09:47:29.733,03194T,depth
2026-08-05T09:47:29.733,03196T,depth
2026-08-05T09:47:29.733,03195T,depth
2026-08-05T09:47:32.296,03197T,depth
2026-08-05T09:47:32.375,03196T,depth
2026-08-05T09:47:32.377,03195T,depth
2026-08-05T09:47:32.377,03194T,depth
2026-08-05T09:47:32.870,03197T,depth
2026-08-05T09:47:32.951,03195T,depth
2026-08-05T09:47:32.951,03194T,depth
2026-08-05T09:47:32.951,03196T,depth
2026-08-05T09:47:34.311,03046T,depth
2026-08-05T09:47:34.374,03011T,depth
2026-08-05T09:47:34.374,03182T,depth
2026-08-05T09:47:34.374,03077T,depth
2026-08-05T09:47:35.014,03046T,depth
2026-08-05T09:47:35.093,03077T,depth
2026-08-05T09:47:35.557,03011T,depth
2026-08-05T09:47:35.636,03182T,depth
2026-08-05T09:47:41.189,03195T,depth
2026-08-05T09:47:41.266,03194T,depth
2026-08-05T09:47:41.268,03197T,depth
2026-08-05T09:47:41.268,03196T,depth
2026-08-05T09:47:41.796,03196T,depth
2026-08-05T09:47:41.875,03194T,depth
2026-08-05T09:47:41.875,03197T,depth
2026-08-05T09:47:41.877,03195T,depth
2026-08-05T09:47:41.965,03197T,depth
2026-08-05T09:47:42.050,03196T,depth
2026-08-05T09:47:42.050,03195T,depth
2026-08-05T09:47:42.050,03194T,depth
2026-08-05T09:47:42.478,03195T,depth
2026-08-05T09:47:42.548,03197T,depth
2026-08-05T09:47:42.548,03196T,depth
2026-08-05T09:47:42.548,03194T,depth
2026-08-05T09:47:43.442,03046T,depth
2026-08-05T09:47:43.509,03011T,depth
2026-08-05T09:47:43.509,03182T,depth
2026-08-05T09:47:43.519,03077T,depth
2026-08-05T09:47:44.040,03046T,depth
2026-08-05T09:47:44.116,03077T,depth
2026-08-05T09:47:44.607,03011T,depth
2026-08-05T09:47:44.675,03182T,depth
2026-08-05T09:47:45.166,03194T,depth
2026-08-05T09:47:45.251,03195T,depth
2026-08-05T09:47:45.251,03196T,depth
2026-08-05T09:47:45.251,03197T,depth
2026-08-05T09:47:45.686,03195T,depth
2026-08-05T09:47:45.762,03197T,depth
2026-08-05T09:47:45.762,03194T,depth
2026-08-05T09:47:45.762,03196T,depth
2026-08-05T09:47:46.415,03011T,depth
2026-08-05T09:47:46.484,03046T,depth
2026-08-05T09:47:46.484,03182T,depth
2026-08-05T09:47:46.484,03077T,depth
2026-08-05T09:47:47.368,03046T,depth
2026-08-05T09:47:47.438,03077T,depth
2026-08-05T09:47:47.854,03011T,depth
2026-08-05T09:47:47.927,03182T,depth
2026-08-05T09:47:48.419,03195T,depth
2026-08-05T09:47:48.498,03194T,depth
2026-08-05T09:47:48.500,03197T,depth
2026-08-05T09:47:48.500,03196T,depth
2026-08-05T09:47:48.672,030573,match
2026-08-05T09:47:48.738,030573,depth
2026-08-05T09:47:48.929,03196T,depth
2026-08-05T09:47:48.994,03194T,depth
2026-08-05T09:47:48.996,03197T,depth
2026-08-05T09:47:48.996,03195T,depth
2026-08-05T09:47:52.892,03046T,depth
2026-08-05T09:47:52.965,03011T,depth
2026-08-05T09:47:52.973,03077T,depth
2026-08-05T09:47:52.973,03182T,depth
2026-08-05T09:47:53.206,03195T,depth
2026-08-05T09:47:53.274,03194T,depth
2026-08-05T09:47:53.274,03196T,depth
2026-08-05T09:47:53.274,03197T,depth
2026-08-05T09:47:53.339,03077T,depth
2026-08-05T09:47:53.339,03182T,depth
2026-08-05T09:47:53.339,03046T,depth
2026-08-05T09:47:53.339,03011T,depth
2026-08-05T09:47:53.738,03194T,depth
2026-08-05T09:47:53.810,03196T,depth
2026-08-05T09:47:53.817,03197T,depth
2026-08-05T09:47:53.817,03195T,depth
2026-08-05T09:47:53.975,03046T,depth
2026-08-05T09:47:54.040,03046T,depth
2026-08-05T09:47:54.040,03077T,depth
2026-08-05T09:47:54.099,03077T,depth
2026-08-05T09:47:54.508,03182T,depth
2026-08-05T09:47:54.585,03011T,depth
2026-08-05T09:47:54.585,03011T,depth
2026-08-05T09:47:54.585,03182T,depth
2026-08-05T09:47:54.920,03011T,depth
2026-08-05T09:47:54.999,03046T,depth
2026-08-05T09:47:55.001,03182T,depth
2026-08-05T09:47:55.001,03077T,depth
2026-08-05T09:47:55.498,03197T,depth
2026-08-05T09:47:55.575,03196T,depth
2026-08-05T09:47:55.575,03195T,depth
2026-08-05T09:47:55.577,03194T,depth
2026-08-05T09:47:55.640,03046T,depth
2026-08-05T09:47:55.746,03077T,depth
2026-08-05T09:47:56.028,03195T,depth
2026-08-05T09:47:56.103,03197T,depth
2026-08-05T09:47:56.105,03194T,depth
2026-08-05T09:47:56.105,03196T,depth
2026-08-05T09:47:56.163,03011T,depth
2026-08-05T09:47:56.231,03182T,depth
2026-08-05T09:47:58.101,03197T,depth
2026-08-05T09:47:58.166,03196T,depth
2026-08-05T09:47:58.166,03195T,depth
2026-08-05T09:47:58.172,03194T,depth
2026-08-05T09:47:58.608,03197T,depth
2026-08-05T09:47:58.683,03195T,depth
2026-08-05T09:47:58.685,03196T,depth
2026-08-05T09:47:58.685,03194T,depth
2026-08-05T09:48:01.108,03046T,depth
2026-08-05T09:48:01.186,03011T,depth
2026-08-05T09:48:01.186,03182T,depth
2026-08-05T09:48:01.186,03077T,depth
2026-08-05T09:48:01.701,03046T,depth
2026-08-05T09:48:01.779,03077T,depth
2026-08-05T09:48:02.239,03011T,depth
2026-08-05T09:48:02.307,03182T,depth
2026-08-05T09:48:02.485,03197T,depth
2026-08-05T09:48:02.563,03196T,depth
2026-08-05T09:48:02.565,03046T,depth
2026-08-05T09:48:02.565,03195T,depth
2026-08-05T09:48:02.565,03194T,depth
2026-08-05T09:48:02.565,03011T,depth
2026-08-05T09:48:02.565,03182T,depth
2026-08-05T09:48:02.565,03077T,depth
2026-08-05T09:48:02.726,03046T,depth
2026-08-05T09:48:02.784,03011T,depth
2026-08-05T09:48:02.789,03182T,depth
2026-08-05T09:48:02.791,03077T,depth
2026-08-05T09:48:03.030,03197T,depth
2026-08-05T09:48:03.110,03196T,depth
2026-08-05T09:48:03.110,03195T,depth
2026-08-05T09:48:03.110,03194T,depth
2026-08-05T09:48:03.334,03077T,depth
2026-08-05T09:48:03.413,03046T,depth
2026-08-05T09:48:03.415,03077T,depth
2026-08-05T09:48:03.415,03046T,depth
2026-08-05T09:48:03.878,03182T,depth
2026-08-05T09:48:03.942,03182T,depth
2026-08-05T09:48:04.007,03011T,depth
2026-08-05T09:48:04.009,03011T,depth
2026-08-05T09:48:04.245,03046T,depth
2026-08-05T09:48:04.327,03182T,depth
2026-08-05T09:48:04.327,03077T,depth
2026-08-05T09:48:04.327,03011T,depth
2026-08-05T09:48:04.452,03197T,depth
2026-08-05T09:48:04.519,03196T,depth
2026-08-05T09:48:04.519,03194T,depth
2026-08-05T09:48:04.519,03195T,depth
2026-08-05T09:48:04.967,03046T,depth
2026-08-05T09:48:05.030,03196T,depth
2026-08-05T09:48:05.030,03194T,depth
2026-08-05T09:48:05.089,03077T,depth
2026-08-05T09:48:05.089,03197T,depth
2026-08-05T09:48:05.089,03195T,depth
2026-08-05T09:48:05.227,03196T,depth
2026-08-05T09:48:05.298,03197T,depth
2026-08-05T09:48:05.298,03195T,depth
2026-08-05T09:48:05.298,03194T,depth
2026-08-05T09:48:05.566,03011T,depth
2026-08-05T09:48:05.744,03182T,depth
2026-08-05T09:48:05.814,03197T,depth
2026-08-05T09:48:05.816,03195T,depth
2026-08-05T09:48:05.816,03194T,depth
2026-08-05T09:48:05.816,03196T,depth
2026-08-05T09:48:06.129,03125T,depth
2026-08-05T09:48:06.192,03125T,depth
2026-08-05T09:48:06.406,03197T,depth
2026-08-05T09:48:06.473,03196T,depth
2026-08-05T09:48:06.473,03195T,depth
2026-08-05T09:48:06.476,03194T,depth
2026-08-05T09:48:06.681,03125T,depth
2026-08-05T09:48:06.771,03125T,depth
2026-08-05T09:48:06.935,03197T,depth
2026-08-05T09:48:07.001,03195T,depth
2026-08-05T09:48:07.001,03046T,depth
2026-08-05T09:48:07.001,03196T,depth
2026-08-05T09:48:07.001,03011T,depth
2026-08-05T09:48:07.001,03077T,depth
2026-08-05T09:48:07.001,03182T,depth
2026-08-05T09:48:07.001,03194T,depth
2026-08-05T09:48:07.740,03046T,depth
2026-08-05T09:48:07.804,03077T,depth
2026-08-05T09:48:08.281,03011T,depth
2026-08-05T09:48:08.344,03182T,depth
2026-08-05T09:48:08.708,03196T,depth
2026-08-05T09:48:08.778,03197T,depth
2026-08-05T09:48:08.787,03195T,depth
2026-08-05T09:48:08.787,03194T,depth
2026-08-05T09:48:09.252,03196T,depth
2026-08-05T09:48:09.319,03194T,depth
2026-08-05T09:48:09.319,03197T,depth
2026-08-05T09:48:09.321,03195T,depth
2026-08-05T09:48:09.981,03197T,depth
2026-08-05T09:48:10.048,03196T,depth
2026-08-05T09:48:10.050,03195T,depth
2026-08-05T09:48:10.050,03194T,depth
2026-08-05T09:48:10.541,03194T,depth
2026-08-05T09:48:10.605,03195T,depth
2026-08-05T09:48:10.605,03196T,depth
2026-08-05T09:48:10.605,03197T,depth
2026-08-05T09:48:11.628,03197T,depth
2026-08-05T09:48:11.705,03196T,depth
2026-08-05T09:48:11.705,03195T,depth
2026-08-05T09:48:11.705,03194T,depth
2026-08-05T09:48:12.139,03194T,depth
2026-08-05T09:48:12.212,03196T,depth
2026-08-05T09:48:12.212,03195T,depth
2026-08-05T09:48:12.212,03197T,depth
2026-08-05T09:48:13.226,03011T,depth
2026-08-05T09:48:13.294,03182T,depth
2026-08-05T09:48:13.294,03077T,depth
2026-08-05T09:48:13.298,03046T,depth
2026-08-05T09:48:14.241,03046T,depth
2026-08-05T09:48:14.317,03077T,depth
2026-08-05T09:48:14.777,03182T,depth
2026-08-05T09:48:14.858,03011T,depth
2026-08-05T09:48:15.019,03046T,depth
2026-08-05T09:48:15.083,03011T,depth
2026-08-05T09:48:15.085,03182T,depth
2026-08-05T09:48:15.085,03077T,depth
2026-08-05T09:48:15.194,03182T,depth
2026-08-05T09:48:15.257,03077T,depth
2026-08-05T09:48:15.259,03046T,depth
2026-08-05T09:48:15.259,03011T,depth
2026-08-05T09:48:15.325,03046T,depth
2026-08-05T09:48:15.325,03011T,depth
2026-08-05T09:48:15.325,03182T,depth
2026-08-05T09:48:15.325,03077T,depth
2026-08-05T09:48:15.901,03046T,depth
2026-08-05T09:48:15.980,03195T,depth
2026-08-05T09:48:15.980,03194T,depth
2026-08-05T09:48:15.980,03197T,depth
2026-08-05T09:48:15.980,03196T,depth
2026-08-05T09:48:15.980,03046T,depth
2026-08-05T09:48:15.980,03046T,depth
2026-08-05T09:48:16.045,03046T,depth
2026-08-05T09:48:16.108,03077T,depth
2026-08-05T09:48:16.110,03077T,depth
2026-08-05T09:48:16.171,03077T,depth
2026-08-05T09:48:16.254,03077T,depth
2026-08-05T09:48:16.254,03046T,depth
2026-08-05T09:48:16.429,03194T,depth
2026-08-05T09:48:16.508,03196T,depth
2026-08-05T09:48:16.508,03195T,depth
2026-08-05T09:48:16.508,03197T,depth
2026-08-05T09:48:16.604,03011T,depth
2026-08-05T09:48:16.669,03011T,depth
2026-08-05T09:48:16.735,03011T,depth
2026-08-05T09:48:16.872,03182T,depth
2026-08-05T09:48:16.940,03182T,depth
2026-08-05T09:48:17.006,03182T,depth
2026-08-05T09:48:17.064,03046T,depth
2026-08-05T09:48:17.148,03046T,depth
2026-08-05T09:48:17.148,03077T,depth
2026-08-05T09:48:17.248,03197T,depth
2026-08-05T09:48:17.325,03196T,depth
2026-08-05T09:48:17.325,03046T,depth
2026-08-05T09:48:17.325,03195T,depth
2026-08-05T09:48:17.325,03194T,depth
2026-08-05T09:48:17.325,03011T,depth
2026-08-05T09:48:17.325,03182T,depth
2026-08-05T09:48:17.325,03077T,depth
2026-08-05T09:48:17.325,03046T,depth
2026-08-05T09:48:17.325,03182T,depth
2026-08-05T09:48:17.335,03077T,depth
2026-08-05T09:48:17.338,03011T,depth
2026-08-05T09:48:17.789,03197T,depth
2026-08-05T09:48:17.852,03196T,depth
2026-08-05T09:48:17.852,03195T,depth
2026-08-05T09:48:17.852,03194T,depth
2026-08-05T09:48:18.056,03046T,depth
2026-08-05T09:48:18.124,03011T,depth
2026-08-05T09:48:18.124,03182T,depth
2026-08-05T09:48:18.124,03077T,depth
2026-08-05T09:48:18.746,03046T,depth
2026-08-05T09:48:18.811,03077T,depth
2026-08-05T09:48:18.811,03046T,depth
2026-08-05T09:48:18.811,03077T,depth
2026-08-05T09:48:18.890,03077T,depth
2026-08-05T09:48:19.306,03182T,depth
2026-08-05T09:48:19.368,03011T,depth
2026-08-05T09:48:19.373,03011T,depth
2026-08-05T09:48:19.373,03182T,depth
2026-08-05T09:48:19.432,03011T,depth
2026-08-05T09:48:19.432,03182T,depth
2026-08-05T09:48:19.518,03011T,depth
2026-08-05T09:48:19.596,03046T,depth
2026-08-05T09:48:19.596,03182T,depth
2026-08-05T09:48:19.596,03077T,depth
2026-08-05T09:48:20.075,03195T,depth
2026-08-05T09:48:20.141,03194T,depth
2026-08-05T09:48:20.143,03011T,depth
2026-08-05T09:48:20.143,03197T,depth
2026-08-05T09:48:20.143,03196T,depth
2026-08-05T09:48:20.143,03046T,depth
2026-08-05T09:48:20.143,03077T,depth
2026-08-05T09:48:20.143,03182T,depth
2026-08-05T09:48:20.455,03011T,depth
2026-08-05T09:48:20.525,03182T,depth
2026-08-05T09:48:20.525,03077T,depth
2026-08-05T09:48:20.525,03046T,depth
2026-08-05T09:48:20.588,03197T,depth
2026-08-05T09:48:20.588,03195T,depth
2026-08-05T09:48:20.653,03194T,depth
2026-08-05T09:48:20.653,03196T,depth
2026-08-05T09:48:21.497,03077T,depth
2026-08-05T09:48:21.567,03077T,depth
2026-08-05T09:48:21.567,03046T,depth
2026-08-05T09:48:21.567,03077T,depth
2026-08-05T09:48:21.567,03046T,depth
2026-08-05T09:48:21.727,03077T,depth
2026-08-05T09:48:21.805,03046T,depth
2026-08-05T09:48:22.043,03182T,depth
2026-08-05T09:48:22.109,03182T,depth
2026-08-05T09:48:22.109,03011T,depth
2026-08-05T09:48:22.109,03197T,depth
2026-08-05T09:48:22.109,03196T,depth
2026-08-05T09:48:22.109,03046T,depth
2026-08-05T09:48:22.109,03182T,depth
2026-08-05T09:48:22.109,03077T,depth
2026-08-05T09:48:22.109,03195T,depth
2026-08-05T09:48:22.109,03194T,depth
2026-08-05T09:48:22.174,03011T,depth
2026-08-05T09:48:22.174,03182T,depth
2026-08-05T09:48:22.174,03011T,depth
2026-08-05T09:48:22.176,03011T,depth
2026-08-05T09:48:22.622,03195T,depth
2026-08-05T09:48:22.684,03197T,depth
2026-08-05T09:48:22.684,03194T,depth
2026-08-05T09:48:22.684,03196T,depth
2026-08-05T09:48:23.117,03046T,depth
2026-08-05T09:48:23.196,03077T,depth
2026-08-05T09:48:23.196,03077T,depth
2026-08-05T09:48:23.196,03046T,depth
2026-08-05T09:48:23.662,03182T,depth
2026-08-05T09:48:23.735,03011T,depth
2026-08-05T09:48:24.426,03011T,depth
2026-08-05T09:48:24.505,03046T,depth
2026-08-05T09:48:24.505,03077T,depth
2026-08-05T09:48:24.505,03182T,depth
2026-08-05T09:48:25.144,03011T,depth
2026-08-05T09:48:25.208,03046T,depth
2026-08-05T09:48:25.208,03182T,depth
2026-08-05T09:48:25.208,03077T,depth
2026-08-05T09:48:25.847,03046T,depth
2026-08-05T09:48:25.925,03046T,depth
2026-08-05T09:48:25.925,03077T,depth
2026-08-05T09:48:25.990,03077T,depth
2026-08-05T09:48:26.247,03011T,depth
2026-08-05T09:48:26.312,03046T,depth
2026-08-05T09:48:26.312,03077T,depth
2026-08-05T09:48:26.312,03182T,depth
2026-08-05T09:48:26.790,03077T,depth
2026-08-05T09:48:26.851,03046T,depth
2026-08-05T09:48:27.118,03046T,depth
2026-08-05T09:48:27.188,03077T,depth
2026-08-05T09:48:27.468,03182T,depth
2026-08-05T09:48:27.552,03182T,depth
2026-08-05T09:48:27.552,03011T,depth
2026-08-05T09:48:27.552,03011T,depth
2026-08-05T09:48:27.555,03182T,depth
2026-08-05T09:48:27.615,03011T,depth
2026-08-05T09:48:28.108,03046T,depth
2026-08-05T09:48:28.173,03046T,depth
2026-08-05T09:48:28.238,03077T,depth
2026-08-05T09:48:28.238,03077T,depth
2026-08-05T09:48:28.302,03077T,depth
2026-08-05T09:48:28.617,03195T,depth
2026-08-05T09:48:28.686,03194T,depth
2026-08-05T09:48:28.686,03011T,depth
2026-08-05T09:48:28.688,03197T,depth
2026-08-05T09:48:28.688,03196T,depth
2026-08-05T09:48:28.688,03046T,depth
2026-08-05T09:48:28.688,03182T,depth
2026-08-05T09:48:28.688,03077T,depth
2026-08-05T09:48:29.127,03195T,depth
2026-08-05T09:48:29.212,03197T,depth
2026-08-05T09:48:29.212,03196T,depth
2026-08-05T09:48:29.212,03194T,depth
2026-08-05T09:48:29.293,03195T,depth
2026-08-05T09:48:29.355,03194T,depth
2026-08-05T09:48:29.355,03011T,depth
2026-08-05T09:48:29.357,03197T,depth
2026-08-05T09:48:29.357,03196T,depth
2026-08-05T09:48:29.357,03046T,depth
2026-08-05T09:48:29.365,03182T,depth
2026-08-05T09:48:29.367,03077T,depth
2026-08-05T09:48:29.824,03046T,depth
2026-08-05T09:48:29.893,03197T,depth
2026-08-05T09:48:29.893,03196T,depth
2026-08-05T09:48:29.893,03182T,depth
2026-08-05T09:48:29.893,03077T,depth
2026-08-05T09:48:29.893,03011T,depth
2026-08-05T09:48:29.893,03195T,depth
2026-08-05T09:48:29.899,03194T,depth
2026-08-05T09:48:30.809,03046T,depth
2026-08-05T09:48:30.874,03077T,depth
2026-08-05T09:48:30.874,03046T,depth
2026-08-05T09:48:30.874,03077T,depth
2026-08-05T09:48:30.936,03077T,depth
2026-08-05T09:48:31.335,03011T,depth
2026-08-05T09:48:31.415,03011T,depth
2026-08-05T09:48:31.415,03182T,depth
2026-08-05T09:48:31.415,03182T,depth
2026-08-05T09:48:31.415,03011T,depth
2026-08-05T09:48:31.479,03182T,depth
2026-08-05T09:48:36.125,03046T,depth
2026-08-05T09:48:36.194,03182T,depth
2026-08-05T09:48:36.195,03077T,depth
2026-08-05T09:48:36.195,03011T,depth
2026-08-05T09:48:36.195,03046T,depth
2026-08-05T09:48:36.195,03182T,depth
2026-08-05T09:48:36.201,03077T,depth
2026-08-05T09:48:36.201,03011T,depth
2026-08-05T09:48:36.802,03046T,depth
2026-08-05T09:48:36.867,03077T,depth
2026-08-05T09:48:36.867,03077T,depth
2026-08-05T09:48:36.867,03046T,depth
2026-08-05T09:48:37.217,03046T,depth
2026-08-05T09:48:37.282,03182T,depth
2026-08-05T09:48:37.284,03077T,depth
2026-08-05T09:48:37.284,03011T,depth
2026-08-05T09:48:37.647,03196T,depth
2026-08-05T09:48:37.716,03197T,depth
2026-08-05T09:48:37.716,03046T,depth
2026-08-05T09:48:37.718,03077T,depth
2026-08-05T09:48:37.718,03195T,depth
2026-08-05T09:48:37.718,03194T,depth
2026-08-05T09:48:37.718,03046T,depth
2026-08-05T09:48:37.718,03077T,depth
2026-08-05T09:48:38.200,03196T,depth
2026-08-05T09:48:38.291,03194T,depth
2026-08-05T09:48:38.291,03197T,depth
2026-08-05T09:48:38.291,03195T,depth
2026-08-05T09:48:38.548,03182T,depth
2026-08-05T09:48:38.627,03011T,depth
2026-08-05T09:48:38.627,03046T,depth
2026-08-05T09:48:38.627,03197T,depth
2026-08-05T09:48:38.627,03196T,depth
2026-08-05T09:48:38.627,03182T,depth
2026-08-05T09:48:38.627,03195T,depth
2026-08-05T09:48:38.627,03194T,depth
2026-08-05T09:48:38.627,03011T,depth
2026-08-05T09:48:38.627,03011T,depth
2026-08-05T09:48:38.627,03046T,depth
2026-08-05T09:48:38.627,03046T,depth
2026-08-05T09:48:38.627,03182T,depth
2026-08-05T09:48:38.693,03046T,depth
2026-08-05T09:48:38.693,03182T,depth
2026-08-05T09:48:38.693,03011T,depth
2026-08-05T09:48:38.693,03077T,depth
2026-08-05T09:48:38.693,03077T,depth
2026-08-05T09:48:38.756,03077T,depth
2026-08-05T09:48:39.135,03197T,depth
2026-08-05T09:48:39.203,03195T,depth
2026-08-05T09:48:39.205,03194T,depth
2026-08-05T09:48:39.205,03196T,depth
2026-08-05T09:48:39.670,03011T,depth
2026-08-05T09:48:39.749,03182T,depth
2026-08-05T09:48:39.749,03046T,depth
2026-08-05T09:48:41.306,03182T,depth
2026-08-05T09:48:41.382,03077T,depth
2026-08-05T09:48:41.382,03197T,depth
2026-08-05T09:48:41.382,03196T,depth
2026-08-05T09:48:41.382,03046T,depth
2026-08-05T09:48:41.382,03195T,depth
2026-08-05T09:48:41.382,03194T,depth
2026-08-05T09:48:41.382,03011T,depth
2026-08-05T09:48:41.813,03194T,depth
2026-08-05T09:48:41.892,03196T,depth
2026-08-05T09:48:41.892,03195T,depth
2026-08-05T09:48:41.892,03197T,depth
2026-08-05T09:48:41.958,03046T,depth
2026-08-05T09:48:42.381,03077T,depth
2026-08-05T09:48:42.455,03182T,depth
2026-08-05T09:48:42.518,03011T,depth
2026-08-05T09:48:43.425,03197T,depth
2026-08-05T09:48:43.489,03196T,depth
2026-08-05T09:48:43.489,03195T,depth
2026-08-05T09:48:43.489,03194T,depth
2026-08-05T09:48:43.502,03011T,depth
2026-08-05T09:48:43.502,03182T,depth
2026-08-05T09:48:43.502,03077T,depth
2026-08-05T09:48:43.505,03046T,depth
2026-08-05T09:48:43.505,03011T,depth
2026-08-05T09:48:43.505,03046T,depth
2026-08-05T09:48:43.509,03077T,depth
2026-08-05T09:48:43.510,03182T,depth
2026-08-05T09:48:43.920,03195T,depth
2026-08-05T09:48:43.990,03197T,depth
2026-08-05T09:48:43.990,03196T,depth
2026-08-05T09:48:43.990,03194T,depth
2026-08-05T09:48:44.053,03046T,depth
2026-08-05T09:48:44.055,03077T,depth
2026-08-05T09:48:44.055,03077T,depth
2026-08-05T09:48:44.055,03046T,depth
2026-08-05T09:48:44.645,03182T,depth
2026-08-05T09:48:44.721,03182T,depth
2026-08-05T09:48:44.721,03011T,depth
2026-08-05T09:48:44.799,03011T,depth
2026-08-05T09:48:45.281,03197T,depth
2026-08-05T09:48:45.358,03196T,depth
2026-08-05T09:48:45.358,03195T,depth
2026-08-05T09:48:45.358,03194T,depth
2026-08-05T09:48:45.802,03194T,depth
2026-08-05T09:48:45.877,03196T,depth
2026-08-05T09:48:45.877,03195T,depth
2026-08-05T09:48:45.879,03197T,depth
2026-08-05T09:48:46.119,03195T,depth
2026-08-05T09:48:46.195,03194T,depth
2026-08-05T09:48:46.197,03197T,depth
2026-08-05T09:48:46.197,03196T,depth
2026-08-05T09:48:46.652,03194T,depth
2026-08-05T09:48:46.718,03196T,depth
2026-08-05T09:48:46.720,03195T,depth
2026-08-05T09:48:46.720,03197T,depth
2026-08-05T09:48:47.624,03105T,depth
2026-08-05T09:48:47.682,03080T,depth
2026-08-05T09:48:47.682,03197T,depth
2026-08-05T09:48:47.687,03196T,depth
2026-08-05T09:48:47.687,03195T,depth
2026-08-05T09:48:47.687,03194T,depth
2026-08-05T09:48:48.152,03194T,depth
2026-08-05T09:48:48.230,03196T,depth
2026-08-05T09:48:48.230,03195T,depth
2026-08-05T09:48:48.230,03197T,depth
2026-08-05T09:48:49.335,03105T,depth
2026-08-05T09:48:49.397,03080T,depth
2026-08-05T09:48:50.638,03197T,depth
2026-08-05T09:48:50.707,03196T,depth
2026-08-05T09:48:50.707,03195T,depth
2026-08-05T09:48:50.707,03194T,depth
2026-08-05T09:48:51.173,03194T,depth
2026-08-05T09:48:51.236,03196T,depth
2026-08-05T09:48:51.236,03197T,depth
2026-08-05T09:48:51.236,03195T,depth
2026-08-05T09:48:51.936,03046T,depth
2026-08-05T09:48:52.006,03011T,depth
2026-08-05T09:48:52.006,03182T,depth
2026-08-05T09:48:52.006,03077T,depth
2026-08-05T09:48:52.758,03077T,depth
2026-08-05T09:48:52.854,03046T,depth
2026-08-05T09:48:53.141,03046T,depth
2026-08-05T09:48:53.225,03011T,depth
2026-08-05T09:48:53.225,03077T,depth
2026-08-05T09:48:53.225,03182T,depth
2026-08-05T09:48:53.327,03182T,depth
2026-08-05T09:48:53.393,03077T,depth
2026-08-05T09:48:53.393,03197T,depth
2026-08-05T09:48:53.393,03196T,depth
2026-08-05T09:48:53.393,03046T,depth
2026-08-05T09:48:53.393,03195T,depth
2026-08-05T09:48:53.393,03194T,depth
2026-08-05T09:48:53.393,03011T,depth
2026-08-05T09:48:53.697,03046T,depth
2026-08-05T09:48:53.772,03077T,depth
2026-08-05T09:48:53.845,03195T,depth
2026-08-05T09:48:53.914,03196T,depth
2026-08-05T09:48:53.914,03194T,depth
2026-08-05T09:48:53.914,03197T,depth
2026-08-05T09:48:54.420,03077T,depth
2026-08-05T09:48:54.483,03182T,depth
2026-08-05T09:48:54.485,03182T,depth
2026-08-05T09:48:54.485,03077T,depth
2026-08-05T09:48:54.485,03046T,depth
2026-08-05T09:48:54.485,03077T,depth
2026-08-05T09:48:54.485,03182T,depth
2026-08-05T09:48:54.485,03046T,depth
2026-08-05T09:48:54.548,03011T,depth
2026-08-05T09:48:54.548,03011T,depth
2026-08-05T09:48:54.612,03011T,depth
2026-08-05T09:48:55.053,03077T,depth
2026-08-05T09:48:55.116,03182T,depth
2026-08-05T09:48:55.117,03046T,depth
2026-08-05T09:48:55.118,03011T,depth
2026-08-05T09:48:56.145,03046T,depth
2026-08-05T09:48:56.221,03011T,depth
2026-08-05T09:48:56.223,03182T,depth
2026-08-05T09:48:56.296,03077T,depth
2026-08-05T09:49:00.867,03046T,depth
2026-08-05T09:49:00.924,03011T,depth
2026-08-05T09:49:00.924,03182T,depth
2026-08-05T09:49:00.931,03077T,depth
2026-08-05T09:49:01.121,03046T,depth
2026-08-05T09:49:01.200,03011T,depth
2026-08-05T09:49:01.200,03077T,depth
2026-08-05T09:49:01.200,03182T,depth
2026-08-05T09:49:02.035,03046T,depth
2026-08-05T09:49:02.101,03011T,depth
2026-08-05T09:49:02.101,03077T,depth
2026-08-05T09:49:02.101,03182T,depth
2026-08-05T09:49:02.419,03197T,depth
2026-08-05T09:49:02.486,03196T,depth
2026-08-05T09:49:02.486,03195T,depth
2026-08-05T09:49:02.486,03194T,depth
2026-08-05T09:49:02.663,03077T,depth
2026-08-05T09:49:02.727,03046T,depth
2026-08-05T09:49:02.727,03077T,depth
2026-08-05T09:49:02.727,03077T,depth
2026-08-05T09:49:02.792,03046T,depth
2026-08-05T09:49:03.011,03197T,depth
2026-08-05T09:49:03.075,03195T,depth
2026-08-05T09:49:03.075,03196T,depth
2026-08-05T09:49:03.075,03194T,depth
2026-08-05T09:49:03.224,03011T,depth
2026-08-05T09:49:03.288,03182T,depth
2026-08-05T09:49:03.288,03182T,depth
2026-08-05T09:49:03.288,03011T,depth
2026-08-05T09:49:03.352,03182T,depth
2026-08-05T09:49:03.352,03011T,depth
2026-08-05T09:49:04.298,03046T,depth
2026-08-05T09:49:04.377,030573,match
2026-08-05T09:49:04.377,030573,depth
2026-08-05T09:49:04.377,03077T,depth
2026-08-05T09:49:04.377,03182T,depth
2026-08-05T09:49:04.377,03011T,depth
2026-08-05T09:49:04.441,03182T,match
2026-08-05T09:49:04.441,03182T,depth
2026-08-05T09:49:04.443,030573,match
2026-08-05T09:49:04.443,030573,depth
2026-08-05T09:49:04.634,03046T,depth
2026-08-05T09:49:04.709,03011T,depth
2026-08-05T09:49:04.714,03182T,depth
2026-08-05T09:49:04.714,03077T,depth
2026-08-05T09:49:04.811,03011T,depth
2026-08-05T09:49:04.873,03182T,depth
2026-08-05T09:49:04.875,03077T,depth
2026-08-05T09:49:04.875,03046T,depth
2026-08-05T09:49:05.357,03195T,depth
2026-08-05T09:49:05.432,03194T,depth
2026-08-05T09:49:05.434,03197T,depth
2026-08-05T09:49:05.434,03196T,depth
2026-08-05T09:49:05.434,03182T,depth
2026-08-05T09:49:05.497,03077T,depth
2026-08-05T09:49:05.577,03046T,depth
2026-08-05T09:49:05.579,03077T,depth
2026-08-05T09:49:05.579,03046T,depth
2026-08-05T09:49:05.579,03077T,depth
2026-08-05T09:49:05.860,03197T,depth
2026-08-05T09:49:05.928,03195T,depth
2026-08-05T09:49:05.994,03196T,depth
2026-08-05T09:49:05.994,03194T,depth
2026-08-05T09:49:06.118,03011T,depth
2026-08-05T09:49:06.185,03011T,depth
2026-08-05T09:49:06.249,03011T,depth
2026-08-05T09:49:07.002,03046T,depth
2026-08-05T09:49:07.076,03077T,depth
2026-08-05T09:49:07.076,03011T,depth
2026-08-05T09:49:07.577,03046T,depth
2026-08-05T09:49:08.112,03077T,depth
2026-08-05T09:49:08.181,03011T,depth
2026-08-05T09:49:08.922,03046T,depth
2026-08-05T09:49:08.998,03077T,depth
2026-08-05T09:49:08.998,03011T,depth
2026-08-05T09:49:09.730,03046T,depth
2026-08-05T09:49:09.869,03077T,depth
2026-08-05T09:49:10.333,03011T,depth
2026-08-05T09:49:10.709,03077T,depth
2026-08-05T09:49:10.777,03197T,depth
2026-08-05T09:49:10.777,03196T,depth
2026-08-05T09:49:10.777,03046T,depth
2026-08-05T09:49:10.777,03195T,depth
2026-08-05T09:49:10.779,03194T,depth
2026-08-05T09:49:10.779,03011T,depth
2026-08-05T09:49:11.164,03077T,depth
2026-08-05T09:49:11.227,03046T,depth
2026-08-05T09:49:11.227,03011T,depth
2026-08-05T09:49:11.295,03196T,depth
2026-08-05T09:49:11.295,03046T,depth
2026-08-05T09:49:11.295,03197T,depth
2026-08-05T09:49:11.297,03077T,depth
2026-08-05T09:49:11.297,03194T,depth
2026-08-05T09:49:11.297,03011T,depth
2026-08-05T09:49:11.297,03195T,depth
